,DATESTAMP,INSTRUMENT_ID,LIST_SECTION,NPP,SUPERTYPE,INSTRUMENT_TYPE,INSTRUMENT_CATEGORY,TRADE_CODE,ISIN,REGISTRY_NUMBER,REGISTRY_DATE,EMITENT_FULL_NAME,INN,NOMINAL,CURRENCY,ISSUE_AMOUNT,DECISION_DATE,OKSM_EDR,ONLY_EMITENT_FULL_NAME,REG_COUNTRY,QUALIFIED_INVESTOR,HAS_PROSPECTUS,IS_CONCESSION_AGREEMENT,IS_MORTGAGE_AGENT,INCLUDED_DURING_CREATION,SECURITY_HAS_DEFAULT,SECURITY_HAS_TECH_DEFAULT,INCLUDED_WITHOUT_COMPLIANCE,RETAINED_WITHOUT_COMPLIANCE,HAS_RESTRICTION_CIRCULATION,LISTING_LEVEL_HIST,OBLIGATION_PROGRAM_RN,COUPON_PERCENT,EARLY_REPAYMENT,EARLY_REDEMPTION,ISS_BOARDS,OTHER_SECURITIES,DISCLOSURE_PART_PAGE,DISCLOSURE_RF_INFO_PAGE,INCLUDE_DATE,CFI_FOREIGN,ISIN_UNDERLYING_ASSET,CFI_UNDERLYING_ASSET,PIF_STATUS,PIF_STATUS_HIST,OBLIGATION_PROGRAM_DATE
0,24.03.2025 00:00:00,5771,Первый уровень,12,Акции,Акция обыкновенная,акции обыкновенные,CBOM,RU000A0JUG31,10101978B,18.08.1999 00:00:00,"""МОСКОВСКИЙ КРЕДИТНЫЙ БАНК"" (публичное акционерное общество)",7734202860,1,Рубль,33429709866,11.03.2014 00:00:00,,,,,+,,,,,,,,,"22.06.2015 Включение в Первый уровень 09.06.2014 Включение в Второй уровень 11.03.2014 Включение в Котировальный список ""В""",,,,,РПС: Акции - адрес. РЕПО в ин. валюте: USD РЕПО c облигациями Т+ Неполные лоты (акции) РЕПО с ЦК 1 день РЕПО с ЦК Адресное Т+ Акции и ДР РПС с ЦК: Акции и ДР - адрес. РЕПО в ин. валюте: EUR Поставка по СК (акции) РЕПО с ЦК 1 день (расч. в USD) РЕПО с ЦК 1 день (расч. в EUR) РЕПО с ЦК 7 дн. РЕПО с ЦК адр. (расч. в USD) РЕПО с ЦК адр.(расч. в EUR) РЕПО с ЦК 7 дней c расчетами в долларах США РЕПО с ЦК 7 дней c расчетами в евро Продажа обеспечения бирж.рынок - безадрес. РЕПО с ЦК адр. (расч. в CNY) РЕПО с ЦК 1 день (расч. в CNY) РЕПО в ин. валюте: CNY Урегулирование РЕПО с ЦК Нерезиденты - безадрес. РПС с ЦК Нерезиденты: Акции и ДР - адрес. Урегулирование с ЦК Нерезиденты - безадрес. РЕПО с ЦК 7 дн. (расч. в CNY) ОТС: Акции РПС с ЦК - адресные,"Облигация биржевая, 4B020801978B, RU000A0JV3K6 Облигация биржевая, 4B021201978B Облигация биржевая, 4B021301978B Облигация биржевая, 4B021401978B Облигация биржевая, 4B021501978B Облигация корпоративная, 41501978B, RU000A0ZZE87 Облигация биржевая, 4B020701978B001P Облигация биржевая, 4B02-15-01978-B-001P Облигация биржевая, 4B02-17-01978-B-001P, RU000A101YW6 Облигация биржевая, 4B02-18-01978-B-001P, RU000A101YX4 Облигация биржевая, 4B02-27-01978-B-001P, RU000A103GW9 Облигация корпоративная, 4-22-01978-B, RU000A107R03 Облигация корпоративная, 4-23-01978-B, RU000A107VV1 Облигация корпоративная, 4-27-01978-B, RU000A108L24 Облигация корпоративная, 4-26-01978-B, RU000A108LX6 Облигация корпоративная, 4-25-01978-B, RU000A108NQ6 Облигация корпоративная, 4-24-01978-B, RU000A108RN4",http:// www.mkb.ru,http://www.e-disclosure.ru/portal/company.aspx?id=202,22.06.2015 00:00:00,,,,,,
1,24.03.2025 00:00:00,3762,Первый уровень,23,Акции,Акция обыкновенная,акции обыкновенные,ALRS,RU0007252813,1-03-40046-N,25.08.2011 00:00:00,"Акционерная компания ""АЛРОСА"" (публичное акционерное общество)",1433000147,"0,5",Рубль,7364965630,23.11.2011 00:00:00,,,,,+,,,,,,,,,"09.06.2014 Включение в Первый уровень 02.10.2012 Включение в Котировальный список ""А"" первого уровня 17.04.2012 Включение в Котировальный список ""А"" второго уровня 23.11.2011 Включение в Перечень внесписочных ценных бумаг",,,,,РПС: Акции - адрес. РЕПО в ин. валюте: USD РЕПО c облигациями Т+ Неполные лоты (акции) РЕПО с ЦК 1 день РЕПО с ЦК Адресное Т+ Акции и ДР РПС с ЦК: Акции и ДР - адрес. РЕПО в ин. валюте: EUR Поставка по СК (акции) РЕПО с ЦК 1 день (расч. в USD) РЕПО с ЦК 1 день (расч. в EUR) РЕПО с ЦК 7 дн. РЕПО с ЦК адр. (расч. в USD) РЕПО с ЦК адр.(расч. в EUR) РЕПО с ЦК 7 дней c расчетами в долларах США РЕПО с ЦК 7 дней c расчетами в евро Продажа обеспечения бирж.рынок - безадрес. РЕПО с ЦК адр. (расч. в CNY) РЕПО с ЦК 1 день (расч. в CNY) РЕПО в ин. валюте: CNY Урегулирование РЕПО с ЦК Нерезиденты - безадрес. РПС с ЦК Нерезиденты: Акции и ДР - адрес. Урегулирование с ЦК Нерезиденты - безадрес. РЕПО с ЦК 7 дн. (расч. в CNY) ОТС: Акции РПС с ЦК - адресные,"Облигация биржевая, 4B02-03-40046-N, RU000A101PG7 Облигация биржевая, 4B02-04-40046-N, RU000A101PF9 Облигация биржевая, 4B02-05-40046-N, RU000A101PD4 Облигация биржевая, 4B02-06-40046-N, RU000A101PB8 Облигация биржевая, 4B02-07-40046-N, RU000A101PC6 Облигация корпоративная, 4-24-40046-N, RU000A108TV3 Облигация биржевая, 4B02-01-40046-N-001P, RU000A109L49 Облигация биржевая, 4B02-02-40046-N-001P, RU000A109SH2",http://www.alrosa.ru/инвесторам-и-акционерам/,https://e-disclosure.ru/portal/company.aspx?id=199,09.06.2014 00:00:00,,,,,,
2,24.03.2025 00:00:00,99,Первый уровень,103,Акции,Акция обыкновенная,акции обыкновенные,VTBR,RU000A0JP5V6,10401000B,29.09.2006 00:00:00,Банк ВТБ (публичное акционерное общество),7702070139,50,Рубль,5369933893,28.04.2007 00:00:00,,,,,+,,,,,,,,,"09.06.2014 Включение в Первый уровень 28.02.2013 Включение в Котировальный список ""А"" первого уровня 17.10.2007 Включение в Котировальный список ""Б"" 28.04.2007 Включение в Котировальный список ""В""",,,,,РПС: Акции - адрес. РЕПО c облигациями РЕПО с ЦК 1 день РЕПО с ЦК Адресное Т+ Акции и ДР РПС с ЦК: Акции и ДР - адрес. Поставка по СК (акции) РЕПО с ЦК 7 дн. Продажа обеспечения бирж.рынок - безадрес. РЕПО с ЦК адр. (расч. в CNY) РЕПО с ЦК 1 день (расч. в CNY) РЕПО в ин. валюте: CNY Урегулирование РЕПО с ЦК Нерезиденты - безадрес. РПС с ЦК Нерезиденты: Акции и ДР - адрес. Урегулирование с ЦК Нерезиденты - безадрес. РЕПО с ЦК 7 дн. (расч. в CNY) ОТС: Акции РПС с ЦК - адресные,"Облигация биржевая, 4B021101000B002P Облигация биржевая, 4B021201000B002P Облигация биржевая, 4B021301000B002P Облигация биржевая, 4B021401000B002P Облигация биржевая, 4B021501000B002P Облигация корпоративная, 40901000B, RU000A1014J2 Облигация биржевая, 4B02-62-01000-B-001P, RU000A101KE3 Облигация биржевая, 4B02-66-01000-B-001P, RU000A101MW1 Облигация биржевая, 4B02-68-01000-B-001P, RU000A101NX7 Облигация биржевая, 4B02-69-01000-B-001P, RU000A101P01 Облигация биржевая, 4B02-71-01000-B-001P, RU000A101PS2 Облигация биржевая, 4B02-79-01000-B-001P, RU000A101SN7 Облигация биржевая, 4B02-96-01000-B-001P, RU000A101VF7 Облигация биржевая, 4B02-97-01000-B-001P, RU000A101VG5 Облигация биржевая, 4B02-137-01000-B-001P, RU000A1027F2 Облигация биржевая, 4B02-138-01000-B-001P, RU000A1027G0 Облигация биржевая, 4B02-141-01000-B-001P, RU000A1027K2 Облигация биржевая, 4B02-142-01000-B-001P, RU000A1027L0 Облигация корпоративная, 4-01-01000-B-002P, RU000A102879 Облигация корпоративная, 4-02-01000-B-002P, RU000A102887 Облигация биржевая, 4B02-153-01000-B-001P, RU000A102EH7 Облигация биржевая, 4B02-184-01000-B-001P, RU000A0NNE69 Облигация биржевая, 4B02-187-01000-B-001P, RU000A0NNE93 Облигация биржевая, 4B02-188-01000-B-001P, RU000A0NNEA2 Облигация корпоративная, 4-01-01000-B-001P, RU000A102QJ7 Облигация корпоративная, 4-02-01000-B-001P, RU000A102QL3 Облигация корпоративная, 4-03-01000-B-001P, RU000A102QM1 Облигация корпоративная, 4-04-01000-B-001P, RU000A102QN9 Облигация биржевая, 4B02-216-01000-B-001P, RU000A103166 Облигация биржевая, 4B02-217-01000-B-001P, RU000A103174 Облигация корпоративная, 4-05-01000-B-001P, RU000A1034P7 Облигация корпоративная, 4-06-01000-B-001P, RU000A1034Q5 Облигация биржевая, 4B02-227-01000-B-001P, RU000A1034H4 Облигация биржевая, 4B02-232-01000-B-001P Облигация биржевая, 4B02-233-01000-B-001P Облигация биржевая, 4B02-234-01000-B-001P Облигация биржевая, 4B02-235-01000-B-001P Облигация биржевая, 4B02-241-01000-B-001P, RU000A103TW2 Облигация биржевая, 4B02-242-01000-B-001P, RU000A103TX0 Облигация биржевая, 4B02-243-01000-B-001P, RU000A103TY8 Облигация биржевая, 4B02-244-01000-B-001P, RU000A103TZ5 Облигация биржевая, 4B02-245-01000-B-001P, RU000A103U02 Облигация биржевая, 4B02-246-01000-B-001P, RU000A103U10 Облигация биржевая, 4B02-247-01000-B-001P, RU000A103U28 Облигация биржевая, 4B02-248-01000-B-001P, RU000A103U36 Облигация биржевая, 4B02-249-01000-B-001P, RU000A103U44 Облигация биржевая, 4B02-250-01000-B-001P, RU000A103U51 Облигация корпоративная, 4-07-01000-B-001P, RU000A103S71 Облигация корпоративная, 4-08-01000-B-001P, RU000A103S89 Облигация корпоративная, 4-09-01000-B-001P, RU000A103S97 Облигация корпоративная, 4-10-01000-B-001P, RU000A103SA0 Облигация корпоративная, 4-11-01000-B-001P, RU000A103SB8 Облигация корпоративная, 4-12-01000-B-001P, RU000A103SC6 Облигация биржевая, 4B02-254-01000-B-001P, RU000A103XS2 Облигация биржевая, 4B02-255-01000-B-001P, RU000A103XT0 Облигация биржевая, 4B02-256-01000-B-001P, RU000A103XU8 Облигация биржевая, 4B02-257-01000-B-001P, RU000A103XV6 Облигация биржевая, 4B02-258-01000-B-001P Облигация биржевая, 4B02-269-01000-B-001P Облигация биржевая, 4B02-270-01000-B-001P Облигация биржевая, 4B02-271-01000-B-001P Облигация биржевая, 4B02-272-01000-B-001P Облигация биржевая, 4B02-273-01000-B-001P Облигация биржевая, 4B02-274-01000-B-001P, RU000A1043P8 Облигация биржевая, 4B02-277-01000-B-001P Облигация биржевая, 4B02-285-01000-B-001P, RU000A104636 Облигация биржевая, 4B02-297-01000-B-001P Облигация биржевая, 4B02-298-01000-B-001P Облигация биржевая, 4B02-299-01000-B-001P Облигация биржевая, 4B02-289-01000-B-001P Облигация биржевая, 4B02-300-01000-B-001P Облигация биржевая, 4B02-290-01000-B-001P Облигация биржевая, 4B02-301-01000-B-001P Облигация биржевая, 4B02-302-01000-B-001P Облигация биржевая, 4B02-303-01000-B-001P Облигация биржевая, 4B02-291-01000-B-001P Облигация биржевая, 4B02-292-01000-B-001P, RU000A104DB8 Облигация биржевая, 4B02-293-01000-B-001P, RU000A104DC6 Облигация биржевая, 4B02-294-01000-B-001P, RU000A104DD4 Облигация биржевая, 4B02-295-01000-B-001P, RU000A104DE2 Облигация биржевая, 4B02-304-01000-B-001P Облигация биржевая, 4B02-296-01000-B-001P Облигация биржевая, 4B02-305-01000-B-001P Облигация биржевая, 4B02-306-01000-B-001P Облигация корпоративная, 4-13-01000-B-001P, RU000A104JW1 Облигация биржевая, 4B02-310-01000-B-001P Облигация биржевая, 4B02-314-01000-B-001P, RU000A1055Z1 Облигация биржевая, 4B02-315-01000-B-001P, RU000A1057Q6 Облигация биржевая, 4B02-316-01000-B-001P Облигация биржевая, 4B02-317-01000-B-001P Облигация биржевая, 4B02-321-01000-B-001P, RU000A105RQ3 Облигация биржевая, 4B02-322-01000-B-001P, RU000A106045 Облигация биржевая, 4B02-323-01000-B-001P, RU000A106A94 Облигация биржевая, 4B02-324-01000-B-001P, RU000A105PY1 Облигация биржевая, 4B02-326-01000-B-001P, RU000A1067N2 Облигация биржевая, 4B02-327-01000-B-001P, RU000A106FQ6 Облигация корпоративная, 6-252-01000-B-001P, RU000A0NNHL2 Облигация корпоративная, 6-475-01000-B-001P, RU000A0UD6J8 Облигация биржевая, 4B02-329-01000-B-001P, RU000A106M41 Облигация корпоративная, 6-518-01000-B-001P, RU000A1069H0 Облигация корпоративная, 6-519-01000-B-001P, RU000A1069J6 Облигация биржевая, 4B02-330-01000-B-001P, RU000A106MQ2 Облигация биржевая, 4B02-331-01000-B-001P Облигация биржевая, 4B02-332-01000-B-001P Облигация биржевая, 4B02-333-01000-B-001P Облигация биржевая, 4B02-334-01000-B-001P Облигация биржевая, 4B02-335-01000-B-001P Облигация биржевая, 4B02-336-01000-B-001P Облигация биржевая, 4B02-337-01000-B-001P Облигация биржевая, 4B02-338-01000-B-001P, RU000A106U33 Облигация биржевая, 4B02-339-01000-B-001P, RU000A106U41 Облигация биржевая, 4B02-340-01000-B-001P Облигация корпоративная, 6-627-01000-B-001P, RU000A0NRCD1 Облигация биржевая, 4B02-343-01000-B-001P Облигация биржевая, 4B02-342-01000-B-001P, RU000A106TM6 Облигация корпоративная, 6-662-01000-B-001P, RU000A0NRCJ8 Облигация корпоративная, 6-713-01000-B-001P, RU000A0NTYA7 Облигация корпоративная, 6-714-01000-B-001P, RU000A0NTYB5 Облигация корпоративная, 6-733-01000-B-001P, RU000A0NX2N4 Облигация корпоративная, 6-667-01000-B-001P, RU000A0NRCP5 Облигация корпоративная, 6-800-01000-B-001P, RU000A107407 Облигация биржевая, 4B02-346-01000-B-001P, RU000A107B35 Облигация биржевая, 4B02-351-01000-B-001P, RU000A107W55 Облигация биржевая, 4B02-352-01000-B-001P, RU000A108DM6 Облигация биржевая, 4B02-354-01000-B-001P, RU000A108PE7 Облигация корпоративная, 4-12-01000-B, RU000A1082Q4 Облигация корпоративная, 4-13-01000-B, RU000A1082P6 Облигация биржевая, 4B02-356-01000-B-001P, RU000A1094R7 Облигация биржевая, 4B02-359-01000-B-001P, RU000A109KL1 Облигация биржевая, 4B02-360-01000-B-001P, RU000A1095M5 Облигация биржевая, 4B02-361-01000-B-001P, RU000A109N96 Облигация биржевая, 4B02-362-01000-B-001P, RU000A109KJ5 Облигация биржевая, 4B02-363-01000-B-001P, RU000A109ZJ3 Облигация биржевая, 4B02-364-01000-B-001P, RU000A109ZK1 Облигация биржевая, 4B02-367-01000-B-001P Облигация биржевая, 4B02-368-01000-B-001P Облигация корпоративная, 6-1340-01000-B-001P, RU000A109P52 Облигация биржевая, 4B02-369-01000-B-001P Облигация биржевая, 4B02-370-01000-B-001P, RU000A10AY53 Облигация биржевая, 4B02-371-01000-B-001P, RU000A10AY61 Облигация биржевая, 4B02-372-01000-B-001P Облигация корпоративная, 6-1350-01000-B-001P, RU000A10A232 Облигация корпоративная, 6-1343-01000-B-001P, RU000A10A1W5 Облигация биржевая, 4B02-921-01000-B-005P, RU000A10B4G1 Облигация биржевая, 4B02-922-01000-B-005P, RU000A10B4S6 Облигация биржевая, 4B02-923-01000-B-005P, RU000A10B594 Облигация биржевая, 4B02-924-01000-B-005P Облигация биржевая, 4B02-925-01000-B-005P Облигация биржевая, 4B02-926-01000-B-005P Облигация биржевая, 4B02-927-01000-B-005P Облигация биржевая, 4B02-928-01000-B-005P Облигация биржевая, 4B02-929-01000-B-005P Облигация биржевая, 4B02-930-01000-B-005P Облигация биржевая, 4B02-931-01000-B-005P Облигация биржевая, 4B02-932-01000-B-005P Облигация биржевая, 4B02-933-01000-B-005P Облигация биржевая, 4B02-934-01000-B-005P Облигация биржевая, 4B02-935-01000-B-005P Облигация биржевая, 4B02-936-01000-B-005P Облигация биржевая, 4B02-937-01000-B-005P Облигация биржевая, 4B02-938-01000-B-005P Облигация биржевая, 4B02-939-01000-B-005P Облигация биржевая, 4B02-940-01000-B-005P Облигация биржевая, 4B02-941-01000-B-005P Облигация биржевая, 4B02-942-01000-B-005P Облигация биржевая, 4B02-943-01000-B-005P Облигация биржевая, 4B02-944-01000-B-005P Облигация биржевая, 4B02-945-01000-B-005P Облигация биржевая, 4B02-946-01000-B-005P Облигация биржевая, 4B02-947-01000-B-005P Облигация биржевая, 4B02-948-01000-B-005P Облигация биржевая, 4B02-949-01000-B-005P Облигация биржевая, 4B02-950-01000-B-005P Облигация биржевая, 4B02-951-01000-B-005P Облигация биржевая, 4B02-952-01000-B-005P Облигация биржевая, 4B02-953-01000-B-005P Облигация биржевая, 4B02-954-01000-B-005P Облигация биржевая, 4B02-955-01000-B-005P Облигация биржевая, 4B02-956-01000-B-005P Облигация биржевая, 4B02-957-01000-B-005P Облигация биржевая, 4B02-958-01000-B-005P Облигация биржевая, 4B02-959-01000-B-005P Облигация биржевая, 4B02-960-01000-B-005P Облигация биржевая, 4B02-961-01000-B-005P Облигация биржевая, 4B02-962-01000-B-005P Облигация биржевая, 4B02-963-01000-B-005P Облигация биржевая, 4B02-964-01000-B-005P Облигация биржевая, 4B02-965-01000-B-005P Облигация биржевая, 4B02-966-01000-B-005P Облигация биржевая, 4B02-967-01000-B-005P Облигация биржевая, 4B02-968-01000-B-005P Облигация биржевая, 4B02-969-01000-B-005P Облигация биржевая, 4B02-970-01000-B-005P Облигация биржевая, 4B02-971-01000-B-005P Облигация биржевая, 4B02-972-01000-B-005P Облигация биржевая, 4B02-973-01000-B-005P Облигация биржевая, 4B02-974-01000-B-005P Облигация биржевая, 4B02-975-01000-B-005P Облигация биржевая, 4B02-976-01000-B-005P Облигация биржевая, 4B02-977-01000-B-005P Облигация биржевая, 4B02-978-01000-B-005P Облигация биржевая, 4B02-979-01000-B-005P Облигация биржевая, 4B02-980-01000-B-005P Облигация биржевая, 4B02-981-01000-B-005P Облигация биржевая, 4B02-982-01000-B-005P Облигация биржевая, 4B02-983-01000-B-005P Облигация биржевая, 4B02-984-01000-B-005P Облигация биржевая, 4B02-985-01000-B-005P Облигация биржевая, 4B02-986-01000-B-005P Облигация биржевая, 4B02-987-01000-B-005P Облигация биржевая, 4B02-988-01000-B-005P Облигация биржевая, 4B02-989-01000-B-005P Облигация биржевая, 4B02-990-01000-B-005P Облигация биржевая, 4B02-991-01000-B-005P Облигация биржевая, 4B02-992-01000-B-005P Облигация биржевая, 4B02-993-01000-B-005P Облигация биржевая, 4B02-994-01000-B-005P Облигация биржевая, 4B02-995-01000-B-005P Облигация биржевая, 4B02-996-01000-B-005P Облигация биржевая, 4B02-997-01000-B-005P Облигация биржевая, 4B02-998-01000-B-005P Облигация биржевая, 4B02-999-01000-B-005P Облигация биржевая, 4B02-1000-01000-B-005P Облигация корпоративная, 6-1395-01000-B-001P, RU000A10A950 Облигация корпоративная, 6-1400-01000-B-001P, RU000A10A9A4 Облигация корпоративная, 6-1396-01000-B-001P, RU000A10A968 Облигация корпоративная, 6-1397-01000-B-001P, RU000A10A976 Облигация биржевая, 4B02-373-01000-B-001P, RU000A10ABH1 Облигация корпоративная, 6-1348-01000-B-001P, RU000A10A216 Облигация корпоративная, 6-1409-01000-B-001P, RU000A10AJQ5 Облигация корпоративная, 6-1410-01000-B-001P, RU000A10AJR3 Облигация корпоративная, 6-1421-01000-B-001P, RU000A10AR52 Облигация корпоративная, 6-1422-01000-B-001P, RU000A10AR60 Облигация корпоративная, 6-1423-01000-B-001P, RU000A10AR78 Облигация корпоративная, 6-1424-01000-B-001P, RU000A10AR86 Облигация корпоративная, 6-1425-01000-B-001P, RU000A10AR94 Облигация корпоративная, 6-1451-01000-B-001P, RU000A10AWX4 Облигация корпоративная, 6-1452-01000-B-001P, RU000A10AWY2 Облигация корпоративная, 6-1453-01000-B-001P, RU000A10AWZ9 Облигация корпоративная, 6-1454-01000-B-001P, RU000A10AX05 Облигация корпоративная, 6-1455-01000-B-001P, RU000A10AX13 Облигация биржевая, 4B02-374-01000-B-001P, RU000A10B271",http://www.vtb.ru,http://www.e-disclosure.ru/portal/company.aspx?id=1210,09.06.2014 00:00:00,,,,,,
3,24.03.2025 00:00:00,14438,Первый уровень,133,Акции,Акция обыкновенная,акции обыкновенные,MDMG,RU000A108KL3,1-01-16802-A,13.05.2024 00:00:00,"Международная Компания Публичное Акционерное Общество ""МД Медикал Груп Инвестментс""",3900026494,"7,16872",Рубль,75125010,05.11.2020 00:00:00,,,,,+,,,,,,,+,,05.11.2020 Включение в Первый уровень,,,,,РПС: Акции - адрес. РЕПО в ин. валюте: USD РЕПО c облигациями РЕПО с ЦК 1 день РЕПО с ЦК Адресное Т+ Акции и ДР РПС с ЦК: Акции и ДР - адрес. РЕПО в ин. валюте: EUR РЕПО с ЦК 1 день (расч. в USD) РЕПО с ЦК 1 день (расч. в EUR) РЕПО с ЦК 7 дн. РЕПО с ЦК адр. (расч. в USD) РЕПО с ЦК адр.(расч. в EUR) РЕПО с ЦК 7 дней c расчетами в долларах США РЕПО с ЦК 7 дней c расчетами в евро Продажа обеспечения бирж.рынок - безадрес. РЕПО с ЦК адр. (расч. в CNY) РЕПО с ЦК 1 день (расч. в CNY) РЕПО в ин. валюте: CNY Урегулирование РЕПО с ЦК Нерезиденты - безадрес. РПС с ЦК Нерезиденты: Акции и ДР - адрес. Урегулирование с ЦК Нерезиденты - безадрес. РЕПО с ЦК 7 дн. (расч. в CNY) ОТС: Акции РПС с ЦК - адресные,,https://www.mcclinics.ru/,https://e-disclosure.ru/portal/company.aspx?id=39129,05.11.2020 00:00:00,,,,,,
4,24.03.2025 00:00:00,15411,Первый уровень,134,Акции,Акция обыкновенная,акции обыкновенные,GEMC,RU000A107JE2,1-01-16774-A,18.12.2023 00:00:00,Международная Компания Публичное Акционерное Общество Юнайтед Медикал Груп,3900020125,"0,03721404",Рубль,90000000,06.07.2021 00:00:00,,,,,+,,,,,,,+,,15.07.2021 Включение в Первый уровень,,,,,РПС: Акции - адрес. РЕПО в ин. валюте: USD РЕПО c облигациями РЕПО с ЦК 1 день РЕПО с ЦК Адресное Т+ Акции и ДР РПС с ЦК: Акции и ДР - адрес. РЕПО в ин. валюте: EUR РЕПО с ЦК 1 день (расч. в USD) РЕПО с ЦК 1 день (расч. в EUR) РЕПО с ЦК 7 дн. РЕПО с ЦК адр. (расч. в USD) РЕПО с ЦК адр.(расч. в EUR) РЕПО с ЦК 7 дней c расчетами в долларах США РЕПО с ЦК 7 дней c расчетами в евро Продажа обеспечения бирж.рынок - безадрес. РЕПО с ЦК адр. (расч. в CNY) РЕПО с ЦК 1 день (расч. в CNY) РЕПО в ин. валюте: CNY Урегулирование РЕПО с ЦК Нерезиденты - безадрес. РПС с ЦК Нерезиденты: Акции и ДР - адрес. Урегулирование с ЦК Нерезиденты - безадрес. РЕПО с ЦК 7 дн. (расч. в CNY) ОТС: Акции РПС с ЦК - адресные,,https://www.emcinvestors.ru/,https://www.e-disclosure.ru/portal/company.aspx?id=38456,15.07.2021 00:00:00,,,,,,
5,24.03.2025 00:00:00,12732,Первый уровень,135,Акции,Акция обыкновенная,акции обыкновенные,VKCO,RU000A106YF0,1-01-16753-A,11.09.2023 00:00:00,"Международная компания Публичное акционерное общество ""ВК""",3900015862,"0,000450595",Рубль,227874940,29.06.2020 00:00:00,,,,,,,,,,,,,,29.06.2020 Включение в Первый уровень,,,,,РПС: Акции - адрес. РЕПО в ин. валюте: USD РЕПО c облигациями РЕПО с ЦК 1 день РЕПО с ЦК Адресное Т+ Акции и ДР РПС с ЦК: Акции и ДР - адрес. РЕПО в ин. валюте: EUR Поставка по СК (акции) РЕПО с ЦК 1 день (расч. в USD) РЕПО с ЦК 1 день (расч. в EUR) РЕПО с ЦК 7 дн. РЕПО с ЦК адр. (расч. в USD) РЕПО с ЦК адр.(расч. в EUR) РЕПО с ЦК 7 дней c расчетами в долларах США РЕПО с ЦК 7 дней c расчетами в евро Продажа обеспечения бирж.рынок - безадрес. РЕПО с ЦК адр. (расч. в CNY) РЕПО с ЦК 1 день (расч. в CNY) РЕПО в ин. валюте: CNY Урегулирование РЕПО с ЦК Нерезиденты - безадрес. РПС с ЦК Нерезиденты: Акции и ДР - адрес. Урегулирование с ЦК Нерезиденты - безадрес. РЕПО с ЦК 7 дн. (расч. в CNY) ОТС: Акции РПС с ЦК - адресные,,https://vk.company/ru/investors/news/,https://e-disclosure.ru/portal/company.aspx?id=38965,29.06.2020 00:00:00,,,,,,
6,24.03.2025 00:00:00,15676,Первый уровень,136,Акции,Акция обыкновенная,акции обыкновенные,LENT,RU000A102S15,1-01-16686-A,08.02.2021 00:00:00,"Международная компания публичное акционерное общество ""Лента""",3906399157,"0,0912632",Рубль,115985197,26.11.2021 00:00:00,,,,,+,,,,,,,,,26.11.2021 Включение в Первый уровень,,,,,РПС: Акции - адрес. РЕПО в ин. валюте: USD РЕПО c облигациями РЕПО с ЦК 1 день РЕПО с ЦК Адресное Т+ Акции и ДР РПС с ЦК: Акции и ДР - адрес. РЕПО в ин. валюте: EUR РЕПО с ЦК 1 день (расч. в USD) РЕПО с ЦК 1 день (расч. в EUR) РЕПО с ЦК 7 дн. РЕПО с ЦК адр. (расч. в USD) РЕПО с ЦК адр.(расч. в EUR) РЕПО с ЦК 7 дней c расчетами в долларах США РЕПО с ЦК 7 дней c расчетами в евро Продажа обеспечения бирж.рынок - безадрес. РЕПО с ЦК адр. (расч. в CNY) РЕПО с ЦК 1 день (расч. в CNY) РЕПО в ин. валюте: CNY Урегулирование РЕПО с ЦК Нерезиденты - безадрес. РПС с ЦК Нерезиденты: Акции и ДР - адрес. Урегулирование с ЦК Нерезиденты - безадрес. РЕПО с ЦК 7 дн. (расч. в CNY) ОТС: Акции РПС с ЦК - адресные,,http://www.lentainvestor.com/ru,https://www.e-disclosure.ru/portal/company.aspx?id=38380,26.11.2021 00:00:00,,,,,,
7,24.03.2025 00:00:00,8787,Первый уровень,137,Акции,Акция обыкновенная,акции обыкновенные,RUAL,RU000A1025V3,1-01-16677-A,03.09.2020 00:00:00,"Международная компания публичное акционерное общество ""Объединённая Компания ""РУСАЛ""""",3906394938,"0,656517",Рубль,15193014862,23.03.2015 00:00:00,,,,,+,,,,,,,,,23.03.2015 Включение в Первый уровень,,,,,РПС: Акции - адрес. РЕПО в ин. валюте: USD РЕПО c облигациями Т+ Неполные лоты (акции) РЕПО с ЦК 1 день РЕПО с ЦК Адресное Т+ Акции и ДР РПС с ЦК: Акции и ДР - адрес. РЕПО в ин. валюте: EUR Поставка по СК (акции) РЕПО с ЦК 1 день (расч. в USD) РЕПО с ЦК 1 день (расч. в EUR) РЕПО с ЦК 7 дн. РЕПО с ЦК адр. (расч. в USD) РЕПО с ЦК адр.(расч. в EUR) РЕПО с ЦК 7 дней c расчетами в долларах США РЕПО с ЦК 7 дней c расчетами в евро Продажа обеспечения бирж.рынок - безадрес. РЕПО с ЦК адр. (расч. в CNY) РЕПО с ЦК 1 день (расч. в CNY) РЕПО в ин. валюте: CNY Урегулирование РЕПО с ЦК Нерезиденты - безадрес. РПС с ЦК Нерезиденты: Акции и ДР - адрес. Урегулирование с ЦК Нерезиденты - безадрес. РЕПО с ЦК 7 дн. (расч. в CNY) ОТС: Акции РПС с ЦК - адресные,"Облигация биржевая, 4B02-01-16677-A Облигация биржевая, 4B02-02-16677-A Облигация биржевая, 4B02-03-16677-A Облигация биржевая, 4B02-04-16677-A Облигация биржевая, 4B02-05-16677-A, RU000A105104 Облигация биржевая, 4B02-06-16677-A, RU000A105112 Облигация биржевая, 4B02-01-16677-A-001P, RU000A105C44 Облигация биржевая, 4B02-02-16677-A-001P, RU000A105PQ7 Облигация биржевая, 4B02-03-16677-A-001P, RU000A105Q06 Облигация биржевая, 4B02-04-16677-A-001P, RU000A106V57 Облигация биржевая, 4B02-05-16677-A-001P, RU000A1076U8 Облигация биржевая, 4B02-06-16677-A-001P, RU000A107RH8 Облигация биржевая, 4B02-07-16677-A-001P, RU000A1089K2 Облигация биржевая, 4B02-08-16677-A-001P, RU000A1094G0 Облигация биржевая, 4B02-09-16677-A-001P, RU000A108VW7 Облигация биржевая, 4B02-10-16677-A-001P, RU000A109JZ3 Облигация биржевая, 4B02-11-16677-A-001P, RU000A109JY6 Облигация биржевая, 4B02-12-16677-A-001P Облигация биржевая, 4B02-13-16677-A-001P",https://www.rusal.ru,https://e-disclosure.ru/portal/company.aspx?id=38288,23.03.2015 00:00:00,,,,,,
8,24.03.2025 00:00:00,12728,Первый уровень,138,Акции,Акция обыкновенная,акции обыкновенные,T,RU000A107UL4,1-01-16784-A,08.02.2024 00:00:00,"Международная компания публичное акционерное общество ""Т-Технологии""",2540283195,"3,639384",Рубль,268274786,23.10.2019 00:00:00,,,,,+,,,,,,,+,,23.10.2019 Включение в Первый уровень,,,,,РПС: Акции - адрес. РЕПО в ин. валюте: USD РЕПО c облигациями РЕПО с ЦК 1 день РЕПО с ЦК Адресное Т+ Акции и ДР РПС с ЦК: Акции и ДР - адрес. РЕПО в ин. валюте: EUR Поставка по СК (акции) РЕПО с ЦК 1 день (расч. в USD) РЕПО с ЦК 1 день (расч. в EUR) РЕПО с ЦК 7 дн. РЕПО с ЦК адр. (расч. в USD) РЕПО с ЦК адр.(расч. в EUR) РЕПО с ЦК 7 дней c расчетами в долларах США РЕПО с ЦК 7 дней c расчетами в евро Продажа обеспечения бирж.рынок - безадрес. РЕПО с ЦК адр. (расч. в CNY) РЕПО с ЦК 1 день (расч. в CNY) РЕПО в ин. валюте: CNY Урегулирование РЕПО с ЦК Нерезиденты - безадрес. РПС с ЦК Нерезиденты: Акции и ДР - адрес. Урегулирование с ЦК Нерезиденты - безадрес. РЕПО с ЦК 7 дн. (расч. в CNY) ОТС: Акции РПС с ЦК - адресные,,https://t-technologies.ru/press-releases/,https://T-Technologies.e-disclosure.ru,23.10.2019 00:00:00,,,,,,
9,24.03.2025 00:00:00,20983,Первый уровень,139,Акции,Акция обыкновенная,акции обыкновенные,HEAD,RU000A107662,1-01-16755-A,02.10.2023 00:00:00,"Международная компания публичное акционерное общество ""Хэдхантер""",3900016369,1,Рубль,47184918,13.08.2024 00:00:00,,,,,+,,,,,,,,,16.08.2024 Включение в Первый уровень,,,,,РПС: Акции - адрес. РЕПО c облигациями РЕПО с ЦК 1 день РЕПО с ЦК Адресное Т+ Акции и ДР РПС с ЦК: Акции и ДР - адрес. РЕПО с ЦК 7 дн. Продажа обеспечения бирж.рынок - безадрес. РЕПО с ЦК адр. (расч. в CNY) РЕПО с ЦК 1 день (расч. в CNY) РЕПО в ин. валюте: CNY Урегулирование РЕПО с ЦК Нерезиденты - безадрес. РПС с ЦК Нерезиденты: Акции и ДР - адрес. Урегулирование с ЦК Нерезиденты - безадрес. РЕПО с ЦК 7 дн. (расч. в CNY),,https://investor.hh.ru/,https://e-disclosure.ru/portal/files.aspx?id=39017,16.08.2024 00:00:00,,,,,,
10,24.03.2025 00:00:00,21871,Первый уровень,140,Акции,Акция обыкновенная,акции обыкновенные,CNRU,RU000A10ANA1,1-01-16918-A,19.09.2024 00:00:00,"Международная компания публичное акционерное общество ""ЦИАН ТЕХНОЛОДЖИ ЛТД""",3900031141,"0,0337",Рубль,77670490,06.02.2025 00:00:00,,,,,+,,,,,,,,,07.02.2025 Включение в Первый уровень,,,,,РПС: Акции - адрес. РЕПО c облигациями РЕПО с ЦК 1 день РЕПО с ЦК Адресное Т+ Акции и ДР РПС с ЦК: Акции и ДР - адрес. Поставка по СК (акции) РЕПО с ЦК 7 дн. Продажа обеспечения бирж.рынок - безадрес. РЕПО с ЦК адр. (расч. в CNY) РЕПО с ЦК 1 день (расч. в CNY) РЕПО в ин. валюте: CNY Урегулирование РЕПО с ЦК Нерезиденты - безадрес. РПС с ЦК Нерезиденты: Акции и ДР - адрес. Урегулирование с ЦК Нерезиденты - безадрес. РЕПО с ЦК 7 дн. (расч. в CNY) ОТС: Акции РПС с ЦК - адресные,,https://ir.ciangroup.ru/ru/financials/regulatory-news/,https://e-disclosure.ru/portal/company.aspx?id=39286,07.02.2025 00:00:00,,,,,,
11,24.03.2025 00:00:00,10856,Первый уровень,141,Акции,Акция обыкновенная,акции обыкновенные,ENPG,RU000A100K72,1-01-16625-A,24.06.2019 00:00:00,"Международная компания публичное акционерное общество ""ЭН+ ГРУП""",3906382033,"0,00007",Доллар США,638848896,17.02.2020 00:00:00,,,,,+,,,,,,,,,17.02.2020 Включение в Первый уровень,,,,,РПС: Акции - адрес. РЕПО в ин. валюте: USD РЕПО c облигациями РЕПО с ЦК 1 день РЕПО с ЦК Адресное Т+ Акции и ДР РПС с ЦК: Акции и ДР - адрес. РЕПО в ин. валюте: EUR РЕПО с ЦК 1 день (расч. в USD) РЕПО с ЦК 1 день (расч. в EUR) РЕПО с ЦК 7 дн. РЕПО с ЦК адр. (расч. в USD) РЕПО с ЦК адр.(расч. в EUR) РЕПО с ЦК 7 дней c расчетами в долларах США РЕПО с ЦК 7 дней c расчетами в евро Продажа обеспечения бирж.рынок - безадрес. РЕПО с ЦК адр. (расч. в CNY) РЕПО с ЦК 1 день (расч. в CNY) РЕПО в ин. валюте: CNY Урегулирование РЕПО с ЦК Нерезиденты - безадрес. РПС с ЦК Нерезиденты: Акции и ДР - адрес. Урегулирование с ЦК Нерезиденты - безадрес. РЕПО с ЦК 7 дн. (расч. в CNY) ОТС: Акции РПС с ЦК - адресные,,https://www.enplusgroup.com,https://www.e-disclosure.ru/portal/company.aspx?id=37955,17.02.2020 00:00:00,,,,,,
12,24.03.2025 00:00:00,20360,Первый уровень,142,Акции,Акция обыкновенная,акции обыкновенные,YDEX,RU000A107T19,1-01-16777-A,25.12.2023 00:00:00,"Международная компания публичное акционерное общество ""ЯНДЕКС""",3900019850,"0,4",Рубль,390548277,01.04.2024 00:00:00,,,,,+,,,,,,,,,08.07.2024 Включение в Первый уровень,,,,,РПС: Акции - адрес. РЕПО в ин. валюте: USD РЕПО c облигациями РЕПО с ЦК 1 день РЕПО с ЦК Адресное Т+ Акции и ДР РПС с ЦК: Акции и ДР - адрес. РЕПО в ин. валюте: EUR Поставка по СК (акции) РЕПО с ЦК 1 день (расч. в USD) РЕПО с ЦК 1 день (расч. в EUR) РЕПО с ЦК 7 дн. РЕПО с ЦК адр. (расч. в USD) РЕПО с ЦК адр.(расч. в EUR) РЕПО с ЦК 7 дней c расчетами в долларах США РЕПО с ЦК 7 дней c расчетами в евро Продажа обеспечения бирж.рынок - безадрес. РЕПО с ЦК адр. (расч. в CNY) РЕПО с ЦК 1 день (расч. в CNY) РЕПО в ин. валюте: CNY Урегулирование РЕПО с ЦК Нерезиденты - безадрес. РПС с ЦК Нерезиденты: Акции и ДР - адрес. Урегулирование с ЦК Нерезиденты - безадрес. РЕПО с ЦК 7 дн. (расч. в CNY) ОТС: Акции РПС с ЦК - адресные,,https://ir.yandex.ru/MKPAO,https://www.e-disclosure.ru/portal/company.aspx?id=39059,08.07.2024 00:00:00,,,,,,
13,24.03.2025 00:00:00,150,Первый уровень,426,Акции,Акция обыкновенная,акции обыкновенные,BSPB,RU0009100945,10300436B,19.11.1992 00:00:00,"ПУБЛИЧНОЕ АКЦИОНЕРНОЕ ОБЩЕСТВО ""БАНК ""САНКТ-ПЕТЕРБУРГ""",7831000027,1,Рубль,457544031,12.10.2007 00:00:00,,,,,+,,,,,,,,,"28.10.2016 Включение в Первый уровень 09.06.2014 Включение в Второй уровень 12.10.2007 Включение в Котировальный список ""Б""",,,,,РПС: Акции - адрес. РЕПО в ин. валюте: USD РЕПО c облигациями Т+ Неполные лоты (акции) РЕПО с ЦК 1 день РЕПО с ЦК Адресное Т+ Акции и ДР РПС с ЦК: Акции и ДР - адрес. РЕПО в ин. валюте: EUR Поставка по СК (акции) РЕПО с ЦК 1 день (расч. в USD) РЕПО с ЦК 1 день (расч. в EUR) РЕПО с ЦК 7 дн. РЕПО с ЦК адр. (расч. в USD) РЕПО с ЦК адр.(расч. в EUR) РЕПО с ЦК 7 дней c расчетами в долларах США РЕПО с ЦК 7 дней c расчетами в евро Продажа обеспечения бирж.рынок - безадрес. РЕПО с ЦК адр. (расч. в CNY) РЕПО с ЦК 1 день (расч. в CNY) РЕПО в ин. валюте: CNY Урегулирование РЕПО с ЦК Нерезиденты - безадрес. РПС с ЦК Нерезиденты: Акции и ДР - адрес. Урегулирование с ЦК Нерезиденты - безадрес. РЕПО с ЦК 7 дн. (расч. в CNY) ОТС: Акции РПС с ЦК - адресные,"Акция привилегированная, 20100436B, RU000A0JP0U9",https://www.bspb.ru,http://www.e-disclosure.ru/portal/company.aspx?id=3935,28.10.2016 00:00:00,,,,,,
14,24.03.2025 00:00:00,2855,Первый уровень,432,Акции,Акция обыкновенная,акции обыкновенные,AQUA,RU000A0JQTS3,1-01-04461-D,03.03.2008 00:00:00,"Публичное  акционерное общество ""ИНАРКТИКА""",7816430057,100,Рубль,87876649,08.04.2010 00:00:00,,,,,+,,,,,,,,,"16.10.2023 Включение в Первый уровень 09.06.2014 Включение в Второй уровень 09.08.2010 Включение в Котировальный список ""Б"" 08.04.2010 Включение в Перечень внесписочных ценных бумаг",,,,,РПС: Акции - адрес. РЕПО в ин. валюте: USD РЕПО c облигациями РЕПО с ЦК 1 день РЕПО с ЦК Адресное Т+ Акции и ДР РПС с ЦК: Акции и ДР - адрес. РЕПО в ин. валюте: EUR РЕПО с ЦК 1 день (расч. в USD) РЕПО с ЦК 1 день (расч. в EUR) РЕПО с ЦК 7 дн. РЕПО с ЦК адр. (расч. в USD) РЕПО с ЦК адр.(расч. в EUR) РЕПО с ЦК 7 дней c расчетами в долларах США РЕПО с ЦК 7 дней c расчетами в евро Продажа обеспечения бирж.рынок - безадрес. РЕПО с ЦК адр. (расч. в CNY) РЕПО с ЦК 1 день (расч. в CNY) РЕПО в ин. валюте: CNY Урегулирование РЕПО с ЦК Нерезиденты - безадрес. РПС с ЦК Нерезиденты: Акции и ДР - адрес. Урегулирование с ЦК Нерезиденты - безадрес. РЕПО с ЦК 7 дн. (расч. в CNY) ОТС: Акции РПС с ЦК - адресные,"Облигация биржевая, 4B02-01-04461-D-002P, RU000A107W48",https://inarctica.com/investors/information-disclosure/,http://www.e-disclosure.ru/portal/company.aspx?id=17531,16.10.2023 00:00:00,,,,,,
15,24.03.2025 00:00:00,136,Первый уровень,434,Акции,Акция обыкновенная,акции обыкновенные,AFKS,RU000A0DQZE3,1-05-01669-A,01.11.2007 00:00:00,"Публичное акционерное общество ""Акционерная финансовая корпорация ""Система""",7703104630,"0,09",Рубль,9650000000,11.12.2007 00:00:00,,,,,+,,,,,,,,,"09.06.2014 Включение в Первый уровень 08.04.2014 Включение в Котировальный список ""А"" второго уровня 04.06.2008 Включение в Котировальный список ""Б"" 11.12.2007 Включение в Котировальный список ""В""",,,,,РПС: Акции - адрес. РЕПО в ин. валюте: USD РЕПО c облигациями Т+ Неполные лоты (акции) РЕПО с ЦК 1 день РЕПО с ЦК Адресное Т+ Акции и ДР РПС с ЦК: Акции и ДР - адрес. РЕПО в ин. валюте: EUR Поставка по СК (акции) РЕПО с ЦК 1 день (расч. в USD) РЕПО с ЦК 1 день (расч. в EUR) РЕПО с ЦК 7 дн. РЕПО с ЦК адр. (расч. в USD) РЕПО с ЦК адр.(расч. в EUR) РЕПО с ЦК 7 дней c расчетами в долларах США РЕПО с ЦК 7 дней c расчетами в евро Продажа обеспечения бирж.рынок - безадрес. РЕПО с ЦК адр. (расч. в CNY) РЕПО с ЦК 1 день (расч. в CNY) РЕПО в ин. валюте: CNY Урегулирование РЕПО с ЦК Нерезиденты - безадрес. РПС с ЦК Нерезиденты: Акции и ДР - адрес. Урегулирование с ЦК Нерезиденты - безадрес. РЕПО с ЦК 7 дн. (расч. в CNY) ОТС: Акции РПС с ЦК - адресные,"Облигация биржевая, 4B02-01-01669-A-001P, RU000A0JVUK8 Облигация биржевая, 4B02-02-01669-A-001P, RU000A0JVXZ0 Облигация биржевая, 4B02-04-01669-A-001P, RU000A0JWYQ5 Облигация биржевая, 4B02-05-01669-A-001P, RU000A0JWZY6 Облигация биржевая, 4B02-06-01669-A-001P, RU000A0JXN21 Облигация биржевая, 4B02-07-01669-A-001P, RU000A0ZYQY7 Облигация биржевая, 4B02-08-01669-A-001P, RU000A0ZYWU3 Облигация биржевая, 4B02-09-01669-A-001P, RU000A1005L6 Облигация биржевая, 4B02-10-01669-A-001P, RU000A1008J4 Облигация биржевая, 4B02-11-01669-A-001P, RU000A100N12 Облигация биржевая, 4B02-12-01669-A-001P, RU000A101012 Облигация биржевая, 4B02-13-01669-A-001P, RU000A101Q26 Облигация биржевая, 4B02-14-01669-A-001P, RU000A101XN7 Облигация биржевая, 4B02-15-01669-A-001P, RU000A1023K1 Облигация биржевая, 4B02-16-01669-A-001P, RU000A102FS1 Облигация биржевая, 4B02-17-01669-A-001P, RU000A102FT9 Облигация биржевая, 4B02-18-01669-A-001P, RU000A102SV8 Облигация биржевая, 4B02-19-01669-A-001P, RU000A102SX4 Облигация биржевая, 4B02-20-01669-A-001P, RU000A103372 Облигация биржевая, 4B02-21-01669-A-001P, RU000A103C95 Облигация биржевая, 4B02-22-01669-A-001P, RU000A103P33 Облигация биржевая, 4B02-23-01669-A-001P, RU000A104693 Облигация биржевая, 4B02-24-01669-A-001P, RU000A105L27 Облигация биржевая, 4B02-25-01669-A-001P Облигация биржевая, 4B02-26-01669-A-001P, RU000A106Z46 Облигация биржевая, 4B02-27-01669-A-001P, RU000A107GX8 Облигация биржевая, 4B02-28-01669-A-001P, RU000A107SM6 Облигация биржевая, 4B02-29-01669-A-001P, RU000A108GL1 Облигация биржевая, 4B02-30-01669-A-001P, RU000A108GN7 Облигация биржевая, 4B02-31-01669-A-001P, RU000A1098F3 Облигация биржевая, 4B02-01-01669-A-002P, RU000A10B024",https://sistema.ru/investors-and-shareholders/disclosure,http://www.e-disclosure.ru/portal/company.aspx?id=4772,09.06.2014 00:00:00,,,,,,
16,24.03.2025 00:00:00,180,Первый уровень,464,Акции,Акция обыкновенная,акции обыкновенные,AFLT,RU0009062285,1-01-00010-A,23.01.2004 00:00:00,"Публичное акционерное общество ""Аэрофлот – российские авиалинии""",7712040126,1,Рубль,3975771215,09.08.2007 00:00:00,,,,,+,,,,,,,,,"09.06.2014 Включение в Первый уровень 31.10.2013 Включение в Котировальный список ""А"" первого уровня 08.05.2013 Включение в Котировальный список ""А"" второго уровня 09.08.2007 Включение в Котировальный список ""А"" первого уровня",,,,,РПС: Акции - адрес. РЕПО в ин. валюте: USD РЕПО c облигациями Т+ Неполные лоты (акции) РЕПО с ЦК 1 день РЕПО с ЦК Адресное Т+ Акции и ДР РПС с ЦК: Акции и ДР - адрес. РЕПО в ин. валюте: EUR Поставка по СК (акции) РЕПО с ЦК 1 день (расч. в USD) РЕПО с ЦК 1 день (расч. в EUR) РЕПО с ЦК 7 дн. РЕПО с ЦК адр. (расч. в USD) РЕПО с ЦК адр.(расч. в EUR) РЕПО с ЦК 7 дней c расчетами в долларах США РЕПО с ЦК 7 дней c расчетами в евро Продажа обеспечения бирж.рынок - безадрес. РЕПО с ЦК адр. (расч. в CNY) РЕПО с ЦК 1 день (расч. в CNY) РЕПО в ин. валюте: CNY Урегулирование РЕПО с ЦК Нерезиденты - безадрес. РПС с ЦК Нерезиденты: Акции и ДР - адрес. Урегулирование с ЦК Нерезиденты - безадрес. РЕПО с ЦК 7 дн. (расч. в CNY) ОТС: Акции РПС с ЦК - адресные,"Облигация биржевая, 4B02-01-00010-A-001P, RU000A103943",https://www.aeroflot.ru/ru-ru,http://disclosure.skrin.ru/disclosure/7712040126,09.06.2014 00:00:00,,,,,,
17,24.03.2025 00:00:00,20806,Первый уровень,466,Акции,Акция обыкновенная,акции обыкновенные,VSEH,RU000A108K09,1-01-06636-G,25.03.2024 00:00:00,"Публичное акционерное общество ""ВИ.ру""",3300010559,"0,01",Рубль,500000000,26.06.2024 00:00:00,,,,,+,,,,,,,,,05.07.2024 Включение в Первый уровень,,,,,РПС: Акции - адрес. РЕПО в ин. валюте: USD РЕПО c облигациями РЕПО с ЦК 1 день РЕПО с ЦК Адресное Т+ Акции и ДР РПС с ЦК: Акции и ДР - адрес. РЕПО в ин. валюте: EUR Поставка по СК (акции) РЕПО с ЦК 1 день (расч. в USD) РЕПО с ЦК 1 день (расч. в EUR) РЕПО с ЦК 7 дн. РЕПО с ЦК адр. (расч. в USD) РЕПО с ЦК адр.(расч. в EUR) РЕПО с ЦК 7 дней c расчетами в долларах США РЕПО с ЦК 7 дней c расчетами в евро Продажа обеспечения бирж.рынок - безадрес. РЕПО с ЦК адр. (расч. в CNY) РЕПО с ЦК 1 день (расч. в CNY) РЕПО в ин. валюте: CNY Урегулирование РЕПО с ЦК Нерезиденты - безадрес. РПС с ЦК Нерезиденты: Акции и ДР - адрес. Урегулирование с ЦК Нерезиденты - безадрес. РЕПО с ЦК 7 дн. (расч. в CNY) ОТС: Акции РПС с ЦК - адресные,,https://ir.vseinstrumenti.ru/information_disclosure,https://www.e-disclosure.ru/portal/company.aspx?id=39131,05.07.2024 00:00:00,,,,,,
18,24.03.2025 00:00:00,215,Первый уровень,467,Акции,Акция обыкновенная,акции обыкновенные,GAZP,RU0007661625,1-02-00028-A,30.12.1998 00:00:00,"Публичное акционерное общество ""Газпром""",7736050003,5,Рубль,23673512900,17.01.2006 00:00:00,,,,,+,,,,,,,,,"09.06.2014 Включение в Первый уровень 26.12.2013 Включение в Котировальный список ""А"" второго уровня 17.01.2006 Включение в Перечень внесписочных ценных бумаг",,,,,РПС: Акции - адрес. РЕПО в ин. валюте: USD РЕПО c облигациями Т+ Неполные лоты (акции) РЕПО с ЦК 1 день РЕПО с ЦК Адресное Т+ Акции и ДР РПС с ЦК: Акции и ДР - адрес. РЕПО в ин. валюте: EUR Поставка по СК (акции) РЕПО с ЦК 1 день (расч. в USD) РЕПО с ЦК 1 день (расч. в EUR) РЕПО с ЦК 7 дн. РЕПО с ЦК адр. (расч. в USD) РЕПО с ЦК адр.(расч. в EUR) РЕПО с ЦК 7 дней c расчетами в долларах США РЕПО с ЦК 7 дней c расчетами в евро Продажа обеспечения бирж.рынок - безадрес. РЕПО с ЦК адр. (расч. в CNY) РЕПО с ЦК 1 день (расч. в CNY) РЕПО в ин. валюте: CNY Урегулирование РЕПО с ЦК Нерезиденты - безадрес. РПС с ЦК Нерезиденты: Акции и ДР - адрес. Урегулирование с ЦК Нерезиденты - безадрес. РЕПО с ЦК 7 дн. (расч. в CNY) ОТС: Акции РПС с ЦК - адресные,"Облигация биржевая, 4B02-07-00028-A, RU000A0ZZER4 Облигация биржевая, 4B02-19-00028-A, RU000A0JUAN6 Облигация биржевая, 4B02-20-00028-A, RU000A0JUAP1 Облигация биржевая, 4B02-22-00028-A, RU000A0ZZES2 Облигация биржевая, 4B02-23-00028-A, RU000A0ZZET0",https://www.gazprom.ru/,https://www.e-disclosure.ru/portal/company.aspx?id=934,09.06.2014 00:00:00,,,,,,
19,24.03.2025 00:00:00,216,Первый уровень,471,Акции,Акция обыкновенная,акции обыкновенные,GMKN,RU0007288411,1-01-40155-F,12.12.2006 00:00:00,"Публичное акционерное общество ""Горно-металлургическая компания ""Норильский никель""",8401005730,"0,01",Рубль,15286339700,03.12.2004 00:00:00,,,,,+,,,,,,,,,"09.06.2014 Включение в Первый уровень 08.08.2011 Включение в Котировальный список ""А"" второго уровня 22.04.2010 Включение в Котировальный список ""А"" первого уровня 03.12.2004 Включение в Котировальный список ""Б""",,,,,РПС: Акции - адрес. РЕПО в ин. валюте: USD РЕПО c облигациями Т+ Неполные лоты (акции) РЕПО с ЦК 1 день РЕПО с ЦК Адресное Т+ Акции и ДР РПС с ЦК: Акции и ДР - адрес. РЕПО в ин. валюте: EUR Поставка по СК (акции) РЕПО с ЦК 1 день (расч. в USD) РЕПО с ЦК 1 день (расч. в EUR) РЕПО с ЦК 7 дн. РЕПО с ЦК адр. (расч. в USD) РЕПО с ЦК адр.(расч. в EUR) РЕПО с ЦК 7 дней c расчетами в долларах США РЕПО с ЦК 7 дней c расчетами в евро Продажа обеспечения бирж.рынок - безадрес. РЕПО с ЦК адр. (расч. в CNY) РЕПО с ЦК 1 день (расч. в CNY) РЕПО в ин. валюте: CNY Урегулирование РЕПО с ЦК Нерезиденты - безадрес. РПС с ЦК Нерезиденты: Акции и ДР - адрес. Урегулирование с ЦК Нерезиденты - безадрес. РЕПО с ЦК 7 дн. (расч. в CNY) ОТС: Акции РПС с ЦК - адресные,"Облигация биржевая, 4B02-02-40155-F-001P, RU000A105A61 Облигация биржевая, 4B02-03-40155-F-001P Облигация биржевая, 4B02-04-40155-F-001P Облигация биржевая, 4B02-05-40155-F-001P, RU000A105ML5 Облигация биржевая, 4B02-06-40155-F-001P, RU000A105NL3 Облигация биржевая, 4B02-09-40155-F, RU000A1069N8 Облигация корпоративная, 4-05-40155-F, RU000A107BL4 Облигация корпоративная, 4-06-40155-F, RU000A107C67 Облигация биржевая, 4B02-07-40155-F-001P, RU000A1083A6 Облигация биржевая, 4B02-10-40155-F, RU000A109TW9 Облигация биржевая, 4B02-11-40155-F Облигация биржевая, 4B02-08-40155-F-001P, RU000A10B4K3",https://www.nornickel.ru/ (внизу страницы),https://e-disclosure.ru/portal/company.aspx?id=564,09.06.2014 00:00:00,,,,,,
20,24.03.2025 00:00:00,2865,Первый уровень,472,Акции,Акция обыкновенная,акции обыкновенные,RAGR,RU000A0JQUZ6,1-01-14044-A,19.03.2010 00:00:00,"Публичное акционерное общество ""Группа ""Русагро""",5003077160,"2,5",Рубль,958749600,14.02.2025 00:00:00,,,,,+,,,,,,,,,"17.02.2025 Включение в Первый уровень 22.04.2010 Включение в Котировальный список ""И""",,,,,РПС: Акции - адрес. РЕПО c облигациями РЕПО с ЦК 1 день РЕПО с ЦК Адресное Т+ Акции и ДР РПС с ЦК: Акции и ДР - адрес. Поставка по СК (акции) РЕПО с ЦК 7 дн. Продажа обеспечения бирж.рынок - безадрес. РЕПО с ЦК адр. (расч. в CNY) РЕПО с ЦК 1 день (расч. в CNY) РЕПО в ин. валюте: CNY Урегулирование РЕПО с ЦК Нерезиденты - безадрес. РПС с ЦК Нерезиденты: Акции и ДР - адрес. Урегулирование с ЦК Нерезиденты - безадрес. РЕПО с ЦК 7 дн. (расч. в CNY),,https://www.rusagrogroup.ru/ru/investoram/akcii/raskrytie-informacii-interfaks/,https://www.e-disclosure.ru/portal/company.aspx?id=25660,17.02.2025 00:00:00,,,,,,
21,24.03.2025 00:00:00,120,Первый уровень,473,Акции,Акция обыкновенная,акции обыкновенные,LSRG,RU000A0JPFP0,1-01-55234-E,28.09.2006 00:00:00,"Публичное акционерное общество ""Группа ЛСР""",7838360491,"0,25",Рубль,103030215,12.03.2008 00:00:00,,,,,+,,,,,,,,,"09.06.2014 Включение в Первый уровень 09.02.2011 Включение в Котировальный список ""А"" первого уровня 19.10.2009 Включение в Котировальный список ""А"" второго уровня 26.06.2008 Включение в Котировальный список ""Б"" 12.03.2008 Включение в Перечень внесписочных ценных бумаг",,,,,РПС: Акции - адрес. РЕПО в ин. валюте: USD РЕПО c облигациями РЕПО с ЦК 1 день РЕПО с ЦК Адресное Т+ Акции и ДР РПС с ЦК: Акции и ДР - адрес. РЕПО в ин. валюте: EUR РЕПО с ЦК 1 день (расч. в USD) РЕПО с ЦК 1 день (расч. в EUR) РЕПО с ЦК 7 дн. РЕПО с ЦК адр. (расч. в USD) РЕПО с ЦК адр.(расч. в EUR) РЕПО с ЦК 7 дней c расчетами в долларах США РЕПО с ЦК 7 дней c расчетами в евро Продажа обеспечения бирж.рынок - безадрес. РЕПО с ЦК адр. (расч. в CNY) РЕПО с ЦК 1 день (расч. в CNY) РЕПО в ин. валюте: CNY Урегулирование РЕПО с ЦК Нерезиденты - безадрес. РПС с ЦК Нерезиденты: Акции и ДР - адрес. Урегулирование с ЦК Нерезиденты - безадрес. РЕПО с ЦК 7 дн. (расч. в CNY) ОТС: Акции РПС с ЦК - адресные,"Облигация биржевая, 4B02-06-55234-E-001P, RU000A102T63 Облигация биржевая, 4B02-07-55234-E-001P, RU000A103PX8 Облигация биржевая, 4B02-08-55234-E-001P, RU000A106888 Облигация биржевая, 4B02-09-55234-E-001P, RU000A1082X0 Облигация биржевая, 4B02-10-55234-E-001P, RU000A10B0B0",https://www.lsrgroup.ru,https://www.e-disclosure.ru/portal/company.aspx?id=4834,09.06.2014 00:00:00,,,,,,
22,24.03.2025 00:00:00,16756,Первый уровень,479,Акции,Акция обыкновенная,акции обыкновенные,POSI,RU000A103X66,1-01-85307-H,13.11.2017 00:00:00,"Публичное акционерное общество ""Группа Позитив""",9718077239,"0,5",Рубль,66000000,16.12.2021 00:00:00,,,,,+,,,,,,,,,20.09.2022 Включение в Первый уровень 16.12.2021 Включение в Второй уровень,,,,,РПС: Акции - адрес. РЕПО в ин. валюте: USD РЕПО c облигациями РЕПО с ЦК 1 день РЕПО с ЦК Адресное Т+ Акции и ДР РПС с ЦК: Акции и ДР - адрес. РЕПО в ин. валюте: EUR Поставка по СК (акции) РЕПО с ЦК 1 день (расч. в USD) РЕПО с ЦК 1 день (расч. в EUR) РЕПО с ЦК 7 дн. РЕПО с ЦК адр. (расч. в USD) РЕПО с ЦК адр.(расч. в EUR) РЕПО с ЦК 7 дней c расчетами в долларах США РЕПО с ЦК 7 дней c расчетами в евро Продажа обеспечения бирж.рынок - безадрес. РЕПО с ЦК адр. (расч. в CNY) РЕПО с ЦК 1 день (расч. в CNY) РЕПО в ин. валюте: CNY Урегулирование РЕПО с ЦК Нерезиденты - безадрес. РПС с ЦК Нерезиденты: Акции и ДР - адрес. Урегулирование с ЦК Нерезиденты - безадрес. РЕПО с ЦК 7 дн. (расч. в CNY) ОТС: Акции РПС с ЦК - адресные,"Облигация биржевая, 4B02-01-85307-H-001P, RU000A109098 Облигация биржевая, 4B02-02-85307-H-001P, RU000A10AHJ4",https://group.ptsecurity.com/ru,https://www.e-disclosure.ru/portal/company.aspx?id=38538,20.09.2022 00:00:00,,,,,,
23,24.03.2025 00:00:00,15901,Первый уровень,480,Акции,Акция обыкновенная,акции обыкновенные,RENI,RU000A0ZZM04,1-01-10601-Z,06.08.2018 00:00:00,"Публичное акционерное общество ""Группа Ренессанс Страхование""",7725497022,"9,88",Рубль,556952780,14.10.2021 00:00:00,,,,,+,,,,,,,,,21.10.2021 Включение в Первый уровень,,,,,РПС: Акции - адрес. РЕПО в ин. валюте: USD РЕПО c облигациями Т+ Неполные лоты (акции) РЕПО с ЦК 1 день РЕПО с ЦК Адресное Т+ Акции и ДР РПС с ЦК: Акции и ДР - адрес. РЕПО в ин. валюте: EUR РЕПО с ЦК 1 день (расч. в USD) РЕПО с ЦК 1 день (расч. в EUR) РЕПО с ЦК 7 дн. РЕПО с ЦК адр. (расч. в USD) РЕПО с ЦК адр.(расч. в EUR) РЕПО с ЦК 7 дней c расчетами в долларах США РЕПО с ЦК 7 дней c расчетами в евро Продажа обеспечения бирж.рынок - безадрес. РЕПО с ЦК адр. (расч. в CNY) РЕПО с ЦК 1 день (расч. в CNY) РЕПО в ин. валюте: CNY Урегулирование РЕПО с ЦК Нерезиденты - безадрес. РПС с ЦК Нерезиденты: Акции и ДР - адрес. Урегулирование с ЦК Нерезиденты - безадрес. РЕПО с ЦК 7 дн. (расч. в CNY) ОТС: Акции РПС с ЦК - адресные,,https://www.renins.ru,https://e-disclosure.ru/portal/company.aspx?id=37468,21.10.2021 00:00:00,,,,,,
24,24.03.2025 00:00:00,18664,Первый уровень,485,Акции,Акция обыкновенная,акции обыкновенные,EUTR,RU000A1002V2,1-01-80110-H,12.03.2013 00:00:00,"Публичное акционерное общество ""ЕвроТранс""",5029169023,"0,05",Рубль,159148665,31.05.2023 00:00:00,,,,,+,,,,,,,,,21.11.2023 Включение в Первый уровень,,,,,РПС: Акции - адрес. РЕПО в ин. валюте: USD РЕПО c облигациями РЕПО с ЦК 1 день РЕПО с ЦК Адресное Т+ Акции и ДР РПС с ЦК: Акции и ДР - адрес. РЕПО в ин. валюте: EUR РЕПО с ЦК 1 день (расч. в USD) РЕПО с ЦК 1 день (расч. в EUR) РЕПО с ЦК 7 дн. РЕПО с ЦК адр. (расч. в USD) РЕПО с ЦК адр.(расч. в EUR) РЕПО с ЦК 7 дней c расчетами в долларах США РЕПО с ЦК 7 дней c расчетами в евро Продажа обеспечения бирж.рынок - безадрес. РЕПО с ЦК адр. (расч. в CNY) РЕПО с ЦК 1 день (расч. в CNY) РЕПО в ин. валюте: CNY Урегулирование РЕПО с ЦК Нерезиденты - безадрес. РПС с ЦК Нерезиденты: Акции и ДР - адрес. Урегулирование с ЦК Нерезиденты - безадрес. РЕПО с ЦК 7 дн. (расч. в CNY) ОТС: Акции РПС с ЦК - адресные,"Облигация биржевая, 4B02-01-80110-H-001P, RU000A105PP9 Облигация биржевая, 4B02-02-80110-H-001P, RU000A105TS5 Облигация биржевая, 4B02-03-80110-H-001P, RU000A1061K1 Облигация корпоративная, 4-01-80110-H-001P, RU000A1082G5 Облигация корпоративная, 4-02-80110-H-001P, RU000A108D81 Облигация биржевая, 4B02-04-80110-H-001P, RU000A10A133 Облигация биржевая, 4B02-05-80110-H-001P, RU000A10A141 Облигация биржевая, 4B02-06-80110-H-001P, RU000A10ATS0",https://evrotrans-ao.ru/,https://www.e-disclosure.ru/portal/company.aspx?id=38758,21.11.2023 00:00:00,,,,,,
25,24.03.2025 00:00:00,8647,Первый уровень,492,Акции,Акция обыкновенная,акции обыкновенные,IRAO,RU000A0JPNM1,1-04-33498-E,23.12.2014 00:00:00,"Публичное акционерное общество ""Интер РАО ЕЭС""",2320109650,"2,809767",Рубль,104400000000,19.01.2015 00:00:00,,,,,+,,,,,,+,,,19.01.2015 Включение в Первый уровень,,,,,РПС: Акции - адрес. РЕПО в ин. валюте: USD РЕПО c облигациями Т+ Неполные лоты (акции) РЕПО с ЦК 1 день РЕПО с ЦК Адресное Т+ Акции и ДР РПС с ЦК: Акции и ДР - адрес. РЕПО в ин. валюте: EUR Поставка по СК (акции) РЕПО с ЦК 1 день (расч. в USD) РЕПО с ЦК 1 день (расч. в EUR) РЕПО с ЦК 7 дн. РЕПО с ЦК адр. (расч. в USD) РЕПО с ЦК адр.(расч. в EUR) РЕПО с ЦК 7 дней c расчетами в долларах США РЕПО с ЦК 7 дней c расчетами в евро Продажа обеспечения бирж.рынок - безадрес. РЕПО с ЦК адр. (расч. в CNY) РЕПО с ЦК 1 день (расч. в CNY) РЕПО в ин. валюте: CNY Урегулирование РЕПО с ЦК Нерезиденты - безадрес. РПС с ЦК Нерезиденты: Акции и ДР - адрес. Урегулирование с ЦК Нерезиденты - безадрес. РЕПО с ЦК 7 дн. (расч. в CNY) ОТС: Акции РПС с ЦК - адресные,,https://www.interrao.ru/agm2024/,http://www.e-disclosure.ru/portal/company.aspx?id=12213,19.01.2015 00:00:00,,,,,,
26,24.03.2025 00:00:00,21087,Первый уровень,493,Акции,Акция обыкновенная,акции обыкновенные,X5,RU000A108X38,1-01-16812-A,27.05.2024 00:00:00,"Публичное акционерное общество ""Корпоративный центр ИКС 5""",9722079341,"1164,26",Рубль,271572872,22.07.2024 00:00:00,,,,,,,,,,,,,,22.07.2024 Включение в Первый уровень,,,,,РПС: Акции - адрес. РЕПО c облигациями РЕПО с ЦК 1 день РЕПО с ЦК Адресное Т+ Акции и ДР РПС с ЦК: Акции и ДР - адрес. Поставка по СК (акции) РЕПО с ЦК 7 дн. Продажа обеспечения бирж.рынок - безадрес. РЕПО с ЦК адр. (расч. в CNY) РЕПО с ЦК 1 день (расч. в CNY) РЕПО в ин. валюте: CNY Урегулирование РЕПО с ЦК Нерезиденты - безадрес. РПС с ЦК Нерезиденты: Акции и ДР - адрес. Урегулирование с ЦК Нерезиденты - безадрес. РЕПО с ЦК 7 дн. (расч. в CNY) ОТС: Акции РПС с ЦК - адресные,,https://www.x5.ru/ru/investors/,https://www.e-disclosure.ru/portal/company.aspx?id=39008,22.07.2024 00:00:00,,,,,,
27,24.03.2025 00:00:00,15248,Первый уровень,494,Акции,Акция обыкновенная,акции обыкновенные,LEAS,RU000A0ZZFS9,1-01-16419-A,23.03.2017 00:00:00,"Публичное акционерное общество ""Лизинговая компания ""Европлан""",9705101614,1,Рубль,120000000,21.03.2024 00:00:00,,,,,+,,,,,,,,,29.03.2024 Включение в Первый уровень,,,,,РПС: Акции - адрес. РЕПО в ин. валюте: USD РЕПО c облигациями РЕПО с ЦК 1 день РЕПО с ЦК Адресное Т+ Акции и ДР РПС с ЦК: Акции и ДР - адрес. РЕПО в ин. валюте: EUR Поставка по СК (акции) РЕПО с ЦК 1 день (расч. в USD) РЕПО с ЦК 1 день (расч. в EUR) РЕПО с ЦК 7 дн. РЕПО с ЦК адр. (расч. в USD) РЕПО с ЦК адр.(расч. в EUR) РЕПО с ЦК 7 дней c расчетами в долларах США РЕПО с ЦК 7 дней c расчетами в евро Продажа обеспечения бирж.рынок - безадрес. РЕПО с ЦК адр. (расч. в CNY) РЕПО с ЦК 1 день (расч. в CNY) РЕПО в ин. валюте: CNY Урегулирование РЕПО с ЦК Нерезиденты - безадрес. РПС с ЦК Нерезиденты: Акции и ДР - адрес. Урегулирование с ЦК Нерезиденты - безадрес. РЕПО с ЦК 7 дн. (расч. в CNY) ОТС: Акции РПС с ЦК - адресные,"Облигация биржевая, 4B02-03-56453-P, RU000A100W60 Облигация биржевая, 4B02-05-56453-P, RU000A1004K1 Облигация биржевая, 4B02-04-56453-P Облигация биржевая, 4B02-06-56453-P, RU000A100DG5 Облигация биржевая, 4B02-07-56453-P, RU000A0JWVL2 Облигация биржевая, 4B02-08-56453-P, RU000A0ZZBV2 Облигация биржевая, 4B02-03-16419-A-001P, RU000A103KJ8 Облигация биржевая, 4B02-04-16419-A-001P, RU000A103S14 Облигация биржевая, 4B02-05-16419-A-001P, RU000A105518 Облигация биржевая, 4B02-06-16419-A-001P, RU000A106F40 Облигация биржевая, 4B02-07-16419-A-001P, RU000A108Y86 Облигация биржевая, 4B02-08-16419-A-001P, RU000A10A7C4 Облигация биржевая, 4B02-09-16419-A-001P, RU000A10ASC6",https://europlan.ru/investor/disclosure,https://www.e-disclosure.ru/portal/company.aspx?id=37082,29.03.2024 00:00:00,,,,,,
28,24.03.2025 00:00:00,123,Первый уровень,507,Акции,Акция обыкновенная,акции обыкновенные,MVID,RU000A0JPGA0,1-02-11700-A,23.08.2007 00:00:00,"Публичное акционерное общество ""М.видео""",7707602010,10,Рубль,179768227,17.10.2007 00:00:00,,,,,+,,,,,,,,,"09.06.2014 Включение в Первый уровень 31.10.2013 Включение в Котировальный список ""А"" второго уровня 17.10.2007 Включение в Котировальный список ""Б""",,,,,РПС: Акции - адрес. РЕПО в ин. валюте: USD РЕПО c облигациями РЕПО с ЦК 1 день РЕПО с ЦК Адресное Т+ Акции и ДР РПС с ЦК: Акции и ДР - адрес. РЕПО в ин. валюте: EUR Поставка по СК (акции) РЕПО с ЦК 1 день (расч. в USD) РЕПО с ЦК 1 день (расч. в EUR) РЕПО с ЦК 7 дн. РЕПО с ЦК адр. (расч. в USD) РЕПО с ЦК адр.(расч. в EUR) РЕПО с ЦК 7 дней c расчетами в долларах США РЕПО с ЦК 7 дней c расчетами в евро Продажа обеспечения бирж.рынок - безадрес. РЕПО с ЦК адр. (расч. в CNY) РЕПО с ЦК 1 день (расч. в CNY) РЕПО в ин. валюте: CNY Урегулирование РЕПО с ЦК Нерезиденты - безадрес. РПС с ЦК Нерезиденты: Акции и ДР - адрес. Урегулирование с ЦК Нерезиденты - безадрес. РЕПО с ЦК 7 дн. (расч. в CNY) ОТС: Акции РПС с ЦК - адресные,,https://www.mvideoeldorado.ru,http://www.e-disclosure.ru/portal/company.aspx?id=11014,09.06.2014 00:00:00,,,,,,
29,24.03.2025 00:00:00,8114,Первый уровень,508,Акции,Акция обыкновенная,акции обыкновенные,MBNK,RU000A0JRH43,10102268B,29.04.1993 00:00:00,"Публичное акционерное общество ""МТС-Банк""",7702045051,500,Рубль,34629063,17.04.2024 00:00:00,,,,,+,,,,,,,,,26.04.2024 Включение в Первый уровень,,,,,РПС: Акции - адрес. РЕПО в ин. валюте: USD РЕПО c облигациями РЕПО с ЦК 1 день РЕПО с ЦК Адресное Т+ Акции и ДР РПС с ЦК: Акции и ДР - адрес. РЕПО в ин. валюте: EUR Поставка по СК (акции) РЕПО с ЦК 1 день (расч. в USD) РЕПО с ЦК 1 день (расч. в EUR) РЕПО с ЦК 7 дн. РЕПО с ЦК адр. (расч. в USD) РЕПО с ЦК адр.(расч. в EUR) РЕПО с ЦК 7 дней c расчетами в долларах США РЕПО с ЦК 7 дней c расчетами в евро Продажа обеспечения бирж.рынок - безадрес. РЕПО с ЦК адр. (расч. в CNY) РЕПО с ЦК 1 день (расч. в CNY) РЕПО в ин. валюте: CNY Урегулирование РЕПО с ЦК Нерезиденты - безадрес. РПС с ЦК Нерезиденты: Акции и ДР - адрес. Урегулирование с ЦК Нерезиденты - безадрес. РЕПО с ЦК 7 дн. (расч. в CNY) ОТС: Акции РПС с ЦК - адресные,"Облигация биржевая, 4B02-02-02268-B-001P, RU000A1051U1 Облигация биржевая, 4B02-03-02268-B-001P, RU000A107456 Облигация биржевая, 4B02-04-02268-B-001P, RU000A10ASQ6",https://www.mtsbank.ru/o-banke/raskritie-informacii/,https://e-disclosure.ru/portal/company.aspx?id=1285,26.04.2024 00:00:00,,,,,,
30,24.03.2025 00:00:00,18,Первый уровень,513,Акции,Акция обыкновенная,акции обыкновенные,MAGN,RU0009084396,1-03-00078-A,05.11.2002 00:00:00,"Публичное акционерное общество ""Магнитогорский металлургический комбинат""",7414003633,1,Рубль,11174330000,27.06.2006 00:00:00,,,,,+,,,,,,,,,"31.08.2015 Включение в Первый уровень 09.06.2014 Включение в Второй уровень 27.06.2006 Включение в Котировальный список ""Б""",,,,,РПС: Акции - адрес. РЕПО в ин. валюте: USD РЕПО c облигациями Т+ Неполные лоты (акции) РЕПО с ЦК 1 день РЕПО с ЦК Адресное Т+ Акции и ДР РПС с ЦК: Акции и ДР - адрес. РЕПО в ин. валюте: EUR Поставка по СК (акции) РЕПО с ЦК 1 день (расч. в USD) РЕПО с ЦК 1 день (расч. в EUR) РЕПО с ЦК 7 дн. РЕПО с ЦК адр. (расч. в USD) РЕПО с ЦК адр.(расч. в EUR) РЕПО с ЦК 7 дней c расчетами в долларах США РЕПО с ЦК 7 дней c расчетами в евро Продажа обеспечения бирж.рынок - безадрес. РЕПО с ЦК адр. (расч. в CNY) РЕПО с ЦК 1 день (расч. в CNY) РЕПО в ин. валюте: CNY Урегулирование РЕПО с ЦК Нерезиденты - безадрес. РПС с ЦК Нерезиденты: Акции и ДР - адрес. Урегулирование с ЦК Нерезиденты - безадрес. РЕПО с ЦК 7 дн. (расч. в CNY) ОТС: Акции РПС с ЦК - адресные,,http://www.mmk.ru,http://www.e-disclosure.ru/portal/company.aspx?id=9,31.08.2015 00:00:00,,,,,,
31,24.03.2025 00:00:00,1660,Первый уровень,514,Акции,Акция обыкновенная,акции обыкновенные,MTLR,RU000A0DKXV5,1-01-55005-E,29.04.2003 00:00:00,"Публичное акционерное общество ""Мечел""",7703370008,10,Рубль,416270745,08.10.2008 00:00:00,,,,,+,,,,,,,+,,"09.06.2014 Включение в Первый уровень 13.03.2009 Включение в Котировальный список ""А"" первого уровня 08.10.2008 Включение в Котировальный список ""В""",,,,,РПС: Акции - адрес. РЕПО в ин. валюте: USD РЕПО c облигациями РЕПО с ЦК 1 день РЕПО с ЦК Адресное Т+ Акции и ДР РПС с ЦК: Акции и ДР - адрес. РЕПО в ин. валюте: EUR Поставка по СК (акции) РЕПО с ЦК 1 день (расч. в USD) РЕПО с ЦК 1 день (расч. в EUR) РЕПО с ЦК 7 дн. РЕПО с ЦК адр. (расч. в USD) РЕПО с ЦК адр.(расч. в EUR) РЕПО с ЦК 7 дней c расчетами в долларах США РЕПО с ЦК 7 дней c расчетами в евро Продажа обеспечения бирж.рынок - безадрес. РЕПО с ЦК адр. (расч. в CNY) РЕПО с ЦК 1 день (расч. в CNY) РЕПО в ин. валюте: CNY Урегулирование РЕПО с ЦК Нерезиденты - безадрес. РПС с ЦК Нерезиденты: Акции и ДР - адрес. Урегулирование с ЦК Нерезиденты - безадрес. РЕПО с ЦК 7 дн. (расч. в CNY) ОТС: Акции РПС с ЦК - адресные,"Акция привилегированная, 2-01-55005-E, RU000A0JPV70",https://mechel.ru/shareholders/info/,http://www.e-disclosure.ru/portal/company.aspx?id=1942,09.06.2014 00:00:00,,,,,,
32,24.03.2025 00:00:00,1496,Первый уровень,515,Акции,Акция привилегированная,акции привилегированные,MTLRP,RU000A0JPV70,2-01-55005-E,05.06.2008 00:00:00,"Публичное акционерное общество ""Мечел""",7703370008,10,Рубль,138756915,13.04.2011 00:00:00,,,,,+,,,,,,,+,,"09.06.2014 Включение в Первый уровень 29.07.2011 Включение в Котировальный список ""А"" первого уровня 13.04.2011 Включение в Перечень внесписочных ценных бумаг 03.07.2008 Включение в Котировальный список ""В""",,,,,РПС: Акции - адрес. РЕПО в ин. валюте: USD РЕПО c облигациями Т+ Неполные лоты (акции) РЕПО с ЦК 1 день РЕПО с ЦК Адресное Т+ Акции и ДР РПС с ЦК: Акции и ДР - адрес. РЕПО в ин. валюте: EUR РЕПО с ЦК 1 день (расч. в USD) РЕПО с ЦК 1 день (расч. в EUR) РЕПО с ЦК 7 дн. РЕПО с ЦК адр. (расч. в USD) РЕПО с ЦК адр.(расч. в EUR) РЕПО с ЦК 7 дней c расчетами в долларах США РЕПО с ЦК 7 дней c расчетами в евро Продажа обеспечения бирж.рынок - безадрес. РЕПО с ЦК адр. (расч. в CNY) РЕПО с ЦК 1 день (расч. в CNY) РЕПО в ин. валюте: CNY Урегулирование РЕПО с ЦК Нерезиденты - безадрес. РПС с ЦК Нерезиденты: Акции и ДР - адрес. Урегулирование с ЦК Нерезиденты - безадрес. РЕПО с ЦК 7 дн. (расч. в CNY) ОТС: Акции РПС с ЦК - адресные,"Акция обыкновенная, 1-01-55005-E, RU000A0DKXV5",https://mechel.ru/shareholders/info/,http://www.e-disclosure.ru/portal/company.aspx?id=1942,09.06.2014 00:00:00,,,,,,
33,24.03.2025 00:00:00,283,Первый уровень,516,Акции,Акция обыкновенная,акции обыкновенные,MTSS,RU0007775219,1-01-04715-A,22.01.2004 00:00:00,"Публичное акционерное общество ""Мобильные ТелеСистемы""",7740000076,"0,1",Рубль,1998381575,03.12.2004 00:00:00,,,,,+,,,,,,,,,"09.06.2014 Включение в Первый уровень 15.10.2010 Включение в Котировальный список ""А"" первого уровня 03.12.2004 Включение в Котировальный список ""Б""",,,,,РПС: Акции - адрес. РЕПО в ин. валюте: USD РЕПО c облигациями Т+ Неполные лоты (акции) РЕПО с ЦК 1 день РЕПО с ЦК Адресное Т+ Акции и ДР РПС с ЦК: Акции и ДР - адрес. РЕПО в ин. валюте: EUR Поставка по СК (акции) РЕПО с ЦК 1 день (расч. в USD) РЕПО с ЦК 1 день (расч. в EUR) РЕПО с ЦК 7 дн. РЕПО с ЦК адр. (расч. в USD) РЕПО с ЦК адр.(расч. в EUR) РЕПО с ЦК 7 дней c расчетами в долларах США РЕПО с ЦК 7 дней c расчетами в евро Продажа обеспечения бирж.рынок - безадрес. РЕПО с ЦК адр. (расч. в CNY) РЕПО с ЦК 1 день (расч. в CNY) РЕПО в ин. валюте: CNY Урегулирование РЕПО с ЦК Нерезиденты - безадрес. РПС с ЦК Нерезиденты: Акции и ДР - адрес. Урегулирование с ЦК Нерезиденты - безадрес. РЕПО с ЦК 7 дн. (расч. в CNY) ОТС: Акции РПС с ЦК - адресные,"Облигация биржевая, 4B02-02-04715-A, RU000A0JWRV9 Облигация биржевая, 4B02-10-04715-A-001P, RU000A100HU7 Облигация биржевая, 4B02-11-04715-A-001P, RU000A100L55 Облигация биржевая, 4B02-14-04715-A-001P, RU000A101FH6 Облигация биржевая, 4B02-15-04715-A-001P, RU000A101NG2 Облигация биржевая, 4B02-16-04715-A-001P, RU000A101NH0 Облигация биржевая, 4B02-20-04715-A-001P, RU000A104SU6 Облигация биржевая, 4B02-19-04715-A-001P, RU000A104T04 Облигация биржевая, 4B02-21-04715-A-001P, RU000A104WJ1 Облигация биржевая, 4B02-25-04715-A-001P, RU000A106BQ5 Облигация биржевая, 4B02-01-04715-A-002P, RU000A1075E4 Облигация биржевая, 4B02-02-04715-A-002P, RU000A1078S8 Облигация биржевая, 4B02-26-04715-A-001P Облигация биржевая, 4B02-03-04715-A-002P, RU000A10AF49 Облигация биржевая, 4B02-04-04715-A-002P, RU000A1083U4 Облигация биржевая, 4B02-05-04715-A-002P, RU000A1083W0 Облигация биржевая, 4B02-06-04715-A-002P, RU000A109312 Облигация биржевая, 4B02-27-04715-A-001P, RU000A109SK6 Облигация биржевая, 4B02-28-04715-A-001P, RU000A10AV98 Облигация биржевая, 4B02-07-04715-A-002P, RU000A10B1N3 Облигация биржевая, 4B02-08-04715-A-002P Облигация биржевая, 4B02-09-04715-A-002P, RU000A10B5F0",https://moskva.mts.ru/about/investoram-i-akcioneram/korporativnoe-upravlenie/raskritie-informacii,http://www.disclosure.ru/issuer/7740000076/,09.06.2014 00:00:00,,,,,,
34,24.03.2025 00:00:00,4834,Первый уровень,537,Акции,Акция обыкновенная,акции обыкновенные,MOEX,RU000A0JR4A1,1-05-08443-H,16.09.2011 00:00:00,"Публичное акционерное общество ""Московская Биржа ММВБ-РТС""",7702077840,1,Рубль,2276401458,01.02.2013 00:00:00,,,,,+,,,,,,,,,"09.06.2014 Включение в Первый уровень 04.04.2013 Включение в Котировальный список ""А"" первого уровня 04.02.2013 Включение в Котировальный список ""В""",,,,,РПС: Акции - адрес. РЕПО в ин. валюте: USD РЕПО c облигациями Т+ Неполные лоты (акции) РЕПО с ЦК 1 день РЕПО с ЦК Адресное Т+ Акции и ДР РПС с ЦК: Акции и ДР - адрес. РЕПО в ин. валюте: EUR Поставка по СК (акции) РЕПО с ЦК 1 день (расч. в USD) РЕПО с ЦК 1 день (расч. в EUR) РЕПО с ЦК 7 дн. РЕПО с ЦК адр. (расч. в USD) РЕПО с ЦК адр.(расч. в EUR) РЕПО с ЦК 7 дней c расчетами в долларах США РЕПО с ЦК 7 дней c расчетами в евро Продажа обеспечения бирж.рынок - безадрес. РЕПО с ЦК адр. (расч. в CNY) РЕПО с ЦК 1 день (расч. в CNY) РЕПО в ин. валюте: CNY Урегулирование РЕПО с ЦК Нерезиденты - безадрес. РПС с ЦК Нерезиденты: Акции и ДР - адрес. Урегулирование с ЦК Нерезиденты - безадрес. РЕПО с ЦК 7 дн. (расч. в CNY) ОТС: Акции РПС с ЦК - адресные,,https://www.moex.com,http://www.e-disclosure.ru/portal/company.aspx?id=43,09.06.2014 00:00:00,,,,,,
35,24.03.2025 00:00:00,268,Первый уровень,538,Акции,Акция обыкновенная,акции обыкновенные,LKOH,RU0009024277,1-01-00077-A,25.06.2003 00:00:00,"Публичное акционерное общество ""Нефтяная компания ""ЛУКОЙЛ""",7708004767,"0,025",Рубль,692865762,03.12.2004 00:00:00,,,,,+,,,,,,,,,"09.06.2014 Включение в Первый уровень 03.12.2004 Включение в Котировальный список ""А"" первого уровня",,,,,РПС: Акции - адрес. РЕПО в ин. валюте: USD РЕПО c облигациями РЕПО с ЦК 1 день РЕПО с ЦК Адресное Т+ Акции и ДР РПС с ЦК: Акции и ДР - адрес. РЕПО в ин. валюте: EUR Поставка по СК (акции) РЕПО с ЦК 1 день (расч. в USD) РЕПО с ЦК 1 день (расч. в EUR) РЕПО с ЦК 7 дн. РЕПО с ЦК адр. (расч. в USD) РЕПО с ЦК адр.(расч. в EUR) РЕПО с ЦК 7 дней c расчетами в долларах США РЕПО с ЦК 7 дней c расчетами в евро Продажа обеспечения бирж.рынок - безадрес. РЕПО с ЦК адр. (расч. в CNY) РЕПО с ЦК 1 день (расч. в CNY) РЕПО в ин. валюте: CNY Урегулирование РЕПО с ЦК Нерезиденты - безадрес. РПС с ЦК Нерезиденты: Акции и ДР - адрес. Урегулирование с ЦК Нерезиденты - безадрес. РЕПО с ЦК 7 дн. (расч. в CNY) ОТС: Акции РПС с ЦК - адресные,"Облигация корпоративная, 4-17-00077-A, RU000A1059N9 Облигация корпоративная, 4-18-00077-A, RU000A1059P4 Облигация корпоративная, 4-19-00077-A, RU000A1059Q2 Облигация корпоративная, 4-20-00077-A, RU000A1059R0",https://lukoil.ru/InvestorAndShareholderCenter/Disclosure,https://www.e-disclosure.ru/portal/company.aspx?id=17,09.06.2014 00:00:00,,,,,,
36,24.03.2025 00:00:00,1204,Первый уровень,539,Акции,Акция обыкновенная,акции обыкновенные,BELU,RU000A0HL5M1,1-01-55052-E,10.03.2005 00:00:00,"Публичное акционерное общество ""НоваБев Групп""",7705634425,100,Рубль,126400000,24.09.2007 00:00:00,,,,,+,,,,,,,+,,"09.03.2022 Включение в Первый уровень 27.07.2020 Включение в Второй уровень 21.06.2019 Включение в Третий уровень 28.12.2016 Включение в Второй уровень 09.06.2014 Включение в Первый уровень 06.06.2014 Включение в Котировальный список ""А"" второго уровня 18.01.2010 Включение в Котировальный список ""Б"" 24.09.2007 Включение в Перечень внесписочных ценных бумаг",,,,,РПС: Акции - адрес. РЕПО в ин. валюте: USD РЕПО c облигациями РЕПО с ЦК 1 день РЕПО с ЦК Адресное Т+ Акции и ДР РПС с ЦК: Акции и ДР - адрес. РЕПО в ин. валюте: EUR Поставка по СК (акции) РЕПО с ЦК 1 день (расч. в USD) РЕПО с ЦК 1 день (расч. в EUR) РЕПО с ЦК 7 дн. РЕПО с ЦК адр. (расч. в USD) РЕПО с ЦК адр.(расч. в EUR) РЕПО с ЦК 7 дней c расчетами в долларах США РЕПО с ЦК 7 дней c расчетами в евро Продажа обеспечения бирж.рынок - безадрес. РЕПО с ЦК адр. (расч. в CNY) РЕПО с ЦК 1 день (расч. в CNY) РЕПО в ин. валюте: CNY Урегулирование РЕПО с ЦК Нерезиденты - безадрес. РПС с ЦК Нерезиденты: Акции и ДР - адрес. Урегулирование с ЦК Нерезиденты - безадрес. РЕПО с ЦК 7 дн. (расч. в CNY) ОТС: Акции РПС с ЦК - адресные,"Облигация биржевая, 4B02-02-55052-E-002P, RU000A102GU5 Облигация биржевая, 4B02-03-55052-E-002P, RU000A104Y15 Облигация биржевая, 4B02-04-55052-E-002P, RU000A108CA3 Облигация биржевая, 4B02-05-55052-E-002P, RU000A1099A2",https://novabev.com/,http://www.e-disclosure.ru/portal/company.aspx?id=7380,09.03.2022 00:00:00,,,,,,
37,24.03.2025 00:00:00,286,Первый уровень,544,Акции,Акция обыкновенная,акции обыкновенные,NLMK,RU0009046452,1-01-00102-A,09.04.2004 00:00:00,"Публичное акционерное общество ""Новолипецкий металлургический комбинат""",4823006703,1,Рубль,5993227240,21.07.2006 00:00:00,,,,,+,,,,,,,,,"30.08.2016 Включение в Первый уровень 09.06.2014 Включение в Второй уровень 21.07.2006 Включение в Котировальный список ""Б""",,,,,РПС: Акции - адрес. РЕПО в ин. валюте: USD РЕПО c облигациями Т+ Неполные лоты (акции) РЕПО с ЦК 1 день РЕПО с ЦК Адресное Т+ Акции и ДР РПС с ЦК: Акции и ДР - адрес. РЕПО в ин. валюте: EUR Поставка по СК (акции) РЕПО с ЦК 1 день (расч. в USD) РЕПО с ЦК 1 день (расч. в EUR) РЕПО с ЦК 7 дн. РЕПО с ЦК адр. (расч. в USD) РЕПО с ЦК адр.(расч. в EUR) РЕПО с ЦК 7 дней c расчетами в долларах США РЕПО с ЦК 7 дней c расчетами в евро Продажа обеспечения бирж.рынок - безадрес. РЕПО с ЦК адр. (расч. в CNY) РЕПО с ЦК 1 день (расч. в CNY) РЕПО в ин. валюте: CNY Урегулирование РЕПО с ЦК Нерезиденты - безадрес. РПС с ЦК Нерезиденты: Акции и ДР - адрес. Урегулирование с ЦК Нерезиденты - безадрес. РЕПО с ЦК 7 дн. (расч. в CNY) ОТС: Акции РПС с ЦК - адресные,"Облигация биржевая, 4B02-09-00102-A Облигация биржевая, 4B02-10-00102-A Облигация корпоративная, 4-13-00102-A, RU000A107EL8 Облигация корпоративная, 4-12-00102-A, RU000A108PR9",http://www.nlmk.com,http://www.e-disclosure.ru/portal/company.aspx?id=2509,30.08.2016 00:00:00,,,,,,
38,24.03.2025 00:00:00,95,Первый уровень,545,Акции,Акция обыкновенная,акции обыкновенные,PIKK,RU000A0JP7J7,1-02-01556-A,10.11.1998 00:00:00,"Публичное акционерное общество ""ПИК-специализированный застройщик""",7713011336,"62,5",Рубль,660497344,26.11.2007 00:00:00,,,,,+,,,,,,,,,"09.06.2014 Включение в Первый уровень 01.09.2011 Включение в Котировальный список ""А"" первого уровня 26.11.2007 Включение в Котировальный список ""Б""",,,,,РПС: Акции - адрес. РЕПО в ин. валюте: USD РЕПО c облигациями РЕПО с ЦК 1 день РЕПО с ЦК Адресное Т+ Акции и ДР РПС с ЦК: Акции и ДР - адрес. РЕПО в ин. валюте: EUR Поставка по СК (акции) РЕПО с ЦК 1 день (расч. в USD) РЕПО с ЦК 1 день (расч. в EUR) РЕПО с ЦК 7 дн. РЕПО с ЦК адр. (расч. в USD) РЕПО с ЦК адр.(расч. в EUR) РЕПО с ЦК 7 дней c расчетами в долларах США РЕПО с ЦК 7 дней c расчетами в евро Продажа обеспечения бирж.рынок - безадрес. РЕПО с ЦК адр. (расч. в CNY) РЕПО с ЦК 1 день (расч. в CNY) РЕПО в ин. валюте: CNY Урегулирование РЕПО с ЦК Нерезиденты - безадрес. РПС с ЦК Нерезиденты: Акции и ДР - адрес. Урегулирование с ЦК Нерезиденты - безадрес. РЕПО с ЦК 7 дн. (расч. в CNY) ОТС: Акции РПС с ЦК - адресные,"Облигация биржевая, 4B02-04-01556-A-001P, RU000A0ZZ1M2 Облигация биржевая, 4B02-05-01556-A-001P, RU000A0ZZ3S5",https://www.pik.ru,http://www.e-disclosure.ru/portal/company.aspx?id=44,09.06.2014 00:00:00,,,,,,
39,24.03.2025 00:00:00,302,Первый уровень,548,Акции,Акция обыкновенная,акции обыкновенные,PLZL,RU000A0JNAA8,1-01-55192-E,27.04.2006 00:00:00,"Публичное акционерное общество ""Полюс""",7703389295,1,Рубль,136069400,15.05.2006 00:00:00,,,,,+,,,,,,,,,"13.04.2016 Включение в Первый уровень 09.06.2014 Включение в Третий уровень 01.09.2011 Включение в Перечень внесписочных ценных бумаг 15.05.2006 Включение в Котировальный список ""Б""",,,,,РПС: Акции - адрес. РЕПО в ин. валюте: USD РЕПО c облигациями РЕПО с ЦК 1 день РЕПО с ЦК Адресное Т+ Акции и ДР РПС с ЦК: Акции и ДР - адрес. РЕПО в ин. валюте: EUR Поставка по СК (акции) РЕПО с ЦК 1 день (расч. в USD) РЕПО с ЦК 1 день (расч. в EUR) РЕПО с ЦК 7 дн. РЕПО с ЦК адр. (расч. в USD) РЕПО с ЦК адр.(расч. в EUR) РЕПО с ЦК 7 дней c расчетами в долларах США РЕПО с ЦК 7 дней c расчетами в евро Продажа обеспечения бирж.рынок - безадрес. РЕПО с ЦК адр. (расч. в CNY) РЕПО с ЦК 1 день (расч. в CNY) РЕПО в ин. валюте: CNY Урегулирование РЕПО с ЦК Нерезиденты - безадрес. РПС с ЦК Нерезиденты: Акции и ДР - адрес. Урегулирование с ЦК Нерезиденты - безадрес. РЕПО с ЦК 7 дн. (расч. в CNY) ОТС: Акции РПС с ЦК - адресные,"Облигация биржевая, 4B02-01-55192-E-001P, RU000A100XC2 Облигация биржевая, 4B02-02-55192-E-001P, RU000A1054W1 Облигация биржевая, 4B02-03-55192-E-001P, RU000A105VC5 Облигация корпоративная, 4-01-55192-E-001P, RU000A107PA7 Облигация биржевая, 4B02-04-55192-E-001P, RU000A108L81 Облигация корпоративная, 4-01-55192-E, RU000A108P79",http://www.polyus.com/ru/,http://www.e-disclosure.ru/portal/company.aspx?id=7832,13.04.2016 00:00:00,,,,,,
40,24.03.2025 00:00:00,313,Первый уровень,554,Акции,Акция обыкновенная,акции обыкновенные,RTKM,RU0008943394,1-01-00124-A,09.09.2003 00:00:00,"Публичное акционерное общество ""Ростелеком""",7707049388,"0,0025",Рубль,3282997929,03.12.2004 00:00:00,,,,,+,,,,,,,,,"09.06.2014 Включение в Первый уровень 03.12.2004 Включение в Котировальный список ""А"" первого уровня",,,,,РПС: Акции - адрес. РЕПО в ин. валюте: USD РЕПО c облигациями Т+ Неполные лоты (акции) РЕПО с ЦК 1 день РЕПО с ЦК Адресное Т+ Акции и ДР РПС с ЦК: Акции и ДР - адрес. РЕПО в ин. валюте: EUR Поставка по СК (акции) РЕПО с ЦК 1 день (расч. в USD) РЕПО с ЦК 1 день (расч. в EUR) РЕПО с ЦК 7 дн. РЕПО с ЦК адр. (расч. в USD) РЕПО с ЦК адр.(расч. в EUR) РЕПО с ЦК 7 дней c расчетами в долларах США РЕПО с ЦК 7 дней c расчетами в евро Продажа обеспечения бирж.рынок - безадрес. РЕПО с ЦК адр. (расч. в CNY) РЕПО с ЦК 1 день (расч. в CNY) РЕПО в ин. валюте: CNY Урегулирование РЕПО с ЦК Нерезиденты - безадрес. РПС с ЦК Нерезиденты: Акции и ДР - адрес. Урегулирование с ЦК Нерезиденты - безадрес. РЕПО с ЦК 7 дн. (расч. в CNY) ОТС: Акции РПС с ЦК - адресные,"Акция привилегированная, 2-01-00124-A, RU0009046700 Облигация биржевая, 4B02-01-00124-A, RU000A0JVFC6 Облигация биржевая, 4B02-01-00124-A-001P, RU000A0JWTN2 Облигация биржевая, 4B02-02-00124-A-001P, RU000A0JXPN8 Облигация биржевая, 4B02-03-00124-A-001P, RU000A0ZYG52 Облигация биржевая, 4B02-04-00124-A-001P, RU000A0ZYYE3 Облигация биржевая, 4B02-05-00124-A-001P, RU000A100881 Облигация биржевая, 4B02-01-00124-A-002P, RU000A101541 Облигация биржевая, 4B02-03-00124-A-002P, RU000A101FG8 Облигация биржевая, 4B02-05-00124-A-002P, RU000A1028G8 Облигация биржевая, 4B02-06-00124-A-002P, RU000A103EZ7 Облигация биржевая, 4B02-06-00124-A-001P, RU000A105LC6 Облигация биржевая, 4B02-07-00124-A-002P, RU000A104TD0 Облигация биржевая, 4B02-08-00124-A-002P, RU000A104VS4 Облигация биржевая, 4B02-09-00124-A-002P, RU000A1051E5 Облигация биржевая, 4B02-10-00124-A-002P, RU000A105UU9 Облигация биржевая, 4B02-11-00124-A-002P, RU000A106T93 Облигация биржевая, 4B02-12-00124-A-002P, RU000A1077Y8 Облигация биржевая, 4B02-13-00124-A-002P, RU000A107910 Облигация биржевая, 4B02-14-00124-A-002P, RU000A1085D5 Облигация биржевая, 4B02-07-00124-A-001P, RU000A108GR8 Облигация биржевая, 4B02-08-00124-A-001P, RU000A108LF3 Облигация биржевая, 4B02-09-00124-A-001P, RU000A1095W4 Облигация биржевая, 4B02-10-00124-A-001P, RU000A109916 Облигация биржевая, 4B02-11-00124-A-001P, RU000A109JS8 Облигация биржевая, 4B02-12-00124-A-001P, RU000A109X29 Облигация биржевая, 4B02-13-00124-A-001P, RU000A10A3R1 Облигация биржевая, 4B02-14-00124-A-001P, RU000A10ASS2 Облигация биржевая, 4B02-15-00124-A-001P, RU000A10B214",https://www.company.rt.ru/ir/,http://www.e-disclosure.ru/portal/company.aspx?id=141,09.06.2014 00:00:00,,,,,,
41,24.03.2025 00:00:00,314,Первый уровень,555,Акции,Акция привилегированная,акции привилегированные,RTKMP,RU0009046700,2-01-00124-A,09.09.2003 00:00:00,"Публичное акционерное общество ""Ростелеком""",7707049388,"0,0025",Рубль,209565147,03.12.2004 00:00:00,,,,,+,,,,,,,,,"09.06.2014 Включение в Первый уровень 03.12.2004 Включение в Котировальный список ""А"" первого уровня",,,,,РПС: Акции - адрес. РЕПО в ин. валюте: USD РЕПО c облигациями Т+ Неполные лоты (акции) РЕПО с ЦК 1 день РЕПО с ЦК Адресное Т+ Акции и ДР РПС с ЦК: Акции и ДР - адрес. РЕПО в ин. валюте: EUR РЕПО с ЦК 1 день (расч. в USD) РЕПО с ЦК 1 день (расч. в EUR) РЕПО с ЦК 7 дн. РЕПО с ЦК адр. (расч. в USD) РЕПО с ЦК адр.(расч. в EUR) РЕПО с ЦК 7 дней c расчетами в долларах США РЕПО с ЦК 7 дней c расчетами в евро Продажа обеспечения бирж.рынок - безадрес. РЕПО с ЦК адр. (расч. в CNY) РЕПО с ЦК 1 день (расч. в CNY) РЕПО в ин. валюте: CNY Урегулирование РЕПО с ЦК Нерезиденты - безадрес. РПС с ЦК Нерезиденты: Акции и ДР - адрес. Урегулирование с ЦК Нерезиденты - безадрес. РЕПО с ЦК 7 дн. (расч. в CNY) ОТС: Акции РПС с ЦК - адресные,"Акция обыкновенная, 1-01-00124-A, RU0008943394 Облигация биржевая, 4B02-01-00124-A, RU000A0JVFC6 Облигация биржевая, 4B02-01-00124-A-001P, RU000A0JWTN2 Облигация биржевая, 4B02-02-00124-A-001P, RU000A0JXPN8 Облигация биржевая, 4B02-03-00124-A-001P, RU000A0ZYG52 Облигация биржевая, 4B02-04-00124-A-001P, RU000A0ZYYE3 Облигация биржевая, 4B02-05-00124-A-001P, RU000A100881 Облигация биржевая, 4B02-01-00124-A-002P, RU000A101541 Облигация биржевая, 4B02-03-00124-A-002P, RU000A101FG8 Облигация биржевая, 4B02-05-00124-A-002P, RU000A1028G8 Облигация биржевая, 4B02-06-00124-A-002P, RU000A103EZ7 Облигация биржевая, 4B02-06-00124-A-001P, RU000A105LC6 Облигация биржевая, 4B02-07-00124-A-002P, RU000A104TD0 Облигация биржевая, 4B02-08-00124-A-002P, RU000A104VS4 Облигация биржевая, 4B02-09-00124-A-002P, RU000A1051E5 Облигация биржевая, 4B02-10-00124-A-002P, RU000A105UU9 Облигация биржевая, 4B02-11-00124-A-002P, RU000A106T93 Облигация биржевая, 4B02-12-00124-A-002P, RU000A1077Y8 Облигация биржевая, 4B02-13-00124-A-002P, RU000A107910 Облигация биржевая, 4B02-14-00124-A-002P, RU000A1085D5 Облигация биржевая, 4B02-07-00124-A-001P, RU000A108GR8 Облигация биржевая, 4B02-08-00124-A-001P, RU000A108LF3 Облигация биржевая, 4B02-09-00124-A-001P, RU000A1095W4 Облигация биржевая, 4B02-10-00124-A-001P, RU000A109916 Облигация биржевая, 4B02-11-00124-A-001P, RU000A109JS8 Облигация биржевая, 4B02-12-00124-A-001P, RU000A109X29 Облигация биржевая, 4B02-13-00124-A-001P, RU000A10A3R1 Облигация биржевая, 4B02-14-00124-A-001P, RU000A10ASS2 Облигация биржевая, 4B02-15-00124-A-001P, RU000A10B214",https://www.company.rt.ru/ir/,http://www.e-disclosure.ru/portal/company.aspx?id=141,09.06.2014 00:00:00,,,,,,
42,24.03.2025 00:00:00,1186,Первый уровень,566,Акции,Акция обыкновенная,акции обыкновенные,SBER,RU0009029540,10301481B,11.07.2007 00:00:00,"Публичное акционерное общество ""Сбербанк России""",7707083893,3,Рубль,21586948000,16.07.2007 00:00:00,,,,,+,,,,,,,,,"09.06.2014 Включение в Первый уровень 16.07.2007 Включение в Котировальный список ""А"" первого уровня",,,,,РПС: Акции - адрес. РЕПО в ин. валюте: USD РЕПО c облигациями Т+ Неполные лоты (акции) РЕПО с ЦК 1 день РЕПО с ЦК Адресное Т+ Акции и ДР РПС с ЦК: Акции и ДР - адрес. РЕПО в ин. валюте: EUR Поставка по СК (акции) РЕПО с ЦК 1 день (расч. в USD) РЕПО с ЦК 1 день (расч. в EUR) РЕПО с ЦК 7 дн. РЕПО с ЦК адр. (расч. в USD) РЕПО с ЦК адр.(расч. в EUR) РЕПО с ЦК 7 дней c расчетами в долларах США РЕПО с ЦК 7 дней c расчетами в евро Продажа обеспечения бирж.рынок - безадрес. РЕПО с ЦК адр. (расч. в CNY) РЕПО с ЦК 1 день (расч. в CNY) РЕПО в ин. валюте: CNY Урегулирование РЕПО с ЦК Нерезиденты - безадрес. РПС с ЦК Нерезиденты: Акции и ДР - адрес. Урегулирование с ЦК Нерезиденты - безадрес. РЕПО с ЦК 7 дн. (расч. в CNY) ОТС: Акции РПС с ЦК - адресные,"Акция привилегированная, 20301481B, RU0009029557 Облигация биржевая, 4B024601481B001P Облигация биржевая, 4B0211601481B001P, RU000A100MZ6 Облигация биржевая, 4B02-234-01481-B-001P, RU000A101JW7 Облигация биржевая, 4B02-233-01481-B-001P, RU000A101HK6 Облигация биржевая, 4B02-236-01481-B-001P, RU000A101J58 Облигация биржевая, 4B02-237-01481-B-001P, RU000A101J41 Облигация биржевая, 4B02-243-01481-B-001P, RU000A101KF0 Облигация биржевая, 4B02-241-01481-B-001P, RU000A101KH6 Облигация биржевая, 4B02-250-01481-B-001P, RU000A101LT9 Облигация биржевая, 4B02-251-01481-B-001P, RU000A101LU7 Облигация биржевая, 4B02-247-01481-B-001P, RU000A101L21 Облигация биржевая, 4B02-249-01481-B-001P, RU000A101LB7 Облигация биржевая, 4B02-252-01481-B-001P, RU000A101LF8 Облигация биржевая, 4B02-258-01481-B-001P, RU000A101SS6 Облигация биржевая, 4B02-253-01481-B-001P, RU000A101MH2 Облигация биржевая, 4B02-262-01481-B-001P, RU000A101QJ9 Облигация биржевая, 4B02-256-01481-B-001P Облигация биржевая, 4B02-261-01481-B-001P Облигация биржевая, 4B02-260-01481-B-001P Облигация биржевая, 4B02-259-01481-B-001P Облигация биржевая, 4B02-265-01481-B-001P, RU000A101QV4 Облигация биржевая, 4B02-266-01481-B-001P, RU000A101QY8 Облигация биржевая, 4B02-270-01481-B-001P, RU000A101QX0 Облигация биржевая, 4B02-272-01481-B-001P, RU000A101S32 Облигация биржевая, 4B02-274-01481-B-001P, RU000A101SW8 Облигация биржевая, 4B02-277-01481-B-001P, RU000A101T23 Облигация биржевая, 4B02-276-01481-B-001P, RU000A101T31 Облигация биржевая, 4B02-279-01481-B-001P, RU000A101TZ9 Облигация биржевая, 4B02-282-01481-B-001P, RU000A101V11 Облигация биржевая, 4B02-281-01481-B-001P, RU000A101UZ7 Облигация биржевая, 4B02-284-01481-B-001P, RU000A101VL5 Облигация биржевая, 4B02-285-01481-B-001P, RU000A101VK7 Облигация биржевая, 4B02-286-01481-B-001P, RU000A101VS0 Облигация биржевая, 4B02-289-01481-B-001P, RU000A101W28 Облигация биржевая, 4B02-291-01481-B-001P, RU000A101WT6 Облигация биржевая, 4B02-290-01481-B-001P, RU000A101W36 Облигация биржевая, 4B02-292-01481-B-001P, RU000A101WG3 Облигация биржевая, 4B02-293-01481-B-001P, RU000A101WV2 Облигация биржевая, 4B02-294-01481-B-001P, RU000A101WU4 Облигация биржевая, 4B02-295-01481-B-001P, RU000A101Y83 Облигация биржевая, 4B02-296-01481-B-001P, RU000A101Y75 Облигация биржевая, 4B02-298-01481-B-001P, RU000A101ZQ5 Облигация биржевая, 4B02-297-01481-B-001P, RU000A101YG9 Облигация биржевая, 4B02-301-01481-B-001P, RU000A101ZV5 Облигация биржевая, 4B02-304-01481-B-001P, RU000A101ZR3 Облигация биржевая, 4B02-303-01481-B-001P, RU000A101ZS1 Облигация биржевая, 4B02-307-01481-B-001P, RU000A1020G5 Облигация биржевая, 4B02-306-01481-B-001P, RU000A1020F7 Облигация биржевая, 4B02-309-01481-B-001P, RU000A102176 Облигация биржевая, 4B02-308-01481-B-001P, RU000A102168 Облигация биржевая, 4B02-310-01481-B-001P, RU000A1021M1 Облигация биржевая, 4B02-311-01481-B-001P, RU000A1021N9 Облигация биржевая, 4B02-312-01481-B-001P, RU000A1021P4 Облигация биржевая, 4B02-313-01481-B-001P, RU000A1021Q2 Облигация биржевая, 4B02-314-01481-B-001P, RU000A102242 Облигация биржевая, 4B02-315-01481-B-001P, RU000A102259 Облигация биржевая, 4B02-318-01481-B-001P, RU000A102283 Облигация биржевая, 4B02-321-01481-B-001P, RU000A1022R8 Облигация биржевая, 4B02-319-01481-B-001P, RU000A1022N7 Облигация биржевая, 4B02-323-01481-B-001P, RU000A102358 Облигация биржевая, 4B02-324-01481-B-001P, RU000A102341 Облигация биржевая, 4B02-326-01481-B-001P, RU000A102416 Облигация биржевая, 4B02-328-01481-B-001P, RU000A1023Y2 Облигация биржевая, 4B02-327-01481-B-001P, RU000A1023X4 Облигация биржевая, 4B02-325-01481-B-001P, RU000A1023Z9 Облигация биржевая, 4B02-330-01481-B-001P, RU000A1024M5 Облигация биржевая, 4B02-329-01481-B-001P, RU000A1024N3 Облигация биржевая, 4B02-331-01481-B-001P, RU000A1024T0 Облигация биржевая, 4B02-332-01481-B-001P, RU000A1025J8 Облигация биржевая, 4B02-333-01481-B-001P, RU000A1025L4 Облигация биржевая, 4B02-337-01481-B-001P, RU000A1025S9 Облигация биржевая, 4B02-336-01481-B-001P, RU000A1025R1 Облигация биржевая, 4B02-340-01481-B-001P, RU000A102622 Облигация биржевая, 4B02-339-01481-B-001P, RU000A102614 Облигация биржевая, 4B02-341-01481-B-001P, RU000A1026E7 Облигация биржевая, 4B02-344-01481-B-001P, RU000A1026M0 Облигация биржевая, 4B02-342-01481-B-001P, RU000A1026N8 Облигация биржевая, 4B02-343-01481-B-001P, RU000A1026P3 Облигация биржевая, 4B02-346-01481-B-001P, RU000A1027A3 Облигация биржевая, 4B02-347-01481-B-001P, RU000A1027B1 Облигация биржевая, 4B02-354-01481-B-001P, RU000A1029C5 Облигация биржевая, 4B02-355-01481-B-001P, RU000A1029E1 Облигация биржевая, 4B02-352-01481-B-001P, RU000A1028J2 Облигация биржевая, 4B02-353-01481-B-001P, RU000A1028K0 Облигация биржевая, 4B02-357-01481-B-001P, RU000A102A56 Облигация биржевая, 4B02-356-01481-B-001P, RU000A102A64 Облигация биржевая, 4B02-358-01481-B-001P, RU000A1029R3 Облигация биржевая, 4B02-359-01481-B-001P, RU000A1029Q5 Облигация биржевая, 4B02-360-01481-B-001P, RU000A1029S1 Облигация биржевая, 4B02-363-01481-B-001P, RU000A102A72 Облигация биржевая, 4B02-364-01481-B-001P, RU000A102A80 Облигация биржевая, 4B02-371-01481-B-001P, RU000A102FQ5 Облигация биржевая, 4B02-367-01481-B-001P, RU000A102BE0 Облигация биржевая, 4B02-372-01481-B-001P, RU000A102BZ5 Облигация биржевая, 4B02-373-01481-B-001P, RU000A102C13 Облигация биржевая, 4B02-374-01481-B-001P, RU000A102BR2 Облигация биржевая, 4B02-375-01481-B-001P, RU000A102BS0 Облигация биржевая, 4B02-376-01481-B-001P, RU000A102C88 Облигация биржевая, 4B02-378-01481-B-001P, RU000A102CA6 Облигация биржевая, 4B02-377-01481-B-001P, RU000A102C96 Облигация биржевая, 4B02-379-01481-B-001P, RU000A102D38 Облигация биржевая, 4B02-380-01481-B-001P, RU000A102D87 Облигация биржевая, 4B02-382-01481-B-001P, RU000A102D61 Облигация биржевая, 4B02-381-01481-B-001P, RU000A102D53 Облигация биржевая, 4B02-387-01481-B-001P Облигация биржевая, 4B02-383-01481-B-001P, RU000A102DG1 Облигация биржевая, 4B02-384-01481-B-001P, RU000A102DF3 Облигация биржевая, 4B02-389-01481-B-001P, RU000A102FL6 Облигация биржевая, 4B02-393-01481-B-001P, RU000A102GL4 Облигация биржевая, 4B02-392-01481-B-001P, RU000A102GH2 Облигация биржевая, 4B02-391-01481-B-001P, RU000A102GG4 Облигация биржевая, 4B02-390-01481-B-001P, RU000A102G76 Облигация биржевая, 4B02-394-01481-B-001P, RU000A102GM2 Облигация биржевая, 4B02-395-01481-B-001P, RU000A102GN0 Облигация биржевая, 4B02-396-01481-B-001P, RU000A102GP5 Облигация биржевая, 4B02-397-01481-B-001P, RU000A102GQ3 Облигация биржевая, 4B02-398-01481-B-001P, RU000A102GR1 Облигация биржевая, 4B02-399-01481-B-001P, RU000A102GZ4 Облигация биржевая, 4B02-401-01481-B-001P, RU000A102HK4 Облигация биржевая, 4B02-400-01481-B-001P, RU000A102HH0 Облигация биржевая, 4B02-405-01481-B-001P, RU000A102JW5 Облигация биржевая, 4B02-407-01481-B-001P, RU000A103968 Облигация биржевая, 4B02-408-01481-B-001P, RU000A103JQ5 Облигация биржевая, 4B02-409-01481-B-001P Облигация биржевая, 4B02-410-01481-B-001P, RU000A102WA4 Облигация биржевая, 4B02-411-01481-B-001P, RU000A103281 Облигация биржевая, 4B02-412-01481-B-001P Облигация биржевая, 4B02-413-01481-B-001P Облигация биржевая, 4B02-414-01481-B-001P, RU000A104Y31 Облигация биржевая, 4B02-415-01481-B-001P, RU000A103TL5 Облигация биржевая, 4B02-416-01481-B-001P, RU000A102V69 Облигация биржевая, 4B02-417-01481-B-001P Облигация биржевая, 4B02-418-01481-B-001P, RU000A1031G2 Облигация биржевая, 4B02-419-01481-B-001P, RU000A102UC4 Облигация биржевая, 4B02-420-01481-B-001P, RU000A102RA4 Облигация корпоративная, 4-02-01481-B-002P, RU000A102HC1 Облигация биржевая, 4B02-421-01481-B-001P Облигация биржевая, 4B02-422-01481-B-001P, RU000A103976 Облигация биржевая, 4B02-424-01481-B-001P, RU000A103TN1 Облигация биржевая, 4B02-426-01481-B-001P, RU000A102SU0 Облигация биржевая, 4B02-423-01481-B-001P, RU000A102RC0 Облигация биржевая, 4B02-425-01481-B-001P, RU000A102RD8 Облигация биржевая, 4B02-427-01481-B-001P, RU000A102RE6 Облигация биржевая, 4B02-433-01481-B-001P, RU000A102TD4 Облигация биржевая, 4B02-434-01481-B-001P, RU000A102TH5 Облигация биржевая, 4B02-435-01481-B-001P, RU000A102VD0 Облигация биржевая, 4B02-438-01481-B-001P, RU000A102W50 Облигация биржевая, 4B02-439-01481-B-001P, RU000A102WB2 Облигация биржевая, 4B02-440-01481-B-001P, RU000A102WC0 Облигация биржевая, 4B02-441-01481-B-001P, RU000A102X26 Облигация биржевая, 4B02-443-01481-B-001P, RU000A102YH5 Облигация биржевая, 4B02-442-01481-B-001P, RU000A102YG7 Облигация биржевая, 4B02-444-01481-B-001P, RU000A102ZZ4 Облигация биржевая, 4B02-448-01481-B-001P, RU000A103216 Облигация биржевая, 4B02-449-01481-B-001P, RU000A103273 Облигация биржевая, 4B02-450-01481-B-001P, RU000A1032C9 Облигация биржевая, 4B02-451-01481-B-001P, RU000A1032N6 Облигация биржевая, 4B02-452-01481-B-001P, RU000A1032K2 Облигация биржевая, 4B02-453-01481-B-001P, RU000A1032L0 Облигация биржевая, 4B02-455-01481-B-001P, RU000A103539 Облигация биржевая, 4B02-457-01481-B-001P, RU000A103588 Облигация биржевая, 4B02-458-01481-B-001P, RU000A103596 Облигация биржевая, 4B02-459-01481-B-001P, RU000A103661 Облигация биржевая, 4B02-460-01481-B-001P, RU000A1038U8 Облигация биржевая, 4B02-461-01481-B-001P, RU000A103AF7 Облигация биржевая, 4B02-464-01481-B-001P, RU000A103AM3 Облигация биржевая, 4B02-465-01481-B-001P, RU000A103AP6 Облигация биржевая, 4B02-467-01481-B-001P, RU000A103C87 Облигация биржевая, 4B02-468-01481-B-001P, RU000A103CP2 Облигация биржевая, 4B02-469-01481-B-001P, RU000A103CR8 Облигация биржевая, 4B02-474-01481-B-001P, RU000A103G42 Облигация биржевая, 4B02-475-01481-B-001P, RU000A103G59 Облигация биржевая, 4B02-476-01481-B-001P Облигация биржевая, 4B02-470-01481-B-001P, RU000A103F92 Облигация биржевая, 4B02-471-01481-B-001P, RU000A103FA7 Облигация биржевая, 4B02-473-01481-B-001P, RU000A103FM2 Облигация биржевая, 4B02-478-01481-B-001P, RU000A103H66 Облигация биржевая, 4B02-479-01481-B-001P, RU000A103HE5 Облигация биржевая, 4B02-480-01481-B-001P, RU000A103JB7 Облигация биржевая, 4B02-483-01481-B-001P, RU000A103LE7 Облигация биржевая, 4B02-482-01481-B-001P, RU000A103LD9 Облигация биржевая, 4B02-484-01481-B-001P, RU000A103LF4 Облигация биржевая, 4B02-486-01481-B-001P, RU000A103MW7 Облигация биржевая, 4B02-487-01481-B-001P, RU000A103P25 Облигация биржевая, 4B02-488-01481-B-001P, RU000A103PF5 Облигация биржевая, 4B02-489-01481-B-001P, RU000A103PH1 Облигация корпоративная, 4-03-01481-B-002P, RU000A103Q24 Облигация корпоративная, 4-04-01481-B-002P, RU000A103QW8 Облигация биржевая, 4B02-490-01481-B-001P, RU000A103RU0 Облигация биржевая, 4B02-491-01481-B-001P, RU000A103RV8 Облигация биржевая, 4B02-492-01481-B-001P, RU000A103RW6 Облигация корпоративная, 4-05-01481-B-002P, RU000A103QX6 Облигация биржевая, 4B02-494-01481-B-001P, RU000A103UP4 Облигация биржевая, 4B02-495-01481-B-001P, RU000A103UQ2 Облигация биржевая, 4B02-496-01481-B-001P, RU000A103UR0 Облигация биржевая, 4B02-498-01481-B-001P, RU000A103VP2 Облигация биржевая, 4B02-499-01481-B-001P, RU000A103VQ0 Облигация биржевая, 4B02-501-01481-B-001P, RU000A103X90 Облигация биржевая, 4B02-506-01481-B-001P, RU000A103Y57 Облигация биржевая, 4B02-505-01481-B-001P, RU000A103Y40 Облигация биржевая, 4B02-502-01481-B-001P Облигация биржевая, 4B02-503-01481-B-001P, RU000A103Y16 Облигация биржевая, 4B02-507-01481-B-001P, RU000A103YV4 Облигация биржевая, 4B02-508-01481-B-001P Облигация биржевая, 4B02-509-01481-B-001P, RU000A103ZJ6 Облигация биржевая, 4B02-511-01481-B-001P, RU000A1040J7 Облигация биржевая, 4B02-512-01481-B-001P, RU000A1040T6 Облигация биржевая, 4B02-513-01481-B-001P, RU000A1040U4 Облигация биржевая, 4B02-514-01481-B-001P, RU000A1040Y6 Облигация биржевая, 4B02-515-01481-B-001P, RU000A1041N7 Облигация биржевая, 4B02-516-01481-B-001P, RU000A1041M9 Облигация биржевая, 4B02-517-01481-B-001P, RU000A1043H5 Облигация биржевая, 4B02-519-01481-B-001P, RU000A1044Y8 Облигация биржевая, 4B02-520-01481-B-001P, RU000A1044X0 Облигация биржевая, 4B02-521-01481-B-001P, RU000A1044W2 Облигация биржевая, 4B02-522-01481-B-001P, RU000A1044V4 Облигация биржевая, 4B02-523-01481-B-001P, RU000A1045F4 Облигация биржевая, 4B02-525-01481-B-001P Облигация биржевая, 4B02-526-01481-B-001P, RU000A1047L8 Облигация биржевая, 4B02-527-01481-B-001P, RU000A1047M6 Облигация биржевая, 4B02-528-01481-B-001P, RU000A1047N4 Облигация биржевая, 4B02-529-01481-B-001P, RU000A1047P9 Облигация биржевая, 4B02-530-01481-B-001P, RU000A1049R1 Облигация биржевая, 4B02-531-01481-B-001P, RU000A104A96 Облигация биржевая, 4B02-535-01481-B-001P, RU000A104AH1 Облигация биржевая, 4B02-533-01481-B-001P, RU000A104AF5 Облигация биржевая, 4B02-538-01481-B-001P, RU000A104CY2 Облигация биржевая, 4B02-539-01481-B-001P, RU000A104CZ9 Облигация биржевая, 4B02-537-01481-B-001P, RU000A104CS4 Облигация биржевая, 4B02-536-01481-B-001P, RU000A104CR6 Облигация биржевая, 4B02-540-01481-B-001P, RU000A104ES0 Облигация биржевая, 4B02-541-01481-B-001P, RU000A104FL2 Облигация биржевая, 4B02-542-01481-B-001P, RU000A104FK4 Облигация биржевая, 4B02-546-01481-B-001P, RU000A104FZ2 Облигация биржевая, 4B02-548-01481-B-001P, RU000A104H08 Облигация биржевая, 4B02-549-01481-B-001P, RU000A104JY7 Облигация биржевая, 4B02-550-01481-B-001P, RU000A104JX9 Облигация биржевая, 4B02-551-01481-B-001P, RU000A104KE7 Облигация биржевая, 4B02-552-01481-B-001P, RU000A104KK4 Облигация биржевая, 4B02-553-01481-B-001P, RU000A104KL2 Облигация биржевая, 4B02-554-01481-B-001P, RU000A104KX7 Облигация биржевая, 4B02-555-01481-B-001P, RU000A104KY5 Облигация биржевая, 4B02-556-01481-B-001P, RU000A104KZ2 Облигация биржевая, 4B02-558-01481-B-001P Облигация биржевая, 4B02-557-01481-B-001P, RU000A104L02 Облигация биржевая, 4B02-559-01481-B-001P, RU000A105179 Облигация биржевая, 4B02-560-01481-B-001P, RU000A105161 Облигация биржевая, 4B02-561-01481-B-001P, RU000A105401 Облигация биржевая, 4B02-562-01481-B-001P, RU000A1054X9 Облигация биржевая, 4B02-564-01481-B-001P Облигация биржевая, 4B02-565-01481-B-001P, RU000A1057K9 Облигация биржевая, 4B02-566-01481-B-001P Облигация биржевая, 4B02-568-01481-B-001P, RU000A1059D0 Облигация биржевая, 4B02-570-01481-B-001P, RU000A105BK0 Облигация биржевая, 4B02-572-01481-B-001P, RU000A105GQ6 Облигация биржевая, 4B02-575-01481-B-001P, RU000A105MD2 Облигация биржевая, 4B02-577-01481-B-001P, RU000A105PA1 Облигация биржевая, 4B02-579-01481-B-001P, RU000A105R96 Облигация биржевая, 4B02-581-01481-B-001P, RU000A105S87 Облигация биржевая, 4B02-583-01481-B-001P Облигация биржевая, 4B02-586-01481-B-001P, RU000A105W57 Облигация биржевая, 4B02-587-01481-B-001P, RU000A105WX9 Облигация биржевая, 4B02-589-01481-B-001P, RU000A105ZR4 Облигация биржевая, 4B02-590-01481-B-001P, RU000A1061E4 Облигация биржевая, 4B02-593-01481-B-001P, RU000A1065F2 Облигация биржевая, 4B02-02-01481-B-002P, RU000A1069P3 Облигация биржевая, 4B02-596-01481-B-001P, RU000A106AB9 Облигация биржевая, 4B02-598-01481-B-001P, RU000A106AQ7 Облигация биржевая, 4B02-597-01481-B-001P, RU000A106AP9 Облигация биржевая, 4B02-600-01481-B-001P, RU000A106D83 Облигация биржевая, 4B02-603-01481-B-001P, RU000A106EX5 Облигация биржевая, 4B02-604-01481-B-001P, RU000A106G64 Облигация биржевая, 4B02-606-01481-B-001P Облигация биржевая, 4B02-607-01481-B-001P, RU000A106L18 Облигация биржевая, 4B02-609-01481-B-001P, RU000A106M09 Облигация биржевая, 4B02-608-01481-B-001P, RU000A106LZ5 Облигация биржевая, 4B02-610-01481-B-001P, RU000A106QL4 Облигация биржевая, 4B02-611-01481-B-001P, RU000A106RY5 Облигация биржевая, 4B02-612-01481-B-001P, RU000A106SD7 Облигация биржевая, 4B02-613-01481-B-001P, RU000A106TT1 Облигация биржевая, 4B02-614-01481-B-001P, RU000A106TU9 Облигация биржевая, 4B02-616-01481-B-001P, RU000A106XQ9 Облигация биржевая, 4B02-617-01481-B-001P, RU000A106XR7 Облигация биржевая, 4B02-620-01481-B-001P, RU000A107464 Облигация биржевая, 4B02-621-01481-B-001P, RU000A1074S7 Облигация биржевая, 4B02-625-01481-B-001P, RU000A107985 Облигация биржевая, 4B02-626-01481-B-001P, RU000A1079B2 Облигация биржевая, 4B02-03-01481-B-002P Облигация биржевая, 4B02-04-01481-B-002P Облигация биржевая, 4B02-628-01481-B-001P, RU000A107DB1 Облигация биржевая, 4B02-629-01481-B-001P, RU000A107DC9 Облигация биржевая, 4B02-630-01481-B-001P, RU000A107J45 Облигация биржевая, 4B02-631-01481-B-001P, RU000A107P88 Облигация биржевая, 4B02-632-01481-B-001P, RU000A107Q04 Облигация биржевая, 4B02-633-01481-B-001P, RU000A107RW7 Облигация биржевая, 4B02-636-01481-B-001P, RU000A107S77 Облигация биржевая, 4B02-635-01481-B-001P, RU000A107S69 Облигация биржевая, 4B02-637-01481-B-001P, RU000A107SR5 Облигация биржевая, 4B02-638-01481-B-001P, RU000A107UR1 Облигация биржевая, 4B02-639-01481-B-001P, RU000A107W97 Облигация биржевая, 4B02-640-01481-B-001P, RU000A107Y46 Облигация биржевая, 4B02-642-01481-B-001P, RU000A1080T2 Облигация биржевая, 4B02-643-01481-B-001P, RU000A1080W6 Облигация биржевая, 4B02-644-01481-B-001P, RU000A108413 Облигация биржевая, 4B02-645-01481-B-001P, RU000A108421 Облигация биржевая, 4B02-646-01481-B-001P, RU000A1088K4 Облигация биржевая, 4B02-647-01481-B-001P, RU000A1088L2 Облигация биржевая, 4B02-648-01481-B-001P, RU000A108C09 Облигация биржевая, 4B02-649-01481-B-001P, RU000A108DG8 Облигация биржевая, 4B02-650-01481-B-001P, RU000A108E64 Облигация биржевая, 4B02-651-01481-B-001P, RU000A108K25 Облигация биржевая, 4B02-653-01481-B-001P, RU000A108LV0 Облигация биржевая, 4B02-652-01481-B-001P, RU000A108LG1 Облигация биржевая, 4B02-654-01481-B-001P, RU000A108Q60 Облигация биржевая, 4B02-655-01481-B-001P, RU000A108QH8 Облигация биржевая, 4B02-656-01481-B-001P, RU000A108QJ4 Облигация биржевая, 4B02-657-01481-B-001P, RU000A108TC3 Облигация биржевая, 4B02-659-01481-B-001P, RU000A108U80 Облигация биржевая, 4B02-658-01481-B-001P, RU000A108U98 Облигация биржевая, 4B02-660-01481-B-001P, RU000A108WH6 Облигация биржевая, 4B02-662-01481-B-001P, RU000A108Z10 Облигация биржевая, 4B02-661-01481-B-001P, RU000A108Z02 Облигация биржевая, 4B02-663-01481-B-001P, RU000A1092K6 Облигация биржевая, 4B02-664-01481-B-001P, RU000A1093H0 Облигация биржевая, 4B02-05-01481-B-002P, RU000A1092X9 Облигация биржевая, 4B02-665-01481-B-001P, RU000A1093J6 Облигация биржевая, 4B02-666-01481-B-001P, RU000A1093K4 Облигация биржевая, 4B02-667-01481-B-001P, RU000A1097A6 Облигация биржевая, 4B02-668-01481-B-001P, RU000A1097R0 Облигация биржевая, 4B02-669-01481-B-001P, RU000A109833 Облигация биржевая, 4B02-670-01481-B-001P, RU000A109841 Облигация биржевая, 4B02-671-01481-B-001P, RU000A109A34 Облигация биржевая, 4B02-672-01481-B-001P, RU000A109A42 Облигация биржевая, 4B02-673-01481-B-001P, RU000A109DR3 Облигация биржевая, 4B02-674-01481-B-001P, RU000A109F39 Облигация биржевая, 4B02-676-01481-B-001P, RU000A109JK5 Облигация биржевая, 4B02-675-01481-B-001P, RU000A109JJ7 Облигация биржевая, 4B02-677-01481-B-001P, RU000A109LL9 Облигация биржевая, 4B02-678-01481-B-001P Облигация биржевая, 4B02-679-01481-B-001P, RU000A109LG9 Облигация биржевая, 4B02-680-01481-B-001P, RU000A109QS3 Облигация биржевая, 4B02-681-01481-B-001P, RU000A109S75 Облигация биржевая, 4B02-682-01481-B-001P, RU000A109S67 Облигация биржевая, 4B02-686-01481-B-001P, RU000A109X37 Облигация биржевая, 4B02-684-01481-B-001P, RU000A109TS7 Облигация биржевая, 4B02-683-01481-B-001P, RU000A109TR9 Облигация биржевая, 4B02-685-01481-B-001P, RU000A109X03 Облигация биржевая, 4B02-687-01481-B-001P, RU000A109YF4 Облигация биржевая, 4B02-688-01481-B-001P, RU000A109YH0 Облигация биржевая, 4B02-689-01481-B-001P, RU000A109YG2 Облигация биржевая, 4B02-690-01481-B-001P, RU000A10A182 Облигация биржевая, 4B02-691-01481-B-001P, RU000A10A2Y9 Облигация биржевая, 4B02-06-01481-B-002P, RU000A10A3L4 Облигация биржевая, 4B02-693-01481-B-001P, RU000A10A6N3 Облигация биржевая, 4B02-692-01481-B-001P, RU000A10A5J3 Облигация биржевая, 4B02-694-01481-B-001P, RU000A10A6X2 Облигация биржевая, 4B02-695-01481-B-001P, RU000A10A6Y0 Облигация биржевая, 4B02-696-01481-B-001P, RU000A10A7N1 Облигация биржевая, 4B02-697-01481-B-001P, RU000A10AEC6 Облигация биржевая, 4B02-698-01481-B-001P, RU000A10AEA0 Облигация биржевая, 4B02-699-01481-B-001P, RU000A10AMK2 Облигация биржевая, 4B02-700-01481-B-001P, RU000A10AN80 Облигация биржевая, 4B02-701-01481-B-001P, RU000A10AN98 Облигация биржевая, 4B02-702-01481-B-001P, RU000A10AND5 Облигация биржевая, 4B02-703-01481-B-001P, RU000A10ANF0 Облигация биржевая, 4B02-704-01481-B-001P, RU000A10AQF3 Облигация биржевая, 4B02-705-01481-B-001P, RU000A10AQZ1 Облигация биржевая, 4B02-706-01481-B-001P, RU000A10AR45 Облигация биржевая, 4B02-707-01481-B-001P, RU000A10ASA0 Облигация биржевая, 4B02-708-01481-B-001P, RU000A10AS85 Облигация биржевая, 4B02-709-01481-B-001P, RU000A10AT92 Облигация биржевая, 4B02-710-01481-B-001P, RU000A10AUJ7 Облигация биржевая, 4B02-711-01481-B-001P, RU000A10AVC0 Облигация биржевая, 4B02-712-01481-B-001P, RU000A10AVB2 Облигация биржевая, 4B02-713-01481-B-001P, RU000A10AXQ6 Облигация биржевая, 4B02-714-01481-B-001P, RU000A10AYH3 Облигация биржевая, 4B02-717-01481-B-001P, RU000A10AYR2 Облигация биржевая, 4B02-715-01481-B-001P, RU000A10AYP6 Облигация биржевая, 4B02-716-01481-B-001P, RU000A10AYQ4 Облигация биржевая, 4B02-718-01481-B-001P, RU000A10AYZ5 Облигация биржевая, 4B02-719-01481-B-001P, RU000A10AZU3 Облигация биржевая, 4B02-720-01481-B-001P, RU000A10AZV1 Облигация биржевая, 4B02-723-01481-B-001P, RU000A10B0F1 Облигация биржевая, 4B02-721-01481-B-001P, RU000A10B0D6 Облигация биржевая, 4B02-722-01481-B-001P, RU000A10B0E4 Облигация биржевая, 4B02-724-01481-B-001P, RU000A10B1S2 Облигация биржевая, 4B02-725-01481-B-001P, RU000A10B1T0 Облигация биржевая, 4B02-728-01481-B-001P, RU000A10B4P2 Облигация биржевая, 4B02-726-01481-B-001P, RU000A10B4M9 Облигация биржевая, 4B02-727-01481-B-001P, RU000A10B4N7 Облигация биржевая, 4B02-07-01481-B-002P Облигация биржевая, 4B02-08-01481-B-002P Облигация биржевая, 4B02-730-01481-B-001P Облигация биржевая, 4B02-729-01481-B-001P",https://www.sberbank.com,http://www.e-disclosure.ru/portal/company.aspx?id=3043,09.06.2014 00:00:00,,,,,,
43,24.03.2025 00:00:00,1187,Первый уровень,567,Акции,Акция привилегированная,акции привилегированные,SBERP,RU0009029557,20301481B,11.07.2007 00:00:00,"Публичное акционерное общество ""Сбербанк России""",7707083893,3,Рубль,1000000000,16.07.2007 00:00:00,,,,,+,,,,,,,,,"09.06.2014 Включение в Первый уровень 16.07.2007 Включение в Котировальный список ""А"" первого уровня",,,,,РПС: Акции - адрес. РЕПО в ин. валюте: USD РЕПО c облигациями Т+ Неполные лоты (акции) РЕПО с ЦК 1 день РЕПО с ЦК Адресное Т+ Акции и ДР РПС с ЦК: Акции и ДР - адрес. РЕПО в ин. валюте: EUR Поставка по СК (акции) РЕПО с ЦК 1 день (расч. в USD) РЕПО с ЦК 1 день (расч. в EUR) РЕПО с ЦК 7 дн. РЕПО с ЦК адр. (расч. в USD) РЕПО с ЦК адр.(расч. в EUR) РЕПО с ЦК 7 дней c расчетами в долларах США РЕПО с ЦК 7 дней c расчетами в евро Продажа обеспечения бирж.рынок - безадрес. РЕПО с ЦК адр. (расч. в CNY) РЕПО с ЦК 1 день (расч. в CNY) РЕПО в ин. валюте: CNY Урегулирование РЕПО с ЦК Нерезиденты - безадрес. РПС с ЦК Нерезиденты: Акции и ДР - адрес. Урегулирование с ЦК Нерезиденты - безадрес. РЕПО с ЦК 7 дн. (расч. в CNY) ОТС: Акции РПС с ЦК - адресные,"Акция обыкновенная, 10301481B, RU0009029540 Облигация биржевая, 4B024601481B001P Облигация биржевая, 4B0211601481B001P, RU000A100MZ6 Облигация биржевая, 4B02-234-01481-B-001P, RU000A101JW7 Облигация биржевая, 4B02-233-01481-B-001P, RU000A101HK6 Облигация биржевая, 4B02-236-01481-B-001P, RU000A101J58 Облигация биржевая, 4B02-237-01481-B-001P, RU000A101J41 Облигация биржевая, 4B02-243-01481-B-001P, RU000A101KF0 Облигация биржевая, 4B02-241-01481-B-001P, RU000A101KH6 Облигация биржевая, 4B02-250-01481-B-001P, RU000A101LT9 Облигация биржевая, 4B02-251-01481-B-001P, RU000A101LU7 Облигация биржевая, 4B02-247-01481-B-001P, RU000A101L21 Облигация биржевая, 4B02-249-01481-B-001P, RU000A101LB7 Облигация биржевая, 4B02-252-01481-B-001P, RU000A101LF8 Облигация биржевая, 4B02-258-01481-B-001P, RU000A101SS6 Облигация биржевая, 4B02-253-01481-B-001P, RU000A101MH2 Облигация биржевая, 4B02-262-01481-B-001P, RU000A101QJ9 Облигация биржевая, 4B02-256-01481-B-001P Облигация биржевая, 4B02-261-01481-B-001P Облигация биржевая, 4B02-260-01481-B-001P Облигация биржевая, 4B02-259-01481-B-001P Облигация биржевая, 4B02-265-01481-B-001P, RU000A101QV4 Облигация биржевая, 4B02-266-01481-B-001P, RU000A101QY8 Облигация биржевая, 4B02-270-01481-B-001P, RU000A101QX0 Облигация биржевая, 4B02-272-01481-B-001P, RU000A101S32 Облигация биржевая, 4B02-274-01481-B-001P, RU000A101SW8 Облигация биржевая, 4B02-277-01481-B-001P, RU000A101T23 Облигация биржевая, 4B02-276-01481-B-001P, RU000A101T31 Облигация биржевая, 4B02-279-01481-B-001P, RU000A101TZ9 Облигация биржевая, 4B02-282-01481-B-001P, RU000A101V11 Облигация биржевая, 4B02-281-01481-B-001P, RU000A101UZ7 Облигация биржевая, 4B02-284-01481-B-001P, RU000A101VL5 Облигация биржевая, 4B02-285-01481-B-001P, RU000A101VK7 Облигация биржевая, 4B02-286-01481-B-001P, RU000A101VS0 Облигация биржевая, 4B02-289-01481-B-001P, RU000A101W28 Облигация биржевая, 4B02-291-01481-B-001P, RU000A101WT6 Облигация биржевая, 4B02-290-01481-B-001P, RU000A101W36 Облигация биржевая, 4B02-292-01481-B-001P, RU000A101WG3 Облигация биржевая, 4B02-293-01481-B-001P, RU000A101WV2 Облигация биржевая, 4B02-294-01481-B-001P, RU000A101WU4 Облигация биржевая, 4B02-295-01481-B-001P, RU000A101Y83 Облигация биржевая, 4B02-296-01481-B-001P, RU000A101Y75 Облигация биржевая, 4B02-298-01481-B-001P, RU000A101ZQ5 Облигация биржевая, 4B02-297-01481-B-001P, RU000A101YG9 Облигация биржевая, 4B02-301-01481-B-001P, RU000A101ZV5 Облигация биржевая, 4B02-304-01481-B-001P, RU000A101ZR3 Облигация биржевая, 4B02-303-01481-B-001P, RU000A101ZS1 Облигация биржевая, 4B02-307-01481-B-001P, RU000A1020G5 Облигация биржевая, 4B02-306-01481-B-001P, RU000A1020F7 Облигация биржевая, 4B02-309-01481-B-001P, RU000A102176 Облигация биржевая, 4B02-308-01481-B-001P, RU000A102168 Облигация биржевая, 4B02-310-01481-B-001P, RU000A1021M1 Облигация биржевая, 4B02-311-01481-B-001P, RU000A1021N9 Облигация биржевая, 4B02-312-01481-B-001P, RU000A1021P4 Облигация биржевая, 4B02-313-01481-B-001P, RU000A1021Q2 Облигация биржевая, 4B02-314-01481-B-001P, RU000A102242 Облигация биржевая, 4B02-315-01481-B-001P, RU000A102259 Облигация биржевая, 4B02-318-01481-B-001P, RU000A102283 Облигация биржевая, 4B02-321-01481-B-001P, RU000A1022R8 Облигация биржевая, 4B02-319-01481-B-001P, RU000A1022N7 Облигация биржевая, 4B02-323-01481-B-001P, RU000A102358 Облигация биржевая, 4B02-324-01481-B-001P, RU000A102341 Облигация биржевая, 4B02-326-01481-B-001P, RU000A102416 Облигация биржевая, 4B02-328-01481-B-001P, RU000A1023Y2 Облигация биржевая, 4B02-327-01481-B-001P, RU000A1023X4 Облигация биржевая, 4B02-325-01481-B-001P, RU000A1023Z9 Облигация биржевая, 4B02-330-01481-B-001P, RU000A1024M5 Облигация биржевая, 4B02-329-01481-B-001P, RU000A1024N3 Облигация биржевая, 4B02-331-01481-B-001P, RU000A1024T0 Облигация биржевая, 4B02-332-01481-B-001P, RU000A1025J8 Облигация биржевая, 4B02-333-01481-B-001P, RU000A1025L4 Облигация биржевая, 4B02-337-01481-B-001P, RU000A1025S9 Облигация биржевая, 4B02-336-01481-B-001P, RU000A1025R1 Облигация биржевая, 4B02-340-01481-B-001P, RU000A102622 Облигация биржевая, 4B02-339-01481-B-001P, RU000A102614 Облигация биржевая, 4B02-341-01481-B-001P, RU000A1026E7 Облигация биржевая, 4B02-344-01481-B-001P, RU000A1026M0 Облигация биржевая, 4B02-342-01481-B-001P, RU000A1026N8 Облигация биржевая, 4B02-343-01481-B-001P, RU000A1026P3 Облигация биржевая, 4B02-346-01481-B-001P, RU000A1027A3 Облигация биржевая, 4B02-347-01481-B-001P, RU000A1027B1 Облигация биржевая, 4B02-354-01481-B-001P, RU000A1029C5 Облигация биржевая, 4B02-355-01481-B-001P, RU000A1029E1 Облигация биржевая, 4B02-352-01481-B-001P, RU000A1028J2 Облигация биржевая, 4B02-353-01481-B-001P, RU000A1028K0 Облигация биржевая, 4B02-357-01481-B-001P, RU000A102A56 Облигация биржевая, 4B02-356-01481-B-001P, RU000A102A64 Облигация биржевая, 4B02-358-01481-B-001P, RU000A1029R3 Облигация биржевая, 4B02-359-01481-B-001P, RU000A1029Q5 Облигация биржевая, 4B02-360-01481-B-001P, RU000A1029S1 Облигация биржевая, 4B02-363-01481-B-001P, RU000A102A72 Облигация биржевая, 4B02-364-01481-B-001P, RU000A102A80 Облигация биржевая, 4B02-371-01481-B-001P, RU000A102FQ5 Облигация биржевая, 4B02-367-01481-B-001P, RU000A102BE0 Облигация биржевая, 4B02-372-01481-B-001P, RU000A102BZ5 Облигация биржевая, 4B02-373-01481-B-001P, RU000A102C13 Облигация биржевая, 4B02-374-01481-B-001P, RU000A102BR2 Облигация биржевая, 4B02-375-01481-B-001P, RU000A102BS0 Облигация биржевая, 4B02-376-01481-B-001P, RU000A102C88 Облигация биржевая, 4B02-378-01481-B-001P, RU000A102CA6 Облигация биржевая, 4B02-377-01481-B-001P, RU000A102C96 Облигация биржевая, 4B02-379-01481-B-001P, RU000A102D38 Облигация биржевая, 4B02-380-01481-B-001P, RU000A102D87 Облигация биржевая, 4B02-382-01481-B-001P, RU000A102D61 Облигация биржевая, 4B02-381-01481-B-001P, RU000A102D53 Облигация биржевая, 4B02-387-01481-B-001P Облигация биржевая, 4B02-383-01481-B-001P, RU000A102DG1 Облигация биржевая, 4B02-384-01481-B-001P, RU000A102DF3 Облигация биржевая, 4B02-389-01481-B-001P, RU000A102FL6 Облигация биржевая, 4B02-393-01481-B-001P, RU000A102GL4 Облигация биржевая, 4B02-392-01481-B-001P, RU000A102GH2 Облигация биржевая, 4B02-391-01481-B-001P, RU000A102GG4 Облигация биржевая, 4B02-390-01481-B-001P, RU000A102G76 Облигация биржевая, 4B02-394-01481-B-001P, RU000A102GM2 Облигация биржевая, 4B02-395-01481-B-001P, RU000A102GN0 Облигация биржевая, 4B02-396-01481-B-001P, RU000A102GP5 Облигация биржевая, 4B02-397-01481-B-001P, RU000A102GQ3 Облигация биржевая, 4B02-398-01481-B-001P, RU000A102GR1 Облигация биржевая, 4B02-399-01481-B-001P, RU000A102GZ4 Облигация биржевая, 4B02-401-01481-B-001P, RU000A102HK4 Облигация биржевая, 4B02-400-01481-B-001P, RU000A102HH0 Облигация биржевая, 4B02-405-01481-B-001P, RU000A102JW5 Облигация биржевая, 4B02-407-01481-B-001P, RU000A103968 Облигация биржевая, 4B02-408-01481-B-001P, RU000A103JQ5 Облигация биржевая, 4B02-409-01481-B-001P Облигация биржевая, 4B02-410-01481-B-001P, RU000A102WA4 Облигация биржевая, 4B02-411-01481-B-001P, RU000A103281 Облигация биржевая, 4B02-412-01481-B-001P Облигация биржевая, 4B02-413-01481-B-001P Облигация биржевая, 4B02-414-01481-B-001P, RU000A104Y31 Облигация биржевая, 4B02-415-01481-B-001P, RU000A103TL5 Облигация биржевая, 4B02-416-01481-B-001P, RU000A102V69 Облигация биржевая, 4B02-417-01481-B-001P Облигация биржевая, 4B02-418-01481-B-001P, RU000A1031G2 Облигация биржевая, 4B02-419-01481-B-001P, RU000A102UC4 Облигация биржевая, 4B02-420-01481-B-001P, RU000A102RA4 Облигация корпоративная, 4-02-01481-B-002P, RU000A102HC1 Облигация биржевая, 4B02-421-01481-B-001P Облигация биржевая, 4B02-422-01481-B-001P, RU000A103976 Облигация биржевая, 4B02-424-01481-B-001P, RU000A103TN1 Облигация биржевая, 4B02-426-01481-B-001P, RU000A102SU0 Облигация биржевая, 4B02-423-01481-B-001P, RU000A102RC0 Облигация биржевая, 4B02-425-01481-B-001P, RU000A102RD8 Облигация биржевая, 4B02-427-01481-B-001P, RU000A102RE6 Облигация биржевая, 4B02-433-01481-B-001P, RU000A102TD4 Облигация биржевая, 4B02-434-01481-B-001P, RU000A102TH5 Облигация биржевая, 4B02-435-01481-B-001P, RU000A102VD0 Облигация биржевая, 4B02-438-01481-B-001P, RU000A102W50 Облигация биржевая, 4B02-439-01481-B-001P, RU000A102WB2 Облигация биржевая, 4B02-440-01481-B-001P, RU000A102WC0 Облигация биржевая, 4B02-441-01481-B-001P, RU000A102X26 Облигация биржевая, 4B02-443-01481-B-001P, RU000A102YH5 Облигация биржевая, 4B02-442-01481-B-001P, RU000A102YG7 Облигация биржевая, 4B02-444-01481-B-001P, RU000A102ZZ4 Облигация биржевая, 4B02-448-01481-B-001P, RU000A103216 Облигация биржевая, 4B02-449-01481-B-001P, RU000A103273 Облигация биржевая, 4B02-450-01481-B-001P, RU000A1032C9 Облигация биржевая, 4B02-451-01481-B-001P, RU000A1032N6 Облигация биржевая, 4B02-452-01481-B-001P, RU000A1032K2 Облигация биржевая, 4B02-453-01481-B-001P, RU000A1032L0 Облигация биржевая, 4B02-455-01481-B-001P, RU000A103539 Облигация биржевая, 4B02-457-01481-B-001P, RU000A103588 Облигация биржевая, 4B02-458-01481-B-001P, RU000A103596 Облигация биржевая, 4B02-459-01481-B-001P, RU000A103661 Облигация биржевая, 4B02-460-01481-B-001P, RU000A1038U8 Облигация биржевая, 4B02-461-01481-B-001P, RU000A103AF7 Облигация биржевая, 4B02-464-01481-B-001P, RU000A103AM3 Облигация биржевая, 4B02-465-01481-B-001P, RU000A103AP6 Облигация биржевая, 4B02-467-01481-B-001P, RU000A103C87 Облигация биржевая, 4B02-468-01481-B-001P, RU000A103CP2 Облигация биржевая, 4B02-469-01481-B-001P, RU000A103CR8 Облигация биржевая, 4B02-474-01481-B-001P, RU000A103G42 Облигация биржевая, 4B02-475-01481-B-001P, RU000A103G59 Облигация биржевая, 4B02-476-01481-B-001P Облигация биржевая, 4B02-470-01481-B-001P, RU000A103F92 Облигация биржевая, 4B02-471-01481-B-001P, RU000A103FA7 Облигация биржевая, 4B02-473-01481-B-001P, RU000A103FM2 Облигация биржевая, 4B02-478-01481-B-001P, RU000A103H66 Облигация биржевая, 4B02-479-01481-B-001P, RU000A103HE5 Облигация биржевая, 4B02-480-01481-B-001P, RU000A103JB7 Облигация биржевая, 4B02-483-01481-B-001P, RU000A103LE7 Облигация биржевая, 4B02-482-01481-B-001P, RU000A103LD9 Облигация биржевая, 4B02-484-01481-B-001P, RU000A103LF4 Облигация биржевая, 4B02-486-01481-B-001P, RU000A103MW7 Облигация биржевая, 4B02-487-01481-B-001P, RU000A103P25 Облигация биржевая, 4B02-488-01481-B-001P, RU000A103PF5 Облигация биржевая, 4B02-489-01481-B-001P, RU000A103PH1 Облигация корпоративная, 4-03-01481-B-002P, RU000A103Q24 Облигация корпоративная, 4-04-01481-B-002P, RU000A103QW8 Облигация биржевая, 4B02-490-01481-B-001P, RU000A103RU0 Облигация биржевая, 4B02-491-01481-B-001P, RU000A103RV8 Облигация биржевая, 4B02-492-01481-B-001P, RU000A103RW6 Облигация корпоративная, 4-05-01481-B-002P, RU000A103QX6 Облигация биржевая, 4B02-494-01481-B-001P, RU000A103UP4 Облигация биржевая, 4B02-495-01481-B-001P, RU000A103UQ2 Облигация биржевая, 4B02-496-01481-B-001P, RU000A103UR0 Облигация биржевая, 4B02-498-01481-B-001P, RU000A103VP2 Облигация биржевая, 4B02-499-01481-B-001P, RU000A103VQ0 Облигация биржевая, 4B02-501-01481-B-001P, RU000A103X90 Облигация биржевая, 4B02-506-01481-B-001P, RU000A103Y57 Облигация биржевая, 4B02-505-01481-B-001P, RU000A103Y40 Облигация биржевая, 4B02-502-01481-B-001P Облигация биржевая, 4B02-503-01481-B-001P, RU000A103Y16 Облигация биржевая, 4B02-507-01481-B-001P, RU000A103YV4 Облигация биржевая, 4B02-508-01481-B-001P Облигация биржевая, 4B02-509-01481-B-001P, RU000A103ZJ6 Облигация биржевая, 4B02-511-01481-B-001P, RU000A1040J7 Облигация биржевая, 4B02-512-01481-B-001P, RU000A1040T6 Облигация биржевая, 4B02-513-01481-B-001P, RU000A1040U4 Облигация биржевая, 4B02-514-01481-B-001P, RU000A1040Y6 Облигация биржевая, 4B02-515-01481-B-001P, RU000A1041N7 Облигация биржевая, 4B02-516-01481-B-001P, RU000A1041M9 Облигация биржевая, 4B02-517-01481-B-001P, RU000A1043H5 Облигация биржевая, 4B02-519-01481-B-001P, RU000A1044Y8 Облигация биржевая, 4B02-520-01481-B-001P, RU000A1044X0 Облигация биржевая, 4B02-521-01481-B-001P, RU000A1044W2 Облигация биржевая, 4B02-522-01481-B-001P, RU000A1044V4 Облигация биржевая, 4B02-523-01481-B-001P, RU000A1045F4 Облигация биржевая, 4B02-525-01481-B-001P Облигация биржевая, 4B02-526-01481-B-001P, RU000A1047L8 Облигация биржевая, 4B02-527-01481-B-001P, RU000A1047M6 Облигация биржевая, 4B02-528-01481-B-001P, RU000A1047N4 Облигация биржевая, 4B02-529-01481-B-001P, RU000A1047P9 Облигация биржевая, 4B02-530-01481-B-001P, RU000A1049R1 Облигация биржевая, 4B02-531-01481-B-001P, RU000A104A96 Облигация биржевая, 4B02-535-01481-B-001P, RU000A104AH1 Облигация биржевая, 4B02-533-01481-B-001P, RU000A104AF5 Облигация биржевая, 4B02-538-01481-B-001P, RU000A104CY2 Облигация биржевая, 4B02-539-01481-B-001P, RU000A104CZ9 Облигация биржевая, 4B02-537-01481-B-001P, RU000A104CS4 Облигация биржевая, 4B02-536-01481-B-001P, RU000A104CR6 Облигация биржевая, 4B02-540-01481-B-001P, RU000A104ES0 Облигация биржевая, 4B02-541-01481-B-001P, RU000A104FL2 Облигация биржевая, 4B02-542-01481-B-001P, RU000A104FK4 Облигация биржевая, 4B02-546-01481-B-001P, RU000A104FZ2 Облигация биржевая, 4B02-548-01481-B-001P, RU000A104H08 Облигация биржевая, 4B02-549-01481-B-001P, RU000A104JY7 Облигация биржевая, 4B02-550-01481-B-001P, RU000A104JX9 Облигация биржевая, 4B02-551-01481-B-001P, RU000A104KE7 Облигация биржевая, 4B02-552-01481-B-001P, RU000A104KK4 Облигация биржевая, 4B02-553-01481-B-001P, RU000A104KL2 Облигация биржевая, 4B02-554-01481-B-001P, RU000A104KX7 Облигация биржевая, 4B02-555-01481-B-001P, RU000A104KY5 Облигация биржевая, 4B02-556-01481-B-001P, RU000A104KZ2 Облигация биржевая, 4B02-558-01481-B-001P Облигация биржевая, 4B02-557-01481-B-001P, RU000A104L02 Облигация биржевая, 4B02-559-01481-B-001P, RU000A105179 Облигация биржевая, 4B02-560-01481-B-001P, RU000A105161 Облигация биржевая, 4B02-561-01481-B-001P, RU000A105401 Облигация биржевая, 4B02-562-01481-B-001P, RU000A1054X9 Облигация биржевая, 4B02-564-01481-B-001P Облигация биржевая, 4B02-565-01481-B-001P, RU000A1057K9 Облигация биржевая, 4B02-566-01481-B-001P Облигация биржевая, 4B02-568-01481-B-001P, RU000A1059D0 Облигация биржевая, 4B02-570-01481-B-001P, RU000A105BK0 Облигация биржевая, 4B02-572-01481-B-001P, RU000A105GQ6 Облигация биржевая, 4B02-575-01481-B-001P, RU000A105MD2 Облигация биржевая, 4B02-577-01481-B-001P, RU000A105PA1 Облигация биржевая, 4B02-579-01481-B-001P, RU000A105R96 Облигация биржевая, 4B02-581-01481-B-001P, RU000A105S87 Облигация биржевая, 4B02-583-01481-B-001P Облигация биржевая, 4B02-586-01481-B-001P, RU000A105W57 Облигация биржевая, 4B02-587-01481-B-001P, RU000A105WX9 Облигация биржевая, 4B02-589-01481-B-001P, RU000A105ZR4 Облигация биржевая, 4B02-590-01481-B-001P, RU000A1061E4 Облигация биржевая, 4B02-593-01481-B-001P, RU000A1065F2 Облигация биржевая, 4B02-02-01481-B-002P, RU000A1069P3 Облигация биржевая, 4B02-596-01481-B-001P, RU000A106AB9 Облигация биржевая, 4B02-598-01481-B-001P, RU000A106AQ7 Облигация биржевая, 4B02-597-01481-B-001P, RU000A106AP9 Облигация биржевая, 4B02-600-01481-B-001P, RU000A106D83 Облигация биржевая, 4B02-603-01481-B-001P, RU000A106EX5 Облигация биржевая, 4B02-604-01481-B-001P, RU000A106G64 Облигация биржевая, 4B02-606-01481-B-001P Облигация биржевая, 4B02-607-01481-B-001P, RU000A106L18 Облигация биржевая, 4B02-609-01481-B-001P, RU000A106M09 Облигация биржевая, 4B02-608-01481-B-001P, RU000A106LZ5 Облигация биржевая, 4B02-610-01481-B-001P, RU000A106QL4 Облигация биржевая, 4B02-611-01481-B-001P, RU000A106RY5 Облигация биржевая, 4B02-612-01481-B-001P, RU000A106SD7 Облигация биржевая, 4B02-613-01481-B-001P, RU000A106TT1 Облигация биржевая, 4B02-614-01481-B-001P, RU000A106TU9 Облигация биржевая, 4B02-616-01481-B-001P, RU000A106XQ9 Облигация биржевая, 4B02-617-01481-B-001P, RU000A106XR7 Облигация биржевая, 4B02-620-01481-B-001P, RU000A107464 Облигация биржевая, 4B02-621-01481-B-001P, RU000A1074S7 Облигация биржевая, 4B02-625-01481-B-001P, RU000A107985 Облигация биржевая, 4B02-626-01481-B-001P, RU000A1079B2 Облигация биржевая, 4B02-03-01481-B-002P Облигация биржевая, 4B02-04-01481-B-002P Облигация биржевая, 4B02-628-01481-B-001P, RU000A107DB1 Облигация биржевая, 4B02-629-01481-B-001P, RU000A107DC9 Облигация биржевая, 4B02-630-01481-B-001P, RU000A107J45 Облигация биржевая, 4B02-631-01481-B-001P, RU000A107P88 Облигация биржевая, 4B02-632-01481-B-001P, RU000A107Q04 Облигация биржевая, 4B02-633-01481-B-001P, RU000A107RW7 Облигация биржевая, 4B02-636-01481-B-001P, RU000A107S77 Облигация биржевая, 4B02-635-01481-B-001P, RU000A107S69 Облигация биржевая, 4B02-637-01481-B-001P, RU000A107SR5 Облигация биржевая, 4B02-638-01481-B-001P, RU000A107UR1 Облигация биржевая, 4B02-639-01481-B-001P, RU000A107W97 Облигация биржевая, 4B02-640-01481-B-001P, RU000A107Y46 Облигация биржевая, 4B02-642-01481-B-001P, RU000A1080T2 Облигация биржевая, 4B02-643-01481-B-001P, RU000A1080W6 Облигация биржевая, 4B02-644-01481-B-001P, RU000A108413 Облигация биржевая, 4B02-645-01481-B-001P, RU000A108421 Облигация биржевая, 4B02-646-01481-B-001P, RU000A1088K4 Облигация биржевая, 4B02-647-01481-B-001P, RU000A1088L2 Облигация биржевая, 4B02-648-01481-B-001P, RU000A108C09 Облигация биржевая, 4B02-649-01481-B-001P, RU000A108DG8 Облигация биржевая, 4B02-650-01481-B-001P, RU000A108E64 Облигация биржевая, 4B02-651-01481-B-001P, RU000A108K25 Облигация биржевая, 4B02-653-01481-B-001P, RU000A108LV0 Облигация биржевая, 4B02-652-01481-B-001P, RU000A108LG1 Облигация биржевая, 4B02-654-01481-B-001P, RU000A108Q60 Облигация биржевая, 4B02-655-01481-B-001P, RU000A108QH8 Облигация биржевая, 4B02-656-01481-B-001P, RU000A108QJ4 Облигация биржевая, 4B02-657-01481-B-001P, RU000A108TC3 Облигация биржевая, 4B02-659-01481-B-001P, RU000A108U80 Облигация биржевая, 4B02-658-01481-B-001P, RU000A108U98 Облигация биржевая, 4B02-660-01481-B-001P, RU000A108WH6 Облигация биржевая, 4B02-662-01481-B-001P, RU000A108Z10 Облигация биржевая, 4B02-661-01481-B-001P, RU000A108Z02 Облигация биржевая, 4B02-663-01481-B-001P, RU000A1092K6 Облигация биржевая, 4B02-664-01481-B-001P, RU000A1093H0 Облигация биржевая, 4B02-05-01481-B-002P, RU000A1092X9 Облигация биржевая, 4B02-665-01481-B-001P, RU000A1093J6 Облигация биржевая, 4B02-666-01481-B-001P, RU000A1093K4 Облигация биржевая, 4B02-667-01481-B-001P, RU000A1097A6 Облигация биржевая, 4B02-668-01481-B-001P, RU000A1097R0 Облигация биржевая, 4B02-669-01481-B-001P, RU000A109833 Облигация биржевая, 4B02-670-01481-B-001P, RU000A109841 Облигация биржевая, 4B02-671-01481-B-001P, RU000A109A34 Облигация биржевая, 4B02-672-01481-B-001P, RU000A109A42 Облигация биржевая, 4B02-673-01481-B-001P, RU000A109DR3 Облигация биржевая, 4B02-674-01481-B-001P, RU000A109F39 Облигация биржевая, 4B02-676-01481-B-001P, RU000A109JK5 Облигация биржевая, 4B02-675-01481-B-001P, RU000A109JJ7 Облигация биржевая, 4B02-677-01481-B-001P, RU000A109LL9 Облигация биржевая, 4B02-678-01481-B-001P Облигация биржевая, 4B02-679-01481-B-001P, RU000A109LG9 Облигация биржевая, 4B02-680-01481-B-001P, RU000A109QS3 Облигация биржевая, 4B02-681-01481-B-001P, RU000A109S75 Облигация биржевая, 4B02-682-01481-B-001P, RU000A109S67 Облигация биржевая, 4B02-686-01481-B-001P, RU000A109X37 Облигация биржевая, 4B02-684-01481-B-001P, RU000A109TS7 Облигация биржевая, 4B02-683-01481-B-001P, RU000A109TR9 Облигация биржевая, 4B02-685-01481-B-001P, RU000A109X03 Облигация биржевая, 4B02-687-01481-B-001P, RU000A109YF4 Облигация биржевая, 4B02-688-01481-B-001P, RU000A109YH0 Облигация биржевая, 4B02-689-01481-B-001P, RU000A109YG2 Облигация биржевая, 4B02-690-01481-B-001P, RU000A10A182 Облигация биржевая, 4B02-691-01481-B-001P, RU000A10A2Y9 Облигация биржевая, 4B02-06-01481-B-002P, RU000A10A3L4 Облигация биржевая, 4B02-693-01481-B-001P, RU000A10A6N3 Облигация биржевая, 4B02-692-01481-B-001P, RU000A10A5J3 Облигация биржевая, 4B02-694-01481-B-001P, RU000A10A6X2 Облигация биржевая, 4B02-695-01481-B-001P, RU000A10A6Y0 Облигация биржевая, 4B02-696-01481-B-001P, RU000A10A7N1 Облигация биржевая, 4B02-697-01481-B-001P, RU000A10AEC6 Облигация биржевая, 4B02-698-01481-B-001P, RU000A10AEA0 Облигация биржевая, 4B02-699-01481-B-001P, RU000A10AMK2 Облигация биржевая, 4B02-700-01481-B-001P, RU000A10AN80 Облигация биржевая, 4B02-701-01481-B-001P, RU000A10AN98 Облигация биржевая, 4B02-702-01481-B-001P, RU000A10AND5 Облигация биржевая, 4B02-703-01481-B-001P, RU000A10ANF0 Облигация биржевая, 4B02-704-01481-B-001P, RU000A10AQF3 Облигация биржевая, 4B02-705-01481-B-001P, RU000A10AQZ1 Облигация биржевая, 4B02-706-01481-B-001P, RU000A10AR45 Облигация биржевая, 4B02-707-01481-B-001P, RU000A10ASA0 Облигация биржевая, 4B02-708-01481-B-001P, RU000A10AS85 Облигация биржевая, 4B02-709-01481-B-001P, RU000A10AT92 Облигация биржевая, 4B02-710-01481-B-001P, RU000A10AUJ7 Облигация биржевая, 4B02-711-01481-B-001P, RU000A10AVC0 Облигация биржевая, 4B02-712-01481-B-001P, RU000A10AVB2 Облигация биржевая, 4B02-713-01481-B-001P, RU000A10AXQ6 Облигация биржевая, 4B02-714-01481-B-001P, RU000A10AYH3 Облигация биржевая, 4B02-717-01481-B-001P, RU000A10AYR2 Облигация биржевая, 4B02-715-01481-B-001P, RU000A10AYP6 Облигация биржевая, 4B02-716-01481-B-001P, RU000A10AYQ4 Облигация биржевая, 4B02-718-01481-B-001P, RU000A10AYZ5 Облигация биржевая, 4B02-719-01481-B-001P, RU000A10AZU3 Облигация биржевая, 4B02-720-01481-B-001P, RU000A10AZV1 Облигация биржевая, 4B02-723-01481-B-001P, RU000A10B0F1 Облигация биржевая, 4B02-721-01481-B-001P, RU000A10B0D6 Облигация биржевая, 4B02-722-01481-B-001P, RU000A10B0E4 Облигация биржевая, 4B02-724-01481-B-001P, RU000A10B1S2 Облигация биржевая, 4B02-725-01481-B-001P, RU000A10B1T0 Облигация биржевая, 4B02-728-01481-B-001P, RU000A10B4P2 Облигация биржевая, 4B02-726-01481-B-001P, RU000A10B4M9 Облигация биржевая, 4B02-727-01481-B-001P, RU000A10B4N7 Облигация биржевая, 4B02-07-01481-B-002P Облигация биржевая, 4B02-08-01481-B-002P Облигация биржевая, 4B02-730-01481-B-001P Облигация биржевая, 4B02-729-01481-B-001P",https://www.sberbank.com,http://www.e-disclosure.ru/portal/company.aspx?id=3043,09.06.2014 00:00:00,,,,,,
44,24.03.2025 00:00:00,195,Первый уровень,587,Акции,Акция обыкновенная,акции обыкновенные,CHMF,RU0009046510,1-02-00143-A,30.11.2004 00:00:00,"Публичное акционерное общество ""Северсталь""",3528000597,"0,01",Рубль,837718660,02.06.2005 00:00:00,,,,,+,,,,,,,,,"09.06.2014 Включение в Первый уровень 08.04.2014 Включение в Котировальный список ""А"" второго уровня 02.06.2005 Включение в Котировальный список ""Б""",,,,,РПС: Акции - адрес. РЕПО в ин. валюте: USD РЕПО c облигациями РЕПО с ЦК 1 день РЕПО с ЦК Адресное Т+ Акции и ДР РПС с ЦК: Акции и ДР - адрес. РЕПО в ин. валюте: EUR Поставка по СК (акции) РЕПО с ЦК 1 день (расч. в USD) РЕПО с ЦК 1 день (расч. в EUR) РЕПО с ЦК 7 дн. РЕПО с ЦК адр. (расч. в USD) РЕПО с ЦК адр.(расч. в EUR) РЕПО с ЦК 7 дней c расчетами в долларах США РЕПО с ЦК 7 дней c расчетами в евро Продажа обеспечения бирж.рынок - безадрес. РЕПО с ЦК адр. (расч. в CNY) РЕПО с ЦК 1 день (расч. в CNY) РЕПО в ин. валюте: CNY Урегулирование РЕПО с ЦК Нерезиденты - безадрес. РПС с ЦК Нерезиденты: Акции и ДР - адрес. Урегулирование с ЦК Нерезиденты - безадрес. РЕПО с ЦК 7 дн. (расч. в CNY) ОТС: Акции РПС с ЦК - адресные,"Облигация биржевая, 4B02-06-00143-A, RU000A1008W7 Облигация биржевая, 4B02-07-00143-A, RU000A1008L0 Облигация биржевая, 4B02-08-00143-A Облигация биржевая, 4B02-09-00143-A",https://www.severstal.com/rus/,https://www.e-disclosure.ru/portal/company.aspx?id=30,09.06.2014 00:00:00,,,,,,
45,24.03.2025 00:00:00,3687,Первый уровень,588,Акции,Акция обыкновенная,акции обыкновенные,SELG,RU000A0JPR50,1-01-32694-F,23.05.2007 00:00:00,"Публичное акционерное общество ""Селигдар""",1402047184,1,Рубль,1030000000,21.09.2011 00:00:00,,,,,+,,,,,,,,,"29.07.2022 Включение в Первый уровень 23.09.2019 Включение в Второй уровень 09.06.2014 Включение в Первый уровень 01.08.2012 Включение в Котировальный список ""А"" второго уровня 30.11.2011 Включение в Котировальный список ""А"" первого уровня 21.09.2011 Включение в Перечень внесписочных ценных бумаг",,,,,РПС: Акции - адрес. РЕПО в ин. валюте: USD РЕПО c облигациями Т+ Неполные лоты (акции) РЕПО с ЦК 1 день РЕПО с ЦК Адресное Т+ Акции и ДР РПС с ЦК: Акции и ДР - адрес. РЕПО в ин. валюте: EUR РЕПО с ЦК 1 день (расч. в USD) РЕПО с ЦК 1 день (расч. в EUR) РЕПО с ЦК 7 дн. РЕПО с ЦК адр. (расч. в USD) РЕПО с ЦК адр.(расч. в EUR) РЕПО с ЦК 7 дней c расчетами в долларах США РЕПО с ЦК 7 дней c расчетами в евро Продажа обеспечения бирж.рынок - безадрес. РЕПО с ЦК адр. (расч. в CNY) РЕПО с ЦК 1 день (расч. в CNY) РЕПО в ин. валюте: CNY Урегулирование РЕПО с ЦК Нерезиденты - безадрес. РПС с ЦК Нерезиденты: Акции и ДР - адрес. Урегулирование с ЦК Нерезиденты - безадрес. РЕПО с ЦК 7 дн. (расч. в CNY) ОТС: Акции РПС с ЦК - адресные,"Облигация биржевая, 4B02-01-32694-F-001P, RU000A105CS1 Облигация корпоративная, 4-01-32694-F-001P, RU000A1062M5 Облигация корпоративная, 4-02-32694-F-001P, RU000A106XD7 Облигация корпоративная, 4-03-32694-F-001P, RU000A108RQ7 Облигация корпоративная, 4-04-32694-F-001P, RU000A10ABK5 Облигация биржевая, 4B02-02-32694-F-001P, RU000A10B1X2",https://seligdar.ru/investors/disclosure/,http://www.e-disclosure.ru/portal/company.aspx?id=12557,29.07.2022 00:00:00,,,,,,
46,24.03.2025 00:00:00,19754,Первый уровень,589,Акции,Акция обыкновенная,акции обыкновенные,SVCB,RU000A0ZZAC4,10100963B,07.07.2014 00:00:00,"Публичное акционерное общество ""Совкомбанк""",4401116480,"0,1",Рубль,20693945875,30.11.2023 00:00:00,,,,,+,,,,,,,,,15.12.2023 Включение в Первый уровень,,,,,РПС: Акции - адрес. РЕПО в ин. валюте: USD РЕПО c облигациями Т+ Неполные лоты (акции) РЕПО с ЦК 1 день РЕПО с ЦК Адресное Т+ Акции и ДР РПС с ЦК: Акции и ДР - адрес. РЕПО в ин. валюте: EUR Поставка по СК (акции) РЕПО с ЦК 1 день (расч. в USD) РЕПО с ЦК 1 день (расч. в EUR) РЕПО с ЦК 7 дн. РЕПО с ЦК адр. (расч. в USD) РЕПО с ЦК адр.(расч. в EUR) РЕПО с ЦК 7 дней c расчетами в долларах США РЕПО с ЦК 7 дней c расчетами в евро Продажа обеспечения бирж.рынок - безадрес. РЕПО с ЦК адр. (расч. в CNY) РЕПО с ЦК 1 день (расч. в CNY) РЕПО в ин. валюте: CNY Урегулирование РЕПО с ЦК Нерезиденты - безадрес. РПС с ЦК Нерезиденты: Акции и ДР - адрес. Урегулирование с ЦК Нерезиденты - безадрес. РЕПО с ЦК 7 дн. (расч. в CNY) ОТС: Акции РПС с ЦК - адресные,"Облигация биржевая, 4B020500963B, RU000A0ZYJR6 Облигация корпоративная, 41000963B, RU000A0ZYX28 Облигация корпоративная, 41400963B, RU000A0ZYWZ2 Облигация биржевая, 4B020100963B001P, RU000A100DZ5 Облигация биржевая, 4B02-03-00963-B-001P, RU000A101MB5 Облигация биржевая, 4B02-09-00963-B-001P, RU000A109VL8 Облигация корпоративная, 4-15-00963-B, RU000A1052C7 Облигация корпоративная, 4-17-00963-B, RU000A107B84 Облигация корпоративная, 4-18-00963-B, RU000A107C59 Облигация корпоративная, 4-19-00963-B, RU000A107CM0 Облигация корпоративная, 4-20-00963-B, RU000A107E99 Облигация биржевая, 4B02-07-00963-B-001P Облигация биржевая, 4B02-08-00963-B-001P Облигация биржевая, 4B02-10-00963-B-001P, RU000A10A422",https://sovcombank.ru/,http://www.e-disclosure.ru/portal/company.aspx?id=30052,15.12.2023 00:00:00,,,,,,
47,24.03.2025 00:00:00,9332,Первый уровень,596,Акции,Акция обыкновенная,акции обыкновенные,FLOT,RU000A0JXNU8,1-01-10613-A,22.08.1996 00:00:00,"Публичное акционерное общество ""Современный коммерческий флот""",7702060116,1,Рубль,2374993901,05.10.2020 00:00:00,,,,,+,,,,,,,,,07.10.2020 Включение в Первый уровень,,,,,РПС: Акции - адрес. РЕПО в ин. валюте: USD РЕПО c облигациями Т+ Неполные лоты (акции) РЕПО с ЦК 1 день РЕПО с ЦК Адресное Т+ Акции и ДР РПС с ЦК: Акции и ДР - адрес. РЕПО в ин. валюте: EUR Поставка по СК (акции) РЕПО с ЦК 1 день (расч. в USD) РЕПО с ЦК 1 день (расч. в EUR) РЕПО с ЦК 7 дн. РЕПО с ЦК адр. (расч. в USD) РЕПО с ЦК адр.(расч. в EUR) РЕПО с ЦК 7 дней c расчетами в долларах США РЕПО с ЦК 7 дней c расчетами в евро Продажа обеспечения бирж.рынок - безадрес. РЕПО с ЦК адр. (расч. в CNY) РЕПО с ЦК 1 день (расч. в CNY) РЕПО в ин. валюте: CNY Урегулирование РЕПО с ЦК Нерезиденты - безадрес. РПС с ЦК Нерезиденты: Акции и ДР - адрес. Урегулирование с ЦК Нерезиденты - безадрес. РЕПО с ЦК 7 дн. (расч. в CNY) ОТС: Акции РПС с ЦК - адресные,"Облигация корпоративная, 4-02-10613-A, RU000A105A87 Облигация биржевая, 4B02-01-10613-A-001P, RU000A1060Q0",http://www.scf-group.ru/investors/disclosure/,https://www.e-disclosure.ru/portal/company.aspx?id=11967,07.10.2020 00:00:00,,,,,,
48,24.03.2025 00:00:00,1209,Первый уровень,597,Акции,Акция обыкновенная,акции обыкновенные,TGKA,RU000A0JNUD0,1-01-03388-D,17.05.2005 00:00:00,"Публичное акционерное общество ""Территориальная генерирующая компания №1""",7841312071,"0,01",Рубль,"3854341416571,43",21.12.2007 00:00:00,,,,,+,,,,,,,,,"09.06.2014 Включение в Первый уровень 15.07.2009 Включение в Котировальный список ""А"" первого уровня 14.05.2008 Включение в Котировальный список ""А"" второго уровня 21.12.2007 Включение в Котировальный список ""Б""",,,,,РПС: Акции - адрес. РЕПО в ин. валюте: USD РЕПО c облигациями Т+ Неполные лоты (акции) РЕПО с ЦК 1 день РЕПО с ЦК Адресное Т+ Акции и ДР РПС с ЦК: Акции и ДР - адрес. РЕПО в ин. валюте: EUR РЕПО с ЦК 1 день (расч. в USD) РЕПО с ЦК 1 день (расч. в EUR) РЕПО с ЦК 7 дн. РЕПО с ЦК адр. (расч. в USD) РЕПО с ЦК адр.(расч. в EUR) РЕПО с ЦК 7 дней c расчетами в долларах США РЕПО с ЦК 7 дней c расчетами в евро Продажа обеспечения бирж.рынок - безадрес. РЕПО с ЦК адр. (расч. в CNY) РЕПО с ЦК 1 день (расч. в CNY) РЕПО в ин. валюте: CNY Урегулирование РЕПО с ЦК Нерезиденты - безадрес. РПС с ЦК Нерезиденты: Акции и ДР - адрес. Урегулирование с ЦК Нерезиденты - безадрес. РЕПО с ЦК 7 дн. (расч. в CNY) ОТС: Акции РПС с ЦК - адресные,"Облигация биржевая, 4B02-01-03388-D-001P, RU000A105NB4",http://www.tgc1.ru/ir/disclosure/substantial/,http://www.e-disclosure.ru/portal/company.aspx?id=7263,09.06.2014 00:00:00,,,,,,
49,24.03.2025 00:00:00,1230,Первый уровень,599,Акции,Акция привилегированная,акции привилегированные,TRNFP,RU0009091573,2-01-00206-A,20.12.2007 00:00:00,"Публичное акционерное общество ""Транснефть""",7706061801,"0,01",Рубль,155487500,03.12.2004 00:00:00,,,,,+,,,,,,,,,"09.06.2014 Включение в Первый уровень 16.12.2013 Включение в Котировальный список ""А"" первого уровня 03.12.2004 Включение в Котировальный список ""Б""",,,,,РПС: Акции - адрес. РЕПО в ин. валюте: USD РЕПО c облигациями РЕПО с ЦК 1 день РЕПО с ЦК Адресное Т+ Акции и ДР РПС с ЦК: Акции и ДР - адрес. РЕПО в ин. валюте: EUR Поставка по СК (акции) РЕПО с ЦК 1 день (расч. в USD) РЕПО с ЦК 1 день (расч. в EUR) РЕПО с ЦК 7 дн. РЕПО с ЦК адр. (расч. в USD) РЕПО с ЦК адр.(расч. в EUR) РЕПО с ЦК 7 дней c расчетами в долларах США РЕПО с ЦК 7 дней c расчетами в евро Продажа обеспечения бирж.рынок - безадрес. РЕПО с ЦК адр. (расч. в CNY) РЕПО с ЦК 1 день (расч. в CNY) РЕПО в ин. валюте: CNY Урегулирование РЕПО с ЦК Нерезиденты - безадрес. РПС с ЦК Нерезиденты: Акции и ДР - адрес. Урегулирование с ЦК Нерезиденты - безадрес. РЕПО с ЦК 7 дн. (расч. в CNY) ОТС: Акции РПС с ЦК - адресные,"Облигация биржевая, 4B02-08-00206-A-001P, RU000A0ZYDD9 Облигация биржевая, 4B02-13-00206-A-001P, RU000A1010B7",www.transneft.ru,http://www.e-disclosure.ru/portal/company.aspx?id=636,09.06.2014 00:00:00,,,,,,
50,24.03.2025 00:00:00,141,Первый уровень,602,Акции,Акция обыкновенная,акции обыкновенные,HYDR,RU000A0JPKH7,1-01-55038-E,22.02.2005 00:00:00,"Публичное акционерное общество ""Федеральная гидрогенерирующая компания - РусГидро""",2460066195,1,Рубль,444793377038,04.02.2008 00:00:00,,,,,+,,,,,,,,,"09.06.2014 Включение в Первый уровень 18.08.2008 Включение в Котировальный список ""А"" первого уровня 28.05.2008 Включение в Котировальный список ""Б"" 04.02.2008 Включение в Котировальный список ""В""",,,,,РПС: Акции - адрес. РЕПО в ин. валюте: USD РЕПО c облигациями Т+ Неполные лоты (акции) РЕПО с ЦК 1 день РЕПО с ЦК Адресное Т+ Акции и ДР РПС с ЦК: Акции и ДР - адрес. РЕПО в ин. валюте: EUR Поставка по СК (акции) РЕПО с ЦК 1 день (расч. в USD) РЕПО с ЦК 1 день (расч. в EUR) РЕПО с ЦК 7 дн. РЕПО с ЦК адр. (расч. в USD) РЕПО с ЦК адр.(расч. в EUR) РЕПО с ЦК 7 дней c расчетами в долларах США РЕПО с ЦК 7 дней c расчетами в евро Продажа обеспечения бирж.рынок - безадрес. РЕПО с ЦК адр. (расч. в CNY) РЕПО с ЦК 1 день (расч. в CNY) РЕПО в ин. валюте: CNY Урегулирование РЕПО с ЦК Нерезиденты - безадрес. РПС с ЦК Нерезиденты: Акции и ДР - адрес. Урегулирование с ЦК Нерезиденты - безадрес. РЕПО с ЦК 7 дн. (расч. в CNY) ОТС: Акции РПС с ЦК - адресные,"Облигация корпоративная, 4-09-55038-E, RU000A0JVD25 Облигация биржевая, 4B02-06-55038-E-001P, RU000A1057P8 Облигация биржевая, 4B02-07-55038-E-001P, RU000A105HC4 Облигация биржевая, 4B02-09-55038-E-001P, RU000A105SL2 Облигация биржевая, 4B02-10-55038-E-001P, RU000A106037 Облигация биржевая, 4B02-11-55038-E-001P, RU000A106GD2 Облигация биржевая, 4B02-12-55038-E-001P, RU000A106ZU6 Облигация биржевая, 4B02-01-55038-E-002P, RU000A10A349 Облигация биржевая, 4B02-02-55038-E-002P, RU000A10A6B8 Облигация биржевая, 4B02-03-55038-E-002P, RU000A10A6C6 Облигация биржевая, 4B02-04-55038-E-002P, RU000A10A8H1 Облигация биржевая, 4B02-05-55038-E-002P, RU000A10AEB8",http://www.rushydro.ru,https://www.e-disclosure.ru/portal/company.aspx?id=8580,09.06.2014 00:00:00,,,,,,
51,24.03.2025 00:00:00,1477,Первый уровень,604,Акции,Акция обыкновенная,акции обыкновенные,FEES,RU000A0JPNN9,1-01-65018-D,10.09.2002 00:00:00,"Публичное акционерное общество ""Федеральная сетевая компания - Россети""",4716016979,"0,5",Рубль,2113460101477,26.06.2008 00:00:00,,,,,+,,,,,,,,,"09.06.2014 Включение в Первый уровень 03.06.2014 Включение в Котировальный список ""А"" второго уровня 15.12.2008 Включение в Котировальный список ""Б"" 26.06.2008 Включение в Котировальный список ""В""",,,,,РПС: Акции - адрес. РЕПО в ин. валюте: USD РЕПО c облигациями Т+ Неполные лоты (акции) РЕПО с ЦК 1 день РЕПО с ЦК Адресное Т+ Акции и ДР РПС с ЦК: Акции и ДР - адрес. РЕПО в ин. валюте: EUR Поставка по СК (акции) РЕПО с ЦК 1 день (расч. в USD) РЕПО с ЦК 1 день (расч. в EUR) РЕПО с ЦК 7 дн. РЕПО с ЦК адр. (расч. в USD) РЕПО с ЦК адр.(расч. в EUR) РЕПО с ЦК 7 дней c расчетами в долларах США РЕПО с ЦК 7 дней c расчетами в евро Продажа обеспечения бирж.рынок - безадрес. РЕПО с ЦК адр. (расч. в CNY) РЕПО с ЦК 1 день (расч. в CNY) РЕПО в ин. валюте: CNY Урегулирование РЕПО с ЦК Нерезиденты - безадрес. РПС с ЦК Нерезиденты: Акции и ДР - адрес. Урегулирование с ЦК Нерезиденты - безадрес. РЕПО с ЦК 7 дн. (расч. в CNY) ОТС: Акции РПС с ЦК - адресные,"Облигация биржевая, 4B02-02-65018-D, RU000A0JX090 Облигация биржевая, 4B02-04-65018-D, RU000A0ZYJ91 Облигация биржевая, 4B02-05-65018-D, RU000A1056S4 Облигация биржевая, 4B02-06-65018-D, RU000A105DN0 Облигация биржевая, 4B02-07-65018-D, RU000A105DR1 Облигация биржевая, 4B02-08-65018-D Облигация корпоративная, 4-22-65018-D, RU000A0JSQ58 Облигация корпоративная, 4-21-65018-D, RU000A0JT7T2 Облигация корпоративная, 4-28-65018-D, RU000A0JTYK4 Облигация корпоративная, 4-23-65018-D, RU000A0JTYJ6 Облигация корпоративная, 4-26-65018-D, RU000A0JU2K9 Облигация корпоративная, 4-27-65018-D, RU000A0JU2L7 Облигация корпоративная, 4-29-65018-D, RU000A0JU7S1 Облигация корпоративная, 4-30-65018-D, RU000A0JUC92 Облигация корпоративная, 4-34-65018-D, RU000A0JUCA9 Облигация корпоративная, 4-37-65018-D, RU000A0JVCB5 Облигация корпоративная, 4-38-65018-D, RU000A0JVDD9 Облигация биржевая, 4B02-03-65018-D-001P, RU000A1036S6 Облигация биржевая, 4B02-04-65018-D-001P, RU000A101CL5 Облигация биржевая, 4B02-02-65018-D-001P, RU000A1028T1 Облигация биржевая, 4B02-05-65018-D-001P, RU000A101LX1 Облигация биржевая, 4B02-02-55385-E-001P, RU000A101MG4 Облигация биржевая, 4B02-06-65018-D-001P, RU000A105559 Облигация биржевая, 4B02-07-65018-D-001P, RU000A105PH6 Облигация биржевая, 4B02-08-65018-D-001P, RU000A105VQ5 Облигация биржевая, 4B02-09-65018-D-001P, RU000A1065C9 Облигация биржевая, 4B02-10-65018-D-001P, RU000A1065A3 Облигация биржевая, 4B02-11-65018-D-001P, RU000A107CG2 Облигация биржевая, 4B02-12-65018-D-001P, RU000A107D17 Облигация биржевая, 4B02-13-65018-D-001P, RU000A109528 Облигация биржевая, 4B02-14-65018-D-001P, RU000A109ZQ8 Облигация биржевая, 4B02-15-65018-D-001P, RU000A10ASB8 Облигация биржевая, 4B02-16-65018-D-001P, RU000A10ATT8",https://www.rosseti.ru/shareholders-and-investors/disclosure-of-information/,http://www.e-disclosure.ru/portal/company.aspx?id=379,09.06.2014 00:00:00,,,,,,
52,24.03.2025 00:00:00,4161,Первый уровень,610,Акции,Акция обыкновенная,акции обыкновенные,PHOR,RU000A0JRKT8,1-02-06556-A,14.02.2012 00:00:00,"Публичное акционерное общество ""ФосАгро""",7736216869,"2,5",Рубль,129500000,20.03.2012 00:00:00,,,,,+,,,,,,,,,"09.06.2014 Включение в Первый уровень 28.02.2013 Включение в Котировальный список ""А"" первого уровня 14.11.2012 Включение в Котировальный список ""Б"" 20.03.2012 Включение в Котировальный список ""В""",,,,,РПС: Акции - адрес. РЕПО в ин. валюте: USD РЕПО c облигациями РЕПО с ЦК 1 день РЕПО с ЦК Адресное Т+ Акции и ДР РПС с ЦК: Акции и ДР - адрес. РЕПО в ин. валюте: EUR Поставка по СК (акции) РЕПО с ЦК 1 день (расч. в USD) РЕПО с ЦК 1 день (расч. в EUR) РЕПО с ЦК 7 дн. РЕПО с ЦК адр. (расч. в USD) РЕПО с ЦК адр.(расч. в EUR) РЕПО с ЦК 7 дней c расчетами в долларах США РЕПО с ЦК 7 дней c расчетами в евро Продажа обеспечения бирж.рынок - безадрес. РЕПО с ЦК адр. (расч. в CNY) РЕПО с ЦК 1 день (расч. в CNY) РЕПО в ин. валюте: CNY Урегулирование РЕПО с ЦК Нерезиденты - безадрес. РПС с ЦК Нерезиденты: Акции и ДР - адрес. Урегулирование с ЦК Нерезиденты - безадрес. РЕПО с ЦК 7 дн. (расч. в CNY) ОТС: Акции РПС с ЦК - адресные,"Облигация биржевая, 4B02-01-06556-A-001P, RU000A106516 Облигация биржевая, 4B02-02-06556-A-001P, RU000A1063Z5 Облигация корпоративная, 4-02-06556-A, RU000A106G56 Облигация биржевая, 4B02-03-06556-A-001P, RU000A108LP2 Облигация биржевая, 4B02-04-06556-A-001P, RU000A109K40 Облигация биржевая, 4B02-01-06556-A-002P, RU000A10A4S7 Облигация биржевая, 4B02-02-06556-A-002P, RU000A10AXK9",https://www.phosagro.ru/,https://www.e-disclosure.ru/portal/company.aspx?id=573,09.06.2014 00:00:00,,,,,,
53,24.03.2025 00:00:00,293,Первый уровень,618,Акции,Акция обыкновенная,акции обыкновенные,ELFV,RU000A0F5UN3,1-01-50077-A,24.12.2004 00:00:00,"Публичное акционерное общество ""ЭЛ5-Энерго""",6671156423,1,Рубль,35371898370,23.01.2008 00:00:00,,,,,+,,,,,,,,,"09.06.2014 Включение в Первый уровень 23.01.2008 Включение в Котировальный список ""А"" первого уровня",,,,,РПС: Акции - адрес. РЕПО в ин. валюте: USD РЕПО c облигациями Т+ Неполные лоты (акции) РЕПО с ЦК 1 день РЕПО с ЦК Адресное Т+ Акции и ДР РПС с ЦК: Акции и ДР - адрес. РЕПО в ин. валюте: EUR РЕПО с ЦК 1 день (расч. в USD) РЕПО с ЦК 1 день (расч. в EUR) РЕПО с ЦК 7 дн. РЕПО с ЦК адр. (расч. в USD) РЕПО с ЦК адр.(расч. в EUR) РЕПО с ЦК 7 дней c расчетами в долларах США РЕПО с ЦК 7 дней c расчетами в евро Продажа обеспечения бирж.рынок - безадрес. РЕПО с ЦК адр. (расч. в CNY) РЕПО с ЦК 1 день (расч. в CNY) РЕПО в ин. валюте: CNY Урегулирование РЕПО с ЦК Нерезиденты - безадрес. РПС с ЦК Нерезиденты: Акции и ДР - адрес. Урегулирование с ЦК Нерезиденты - безадрес. РЕПО с ЦК 7 дн. (расч. в CNY) ОТС: Акции РПС с ЦК - адресные,,https://www.el5-energo.ru/,http://www.e-disclosure.ru/portal/company.aspx?id=5732,09.06.2014 00:00:00,,,,,,
54,24.03.2025 00:00:00,9162,Первый уровень,619,Акции,Акция обыкновенная,акции обыкновенные,SFIN,RU000A0JVW89,1-02-56453-P,01.10.2015 00:00:00,"Публичное акционерное общество ""ЭсЭфАй""",6164077483,"0,67",Рубль,50237005,03.12.2015 00:00:00,,,,,+,,,,,,,,,29.12.2021 Включение в Первый уровень 25.10.2021 Включение в Второй уровень 03.12.2015 Включение в Первый уровень,,,,,РПС: Акции - адрес. РЕПО в ин. валюте: USD РЕПО c облигациями РЕПО с ЦК 1 день РЕПО с ЦК Адресное Т+ Акции и ДР РПС с ЦК: Акции и ДР - адрес. РЕПО в ин. валюте: EUR Поставка по СК (акции) РЕПО с ЦК 1 день (расч. в USD) РЕПО с ЦК 1 день (расч. в EUR) РЕПО с ЦК 7 дн. РЕПО с ЦК адр. (расч. в USD) РЕПО с ЦК адр.(расч. в EUR) РЕПО с ЦК 7 дней c расчетами в долларах США РЕПО с ЦК 7 дней c расчетами в евро Продажа обеспечения бирж.рынок - безадрес. РЕПО с ЦК адр. (расч. в CNY) РЕПО с ЦК 1 день (расч. в CNY) РЕПО в ин. валюте: CNY Урегулирование РЕПО с ЦК Нерезиденты - безадрес. РПС с ЦК Нерезиденты: Акции и ДР - адрес. Урегулирование с ЦК Нерезиденты - безадрес. РЕПО с ЦК 7 дн. (расч. в CNY) ОТС: Акции РПС с ЦК - адресные,,https://sfiholding.ru/for-investors/#forinv_disclosure,https://sfi.e-disclosure.ru,29.12.2021 00:00:00,,,,,,
55,24.03.2025 00:00:00,291,Первый уровень,620,Акции,Акция обыкновенная,акции обыкновенные,UPRO,RU000A0JNGA5,1-02-65104-D,19.04.2007 00:00:00,"Публичное акционерное общество ""Юнипро""",8602067092,"0,4",Рубль,63048706145,11.05.2007 00:00:00,,,,,+,,,,,,,,,"01.09.2014 Включение в Первый уровень 09.06.2014 Включение в Второй уровень 11.05.2007 Включение в Котировальный список ""Б""",,,,,РПС: Акции - адрес. РЕПО в ин. валюте: USD РЕПО c облигациями Т+ Неполные лоты (акции) РЕПО с ЦК 1 день РЕПО с ЦК Адресное Т+ Акции и ДР РПС с ЦК: Акции и ДР - адрес. РЕПО в ин. валюте: EUR РЕПО с ЦК 1 день (расч. в USD) РЕПО с ЦК 1 день (расч. в EUR) РЕПО с ЦК 7 дн. РЕПО с ЦК адр. (расч. в USD) РЕПО с ЦК адр.(расч. в EUR) РЕПО с ЦК 7 дней c расчетами в долларах США РЕПО с ЦК 7 дней c расчетами в евро Продажа обеспечения бирж.рынок - безадрес. РЕПО с ЦК адр. (расч. в CNY) РЕПО с ЦК 1 день (расч. в CNY) РЕПО в ин. валюте: CNY Урегулирование РЕПО с ЦК Нерезиденты - безадрес. РПС с ЦК Нерезиденты: Акции и ДР - адрес. Урегулирование с ЦК Нерезиденты - безадрес. РЕПО с ЦК 7 дн. (расч. в CNY) ОТС: Акции РПС с ЦК - адресные,,http://www.unipro.energy/,http://www.e-disclosure.ru/portal/company.aspx?id=7878,01.09.2014 00:00:00,,,,,,
56,24.03.2025 00:00:00,19111,Первый уровень,621,Акции,Акция обыкновенная,акции обыкновенные,ASTR,RU000A106T36,1-01-01286-G,16.04.2021 00:00:00,Публичное акционерное общество Группа Астра,7726476459,"0,05",Рубль,210000000,04.10.2023 00:00:00,,,,,+,,,,,,,,,09.08.2024 Включение в Первый уровень 13.10.2023 Включение в Второй уровень,,,,,РПС: Акции - адрес. РЕПО в ин. валюте: USD РЕПО c облигациями РЕПО с ЦК 1 день РЕПО с ЦК Адресное Т+ Акции и ДР РПС с ЦК: Акции и ДР - адрес. РЕПО в ин. валюте: EUR Поставка по СК (акции) РЕПО с ЦК 1 день (расч. в USD) РЕПО с ЦК 1 день (расч. в EUR) РЕПО с ЦК 7 дн. РЕПО с ЦК адр. (расч. в USD) РЕПО с ЦК адр.(расч. в EUR) РЕПО с ЦК 7 дней c расчетами в долларах США РЕПО с ЦК 7 дней c расчетами в евро Продажа обеспечения бирж.рынок - безадрес. РЕПО с ЦК адр. (расч. в CNY) РЕПО с ЦК 1 день (расч. в CNY) РЕПО в ин. валюте: CNY Урегулирование РЕПО с ЦК Нерезиденты - безадрес. РПС с ЦК Нерезиденты: Акции и ДР - адрес. Урегулирование с ЦК Нерезиденты - безадрес. РЕПО с ЦК 7 дн. (расч. в CNY) ОТС: Акции РПС с ЦК - адресные,,https://astragroup.ru/investors/,https://www.e-disclosure.ru/portal/company.aspx?id=38906,09.08.2024 00:00:00,,,,,,
57,24.03.2025 00:00:00,15022,Первый уровень,622,Акции,Акция обыкновенная,акции обыкновенные,SGZH,RU000A102XG9,1-01-87154-H,18.12.2020 00:00:00,"Публичное акционерное общество Группа компаний ""Сегежа""",9703024202,"0,1",Рубль,15690000000,13.04.2021 00:00:00,,,,,+,,,,,,,,,28.04.2021 Включение в Первый уровень,,,,,РПС: Акции - адрес. РЕПО в ин. валюте: USD РЕПО c облигациями Т+ Неполные лоты (акции) РЕПО с ЦК 1 день РЕПО с ЦК Адресное Т+ Акции и ДР РПС с ЦК: Акции и ДР - адрес. РЕПО в ин. валюте: EUR Поставка по СК (акции) РЕПО с ЦК 1 день (расч. в USD) РЕПО с ЦК 1 день (расч. в EUR) РЕПО с ЦК 7 дн. РЕПО с ЦК адр. (расч. в USD) РЕПО с ЦК адр.(расч. в EUR) РЕПО с ЦК 7 дней c расчетами в долларах США РЕПО с ЦК 7 дней c расчетами в евро Продажа обеспечения бирж.рынок - безадрес. РЕПО с ЦК адр. (расч. в CNY) РЕПО с ЦК 1 день (расч. в CNY) РЕПО в ин. валюте: CNY Урегулирование РЕПО с ЦК Нерезиденты - безадрес. РПС с ЦК Нерезиденты: Акции и ДР - адрес. Урегулирование с ЦК Нерезиденты - безадрес. РЕПО с ЦК 7 дн. (расч. в CNY) ОТС: Акции РПС с ЦК - адресные,"Облигация биржевая, 4B02-01-87154-H-002P, RU000A1041B2 Облигация биржевая, 4B02-02-87154-H-002P, RU000A1043G7 Облигация биржевая, 4B02-03-87154-H-002P, RU000A104FG2 Облигация биржевая, 4B02-04-87154-H-002P, RU000A104UA4 Облигация биржевая, 4B02-05-87154-H-002P, RU000A1053P7 Облигация биржевая, 4B02-06-87154-H-002P, RU000A1055U2 Облигация биржевая, 4B02-01-87154-H-003P, RU000A105EW9 Облигация биржевая, 4B02-02-87154-H-003P, RU000A105SP3 Облигация биржевая, 4B02-03-87154-H-003P, RU000A107BP5 Облигация биржевая, 4B02-04-87154-H-003P, RU000A108991",https://segezha-group.com/investors/material-facts/,https://www.e-disclosure.ru/portal/company.aspx?id=38038,28.04.2021 00:00:00,,,,,,
58,24.03.2025 00:00:00,9654,Первый уровень,623,Акции,Акция обыкновенная,акции обыкновенные,RNFT,RU000A0JSE60,1-02-39134-H,05.10.2016 00:00:00,"Публичное акционерное общество Нефтегазовая компания ""РуссНефть""",7717133960,"0,5",Рубль,294120000,14.11.2016 00:00:00,,,,,+,,,,,,,,,18.11.2016 Включение в Первый уровень,,,,,РПС: Акции - адрес. РЕПО в ин. валюте: USD РЕПО c облигациями РЕПО с ЦК 1 день РЕПО с ЦК Адресное Т+ Акции и ДР РПС с ЦК: Акции и ДР - адрес. РЕПО в ин. валюте: EUR Поставка по СК (акции) РЕПО с ЦК 1 день (расч. в USD) РЕПО с ЦК 1 день (расч. в EUR) РЕПО с ЦК 7 дн. РЕПО с ЦК адр. (расч. в USD) РЕПО с ЦК адр.(расч. в EUR) РЕПО с ЦК 7 дней c расчетами в долларах США РЕПО с ЦК 7 дней c расчетами в евро Продажа обеспечения бирж.рынок - безадрес. РЕПО с ЦК адр. (расч. в CNY) РЕПО с ЦК 1 день (расч. в CNY) РЕПО в ин. валюте: CNY Урегулирование РЕПО с ЦК Нерезиденты - безадрес. РПС с ЦК Нерезиденты: Акции и ДР - адрес. Урегулирование с ЦК Нерезиденты - безадрес. РЕПО с ЦК 7 дн. (расч. в CNY) ОТС: Акции РПС с ЦК - адресные,,http://russneft.ru/shareholders/,http://www.e-disclosure.ru/portal/company.aspx?id=534,18.11.2016 00:00:00,,,,,,
59,24.03.2025 00:00:00,278,Первый уровень,624,Акции,Акция обыкновенная,акции обыкновенные,MSNG,RU0008958863,1-01-00085-A,17.06.2003 00:00:00,"Публичное акционерное общество энергетики и электрификации ""Мосэнерго""",7705035012,1,Рубль,39749359700,03.12.2004 00:00:00,,,,,+,,,,,,,,,"09.06.2014 Включение в Первый уровень 03.12.2004 Включение в Котировальный список ""А"" первого уровня",,,,,РПС: Акции - адрес. РЕПО в ин. валюте: USD РЕПО c облигациями Т+ Неполные лоты (акции) РЕПО с ЦК 1 день РЕПО с ЦК Адресное Т+ Акции и ДР РПС с ЦК: Акции и ДР - адрес. РЕПО в ин. валюте: EUR РЕПО с ЦК 1 день (расч. в USD) РЕПО с ЦК 1 день (расч. в EUR) РЕПО с ЦК 7 дн. РЕПО с ЦК адр. (расч. в USD) РЕПО с ЦК адр.(расч. в EUR) РЕПО с ЦК 7 дней c расчетами в долларах США РЕПО с ЦК 7 дней c расчетами в евро Продажа обеспечения бирж.рынок - безадрес. РЕПО с ЦК адр. (расч. в CNY) РЕПО с ЦК 1 день (расч. в CNY) РЕПО в ин. валюте: CNY Урегулирование РЕПО с ЦК Нерезиденты - безадрес. РПС с ЦК Нерезиденты: Акции и ДР - адрес. Урегулирование с ЦК Нерезиденты - безадрес. РЕПО с ЦК 7 дн. (расч. в CNY) ОТС: Акции РПС с ЦК - адресные,"Облигация биржевая, 4B02-01-00085-A Облигация биржевая, 4B02-03-00085-A Облигация биржевая, 4B02-01-00085-A-001P",https://mosenergo.gazprom.ru/investors/disclosures/,http://www.e-disclosure.ru/portal/company.aspx?id=936,09.06.2014 00:00:00,,,,,,
60,24.03.2025 00:00:00,14390,Первый уровень,697,Акции,Акция обыкновенная,акции обыкновенные,SMLT,RU000A0ZZG02,1-01-16493-A,22.03.2018 00:00:00,"публичное акционерное общество ""Группа компаний ""Самолет""",9731004688,25,Рубль,61579358,20.10.2020 00:00:00,,,,,+,,,,,,,,,08.12.2021 Включение в Первый уровень 20.10.2020 Включение в Третий уровень,,,,,РПС: Акции - адрес. РЕПО в ин. валюте: USD РЕПО c облигациями РЕПО с ЦК 1 день РЕПО с ЦК Адресное Т+ Акции и ДР РПС с ЦК: Акции и ДР - адрес. РЕПО в ин. валюте: EUR Поставка по СК (акции) РЕПО с ЦК 1 день (расч. в USD) РЕПО с ЦК 1 день (расч. в EUR) РЕПО с ЦК 7 дн. РЕПО с ЦК адр. (расч. в USD) РЕПО с ЦК адр.(расч. в EUR) РЕПО с ЦК 7 дней c расчетами в долларах США РЕПО с ЦК 7 дней c расчетами в евро Продажа обеспечения бирж.рынок - безадрес. РЕПО с ЦК адр. (расч. в CNY) РЕПО с ЦК 1 день (расч. в CNY) РЕПО в ин. валюте: CNY Урегулирование РЕПО с ЦК Нерезиденты - безадрес. РПС с ЦК Нерезиденты: Акции и ДР - адрес. Урегулирование с ЦК Нерезиденты - безадрес. РЕПО с ЦК 7 дн. (расч. в CNY) ОТС: Акции РПС с ЦК - адресные,"Облигация корпоративная, 4-01-36522-R, RU000A0JWYJ0 Облигация биржевая, 4B02-04-16493-A-001P, RU000A0ZZZZ2 Облигация биржевая, 4B02-05-16493-A-001P, RU000A100Q50 Облигация биржевая, 4B02-06-16493-A-001P, RU000A100QA0 Облигация биржевая, 4B02-11-16493-A-001P, RU000A104JQ3 Облигация биржевая, 4B02-12-16493-A-001P, RU000A104YT6 Облигация биржевая, 4B02-13-16493-A-001P, RU000A107RZ0 Облигация биржевая, 4B02-14-16493-A-001P, RU000A1095L7 Облигация биржевая, 4B02-15-16493-A-001P, RU000A109874",https://samolet.ru/,http://www.e-disclosure.ru/portal/company.aspx?id=36419,08.12.2021 00:00:00,,,,,,
61,24.03.2025 00:00:00,289,Первый уровень,703,Акции,Акция обыкновенная,акции обыкновенные,NVTK,RU000A0DKVS5,1-02-00268-E,20.07.2006 00:00:00,"публичное акционерное общество ""НОВАТЭК""",6316031581,"0,1",Рубль,3036306000,16.08.2006 00:00:00,,,,,+,,,,,,,,,"09.06.2014 Включение в Первый уровень 05.10.2009 Включение в Котировальный список ""А"" первого уровня 03.08.2009 Включение в Котировальный список ""А"" второго уровня 16.08.2006 Включение в Перечень внесписочных ценных бумаг",,,,,РПС: Акции - адрес. РЕПО в ин. валюте: USD РЕПО c облигациями РЕПО с ЦК 1 день РЕПО с ЦК Адресное Т+ Акции и ДР РПС с ЦК: Акции и ДР - адрес. РЕПО в ин. валюте: EUR Поставка по СК (акции) РЕПО с ЦК 1 день (расч. в USD) РЕПО с ЦК 1 день (расч. в EUR) РЕПО с ЦК 7 дн. РЕПО с ЦК адр. (расч. в USD) РЕПО с ЦК адр.(расч. в EUR) РЕПО с ЦК 7 дней c расчетами в долларах США РЕПО с ЦК 7 дней c расчетами в евро Продажа обеспечения бирж.рынок - безадрес. РЕПО с ЦК адр. (расч. в CNY) РЕПО с ЦК 1 день (расч. в CNY) РЕПО в ин. валюте: CNY Урегулирование РЕПО с ЦК Нерезиденты - безадрес. РПС с ЦК Нерезиденты: Акции и ДР - адрес. Урегулирование с ЦК Нерезиденты - безадрес. РЕПО с ЦК 7 дн. (расч. в CNY) ОТС: Акции РПС с ЦК - адресные,"Облигация биржевая, 4B02-05-00268-E Облигация биржевая, 4B02-06-00268-E Облигация биржевая, 4B02-07-00268-E Облигация биржевая, 4B02-08-00268-E Облигация биржевая, 4B02-01-00268-E-001P, RU000A106938 Облигация биржевая, 4B02-02-00268-E-001P, RU000A108G70 Облигация биржевая, 4B02-03-00268-E-001P, RU000A10AUX8",https://www.novatek.ru,https://www.e-disclosure.ru/portal/company.aspx?id=225,09.06.2014 00:00:00,,,,,,
62,24.03.2025 00:00:00,23,Первый уровень,704,Акции,Акция обыкновенная,акции обыкновенные,ROSN,RU000A0J2Q06,1-02-00122-A,29.09.2005 00:00:00,"публичное акционерное общество ""Нефтяная компания ""Роснефть""",7706107510,"0,01",Рубль,10598177817,11.12.2006 00:00:00,,,,,+,,,,,,,,,"09.06.2014 Включение в Первый уровень 20.05.2014 Включение в Котировальный список ""А"" второго уровня 11.12.2006 Включение в Котировальный список ""Б""",,,,,РПС: Акции - адрес. РЕПО в ин. валюте: USD РЕПО c облигациями РЕПО с ЦК 1 день РЕПО с ЦК Адресное Т+ Акции и ДР РПС с ЦК: Акции и ДР - адрес. РЕПО в ин. валюте: EUR Поставка по СК (акции) РЕПО с ЦК 1 день (расч. в USD) РЕПО с ЦК 1 день (расч. в EUR) РЕПО с ЦК 7 дн. РЕПО с ЦК адр. (расч. в USD) РЕПО с ЦК адр.(расч. в EUR) РЕПО с ЦК 7 дней c расчетами в долларах США РЕПО с ЦК 7 дней c расчетами в евро Продажа обеспечения бирж.рынок - безадрес. РЕПО с ЦК адр. (расч. в CNY) РЕПО с ЦК 1 день (расч. в CNY) РЕПО в ин. валюте: CNY Урегулирование РЕПО с ЦК Нерезиденты - безадрес. РПС с ЦК Нерезиденты: Акции и ДР - адрес. Урегулирование с ЦК Нерезиденты - безадрес. РЕПО с ЦК 7 дн. (расч. в CNY) ОТС: Акции РПС с ЦК - адресные,"Облигация биржевая, 4B02-01-00122-A-001P, RU000A0JX132 Облигация биржевая, 4B02-02-00122-A-001P, RU000A0JX355 Облигация биржевая, 4B02-03-00122-A-001P, RU000A0JX413 Облигация биржевая, 4B02-04-00122-A-001P, RU000A0JXQK2 Облигация биржевая, 4B02-05-00122-A-001P, RU000A0JXR68 Облигация биржевая, 4B02-06-00122-A-001P, RU000A0JXXD3 Облигация биржевая, 4B02-07-00122-A-001P, RU000A0JXXE1 Облигация биржевая, 4B02-08-00122-A-001P, RU000A0ZYCP5 Облигация биржевая, 4B02-01-00122-A-002P, RU000A0ZYJH7 Облигация биржевая, 4B02-02-00122-A-002P, RU000A0ZYJJ3 Облигация биржевая, 4B02-03-00122-A-002P, RU000A0ZYLG5 Облигация биржевая, 4B02-04-00122-A-002P, RU000A0ZYT40 Облигация биржевая, 4B02-05-00122-A-002P, RU000A0ZYVU5 Облигация биржевая, 4B02-06-00122-A-002P, RU000A1008P1 Облигация биржевая, 4B02-07-00122-A-002P, RU000A1008Q9 Облигация биржевая, 4B02-08-00122-A-002P, RU000A100KY3 Облигация биржевая, 4B02-09-00122-A-002P, RU000A100YQ0 Облигация биржевая, 4B02-10-00122-A-002P, RU000A101SF3 Облигация биржевая, 4B02-01-00122-A-003P, RU000A102EF1 Облигация биржевая, 4B02-02-00122-A-003P, RU000A102EE4 Облигация биржевая, 4B02-11-00122-A-002P, RU000A103FC3 Облигация биржевая, 4B02-12-00122-A-002P, RU000A1057S2 Облигация биржевая, 4B02-13-00122-A-002P, RU000A105ZC6 Облигация биржевая, 4B02-01-00122-A-004P, RU000A1083N9 Облигация биржевая, 4B02-02-00122-A-004P, RU000A109DY9 Облигация биржевая, 4B02-03-00122-A-004P, RU000A10A125",https://www.rosneft.ru/Investors/information/,http://www.e-disclosure.ru/portal/company.aspx?id=6505,09.06.2014 00:00:00,,,,,,
63,24.03.2025 00:00:00,1183,Первый уровень,721,Акции,Акция обыкновенная,акции обыкновенные,TATN,RU0009033591,1-03-00161-A,26.10.2001 00:00:00,"публичное акционерное общество ""Татнефть"" имени В.Д. Шашина",1644003838,1,Рубль,2178690700,03.12.2004 00:00:00,,,,,+,,,,,,,,,"09.06.2014 Включение в Первый уровень 03.12.2004 Включение в Котировальный список ""А"" первого уровня",,,,,РПС: Акции - адрес. РЕПО в ин. валюте: USD РЕПО c облигациями РЕПО с ЦК 1 день РЕПО с ЦК Адресное Т+ Акции и ДР РПС с ЦК: Акции и ДР - адрес. РЕПО в ин. валюте: EUR Поставка по СК (акции) РЕПО с ЦК 1 день (расч. в USD) РЕПО с ЦК 1 день (расч. в EUR) РЕПО с ЦК 7 дн. РЕПО с ЦК адр. (расч. в USD) РЕПО с ЦК адр.(расч. в EUR) РЕПО с ЦК 7 дней c расчетами в долларах США РЕПО с ЦК 7 дней c расчетами в евро Продажа обеспечения бирж.рынок - безадрес. РЕПО с ЦК адр. (расч. в CNY) РЕПО с ЦК 1 день (расч. в CNY) РЕПО в ин. валюте: CNY Урегулирование РЕПО с ЦК Нерезиденты - безадрес. РПС с ЦК Нерезиденты: Акции и ДР - адрес. Урегулирование с ЦК Нерезиденты - безадрес. РЕПО с ЦК 7 дн. (расч. в CNY) ОТС: Акции РПС с ЦК - адресные,"Акция привилегированная, 2-03-00161-A, RU0006944147 Облигация биржевая, 4B02-02-00161-A-001P Облигация биржевая, 4B02-03-00161-A-001P",http://www.tatneft.ru,http://disclosure.skrin.ru/disclosure/1644003838,09.06.2014 00:00:00,,,,,,
64,24.03.2025 00:00:00,1184,Первый уровень,722,Акции,Акция привилегированная,акции привилегированные,TATNP,RU0006944147,2-03-00161-A,26.10.2001 00:00:00,"публичное акционерное общество ""Татнефть"" имени В.Д. Шашина",1644003838,1,Рубль,147508500,03.12.2004 00:00:00,,,,,+,,,,,,,,,"09.06.2014 Включение в Первый уровень 03.12.2004 Включение в Котировальный список ""А"" первого уровня",,,,,РПС: Акции - адрес. РЕПО в ин. валюте: USD РЕПО c облигациями РЕПО с ЦК 1 день РЕПО с ЦК Адресное Т+ Акции и ДР РПС с ЦК: Акции и ДР - адрес. РЕПО в ин. валюте: EUR Поставка по СК (акции) РЕПО с ЦК 1 день (расч. в USD) РЕПО с ЦК 1 день (расч. в EUR) РЕПО с ЦК 7 дн. РЕПО с ЦК адр. (расч. в USD) РЕПО с ЦК адр.(расч. в EUR) РЕПО с ЦК 7 дней c расчетами в долларах США РЕПО с ЦК 7 дней c расчетами в евро Продажа обеспечения бирж.рынок - безадрес. РЕПО с ЦК адр. (расч. в CNY) РЕПО с ЦК 1 день (расч. в CNY) РЕПО в ин. валюте: CNY Урегулирование РЕПО с ЦК Нерезиденты - безадрес. РПС с ЦК Нерезиденты: Акции и ДР - адрес. Урегулирование с ЦК Нерезиденты - безадрес. РЕПО с ЦК 7 дн. (расч. в CNY) ОТС: Акции РПС с ЦК - адресные,"Акция обыкновенная, 1-03-00161-A, RU0009033591 Облигация биржевая, 4B02-02-00161-A-001P Облигация биржевая, 4B02-03-00161-A-001P",http://www.tatneft.ru,http://disclosure.skrin.ru/disclosure/1644003838,09.06.2014 00:00:00,,,,,,
65,24.03.2025 00:00:00,20834,Второй уровень,991,Акции,Акция обыкновенная,акции обыкновенные,PRMD,RU000A108JF7,1-01-01622-G,21.07.2021 00:00:00,"ПУБЛИЧНОЕ АКЦИОНЕРНОЕ ОБЩЕСТВО ""ПРОМОМЕД""",9702034818,1,Рубль,212500000,01.07.2024 00:00:00,,,,,+,,,,,,,,,12.07.2024 Включение в Второй уровень,,,,,РПС: Акции - адрес. РЕПО c облигациями РЕПО с ЦК 1 день РЕПО с ЦК Адресное Т+ Акции и ДР РПС с ЦК: Акции и ДР - адрес. Поставка по СК (акции) РЕПО с ЦК 7 дн. Продажа обеспечения бирж.рынок - безадрес. РЕПО с ЦК адр. (расч. в CNY) РЕПО с ЦК 1 день (расч. в CNY) РЕПО в ин. валюте: CNY Урегулирование РЕПО с ЦК Нерезиденты - безадрес. РПС с ЦК Нерезиденты: Акции и ДР - адрес. Урегулирование с ЦК Нерезиденты - безадрес. РЕПО с ЦК 7 дн. (расч. в CNY) ОТС: Акции РПС с ЦК - адресные,,https://promomed.ru/investors/information-disclosure-pao,https://www.e-disclosure.ru/portal/company.aspx?id=38533,12.07.2024 00:00:00,,,,,,
66,24.03.2025 00:00:00,19130,Второй уровень,992,Акции,Акция обыкновенная,акции обыкновенные,HNFG,RU000A106XF2,1-01-03109-G,11.07.2022 00:00:00,ПУБЛИЧНОЕ АКЦИОНЕРНОЕ ОБЩЕСТВО ХЭНДЕРСОН ФЭШН ГРУПП,5047265516,50,Рубль,40444445,24.10.2023 00:00:00,,,,,+,,,,,,,,,02.11.2023 Включение в Второй уровень,,,,,РПС: Акции - адрес. РЕПО в ин. валюте: USD РЕПО c облигациями РЕПО с ЦК 1 день РЕПО с ЦК Адресное Т+ Акции и ДР РПС с ЦК: Акции и ДР - адрес. РЕПО в ин. валюте: EUR РЕПО с ЦК 1 день (расч. в USD) РЕПО с ЦК 1 день (расч. в EUR) РЕПО с ЦК 7 дн. РЕПО с ЦК адр. (расч. в USD) РЕПО с ЦК адр.(расч. в EUR) РЕПО с ЦК 7 дней c расчетами в долларах США РЕПО с ЦК 7 дней c расчетами в евро Продажа обеспечения бирж.рынок - безадрес. РЕПО с ЦК адр. (расч. в CNY) РЕПО с ЦК 1 день (расч. в CNY) РЕПО в ин. валюте: CNY Урегулирование РЕПО с ЦК Нерезиденты - безадрес. РПС с ЦК Нерезиденты: Акции и ДР - адрес. Урегулирование с ЦК Нерезиденты - безадрес. РЕПО с ЦК 7 дн. (расч. в CNY) ОТС: Акции РПС с ЦК - адресные,,https://henderson.ru/company/public-joint-stock-company/,https://e-disclosure.ru/portal/company.aspx?id=38967,02.11.2023 00:00:00,,,,,,
67,24.03.2025 00:00:00,182,Второй уровень,997,Акции,Акция обыкновенная,акции обыкновенные,AKRN,RU0009028674,1-03-00207-A,10.11.2005 00:00:00,"Публичное акционерное общество ""Акрон""",5321029508,5,Рубль,36757156,27.12.2007 00:00:00,,,,,+,,,,,,,,,"01.12.2020 Включение в Второй уровень 09.06.2014 Включение в Первый уровень 13.05.2014 Включение в Котировальный список ""А"" второго уровня 27.12.2007 Включение в Котировальный список ""Б""",,,,,РПС: Акции - адрес. РЕПО в ин. валюте: USD РЕПО c облигациями РЕПО с ЦК 1 день РЕПО с ЦК Адресное Т+ Акции и ДР РПС с ЦК: Акции и ДР - адрес. РЕПО в ин. валюте: EUR РЕПО с ЦК 1 день (расч. в USD) РЕПО с ЦК 1 день (расч. в EUR) РЕПО с ЦК 7 дн. РЕПО с ЦК адр. (расч. в USD) РЕПО с ЦК адр.(расч. в EUR) РЕПО с ЦК 7 дней c расчетами в долларах США РЕПО с ЦК 7 дней c расчетами в евро Продажа обеспечения бирж.рынок - безадрес. РЕПО с ЦК адр. (расч. в CNY) РЕПО с ЦК 1 день (расч. в CNY) РЕПО в ин. валюте: CNY Урегулирование РЕПО с ЦК Нерезиденты - безадрес. РПС с ЦК Нерезиденты: Акции и ДР - адрес. Урегулирование с ЦК Нерезиденты - безадрес. РЕПО с ЦК 7 дн. (расч. в CNY) ОТС: Акции РПС с ЦК - адресные,"Облигация биржевая, 4B02-01-00207-A-001P, RU000A0JWV89 Облигация биржевая, 4B02-02-00207-A-001P, RU000A0JXSS1 Облигация биржевая, 4B02-04-00207-A-001P, RU000A108JH3 Облигация биржевая, 4B02-05-00207-A-001P, RU000A109XR1 Облигация биржевая, 4B02-06-00207-A-001P, RU000A10AA28 Облигация биржевая, 4B02-07-00207-A-001P, RU000A10B347",https://www.acron.ru,https://www.e-disclosure.ru/portal/company.aspx?id=357,01.12.2020 00:00:00,,,,,,
68,24.03.2025 00:00:00,1165,Второй уровень,1006,Акции,Акция обыкновенная,акции обыкновенные,APTK,RU0008081765,1-01-07335-A,14.08.2002 00:00:00,"Публичное акционерное общество ""Аптечная сеть 36,6""",7722266450,"0,64",Рубль,7630433826,02.08.2007 00:00:00,,,,,+,,,,,,,,,"09.06.2014 Включение в Второй уровень 23.06.2009 Включение в Котировальный список ""Б"" 13.02.2009 Включение в Перечень внесписочных ценных бумаг 02.08.2007 Включение в Котировальный список ""Б""",,,,,РПС: Акции - адрес. РЕПО в ин. валюте: USD РЕПО c облигациями Т+ Неполные лоты (акции) РЕПО с ЦК 1 день РЕПО с ЦК Адресное Т+ Акции и ДР РПС с ЦК: Акции и ДР - адрес. РЕПО в ин. валюте: EUR РЕПО с ЦК 1 день (расч. в USD) РЕПО с ЦК 1 день (расч. в EUR) РЕПО с ЦК 7 дн. РЕПО с ЦК адр. (расч. в USD) РЕПО с ЦК адр.(расч. в EUR) РЕПО с ЦК 7 дней c расчетами в долларах США РЕПО с ЦК 7 дней c расчетами в евро Продажа обеспечения бирж.рынок - безадрес. РЕПО с ЦК адр. (расч. в CNY) РЕПО с ЦК 1 день (расч. в CNY) РЕПО в ин. валюте: CNY Урегулирование РЕПО с ЦК Нерезиденты - безадрес. РПС с ЦК Нерезиденты: Акции и ДР - адрес. Урегулирование с ЦК Нерезиденты - безадрес. РЕПО с ЦК 7 дн. (расч. в CNY) ОТС: Акции РПС с ЦК - адресные,"Облигация биржевая, 4B02-01-07335-A-001P, RU000A1015T8 Облигация биржевая, 4B02-01-07335-A-002P, RU000A101T72 Облигация биржевая, 4B02-02-07335-A-002P",https://pharmacychain366.ru/investors/security,https://www.e-disclosure.ru/portal/company.aspx?id=1216,09.06.2014 00:00:00,,,,,,
69,24.03.2025 00:00:00,245,Второй уровень,1010,Акции,Акция обыкновенная,акции обыкновенные,ABIO,RU000A0JNAB6,1-01-08902-A,12.01.2004 00:00:00,"Публичное акционерное общество ""Артген биотех""",7702508905,"0,1",Рубль,92645451,22.05.2006 00:00:00,,,,,+,,,,,,,,,10.08.2023 Включение в Второй уровень 09.06.2014 Включение в Третий уровень 22.05.2006 Включение в Перечень внесписочных ценных бумаг,,,,,РПС: Акции - адрес. РЕПО в ин. валюте: USD РЕПО c облигациями Т+ Неполные лоты (акции) РЕПО с ЦК 1 день РЕПО с ЦК Адресное Т+ Акции и ДР РПС с ЦК: Акции и ДР - адрес. РЕПО в ин. валюте: EUR Поставка по СК (акции) РЕПО с ЦК 1 день (расч. в USD) РЕПО с ЦК 1 день (расч. в EUR) РЕПО с ЦК 7 дн. РЕПО с ЦК адр. (расч. в USD) РЕПО с ЦК адр.(расч. в EUR) РЕПО с ЦК 7 дней c расчетами в долларах США РЕПО с ЦК 7 дней c расчетами в евро Продажа обеспечения бирж.рынок - безадрес. РЕПО с ЦК адр. (расч. в CNY) РЕПО с ЦК 1 день (расч. в CNY) РЕПО в ин. валюте: CNY Урегулирование РЕПО с ЦК Нерезиденты - безадрес. РПС с ЦК Нерезиденты: Акции и ДР - адрес. Урегулирование с ЦК Нерезиденты - безадрес. РЕПО с ЦК 7 дн. (расч. в CNY) ОТС: Акции РПС с ЦК - адресные,"Облигация биржевая, 4B02-01-08902-A, RU000A103DT2",https://artgen.ru/,https://www.e-disclosure.ru/portal/company.aspx?id=7814,10.08.2023 00:00:00,,,,,,
70,24.03.2025 00:00:00,18056,Второй уровень,1011,Акции,Акция обыкновенная,акции обыкновенные,WUSH,RU000A105EX7,1-01-03292-G,11.08.2022 00:00:00,"Публичное акционерное общество ""ВУШ Холдинг""",9703103060,"0,01",Рубль,111382432,30.11.2022 00:00:00,,,,,+,,,,,,,,,12.07.2023 Включение в Второй уровень 14.12.2022 Включение в Первый уровень,,,,,РПС: Акции - адрес. РЕПО в ин. валюте: USD РЕПО c облигациями РЕПО с ЦК 1 день РЕПО с ЦК Адресное Т+ Акции и ДР РПС с ЦК: Акции и ДР - адрес. РЕПО в ин. валюте: EUR Поставка по СК (акции) РЕПО с ЦК 1 день (расч. в USD) РЕПО с ЦК 1 день (расч. в EUR) РЕПО с ЦК 7 дн. РЕПО с ЦК адр. (расч. в USD) РЕПО с ЦК адр.(расч. в EUR) РЕПО с ЦК 7 дней c расчетами в долларах США РЕПО с ЦК 7 дней c расчетами в евро Продажа обеспечения бирж.рынок - безадрес. РЕПО с ЦК адр. (расч. в CNY) РЕПО с ЦК 1 день (расч. в CNY) РЕПО в ин. валюте: CNY Урегулирование РЕПО с ЦК Нерезиденты - безадрес. РПС с ЦК Нерезиденты: Акции и ДР - адрес. Урегулирование с ЦК Нерезиденты - безадрес. РЕПО с ЦК 7 дн. (расч. в CNY) ОТС: Акции РПС с ЦК - адресные,,https://whoosh-bike.ru/ir/disclose-information,https://www.e-disclosure.ru/portal/company.aspx?id=38772,12.07.2023 00:00:00,,,,,,
71,24.03.2025 00:00:00,172,Второй уровень,1012,Акции,Акция обыкновенная,акции обыкновенные,OGKB,RU000A0JNG55,1-02-65105-D,19.04.2007 00:00:00,"Публичное акционерное общество ""Вторая генерирующая компания оптового рынка электроэнергии""",2607018122,"0,3627",Рубль,136207331098,05.06.2007 00:00:00,,,,,+,,,,,,,,,"09.06.2014 Включение в Второй уровень 28.05.2013 Включение в Котировальный список ""Б"" 06.11.2009 Включение в Котировальный список ""А"" первого уровня 14.05.2008 Включение в Котировальный список ""А"" второго уровня 05.06.2007 Включение в Котировальный список ""Б""",,,,,РПС: Акции - адрес. РЕПО в ин. валюте: USD РЕПО c облигациями Т+ Неполные лоты (акции) РЕПО с ЦК 1 день РЕПО с ЦК Адресное Т+ Акции и ДР РПС с ЦК: Акции и ДР - адрес. РЕПО в ин. валюте: EUR РЕПО с ЦК 1 день (расч. в USD) РЕПО с ЦК 1 день (расч. в EUR) РЕПО с ЦК 7 дн. РЕПО с ЦК адр. (расч. в USD) РЕПО с ЦК адр.(расч. в EUR) РЕПО с ЦК 7 дней c расчетами в долларах США РЕПО с ЦК 7 дней c расчетами в евро Продажа обеспечения бирж.рынок - безадрес. РЕПО с ЦК адр. (расч. в CNY) РЕПО с ЦК 1 день (расч. в CNY) РЕПО в ин. валюте: CNY Урегулирование РЕПО с ЦК Нерезиденты - безадрес. РПС с ЦК Нерезиденты: Акции и ДР - адрес. Урегулирование с ЦК Нерезиденты - безадрес. РЕПО с ЦК 7 дн. (расч. в CNY) ОТС: Акции РПС с ЦК - адресные,"Облигация биржевая, 4B02-01-65105-D-002P, RU000A101WR0",https://www.ogk2.ru/aktsioneram-i-investoram/raskrytie-informatsii/,https://www.e-disclosure.ru/portal/company.aspx?id=7234,09.06.2014 00:00:00,,,,,,
72,24.03.2025 00:00:00,21003,Второй уровень,1021,Акции,Акция обыкновенная,акции обыкновенные,DATA,RU000A108ZR8,1-01-87685-H,15.04.2024 00:00:00,"Публичное акционерное общество ""Группа Аренадата""",9717163245,"0,05",Рубль,209160464,23.09.2024 00:00:00,,,,,+,,,,,,,,,01.10.2024 Включение в Второй уровень,,,,,РПС: Акции - адрес. РЕПО c облигациями РЕПО с ЦК 1 день РЕПО с ЦК Адресное Т+ Акции и ДР РПС с ЦК: Акции и ДР - адрес. Поставка по СК (акции) РЕПО с ЦК 7 дн. Продажа обеспечения бирж.рынок - безадрес. РЕПО с ЦК адр. (расч. в CNY) РЕПО с ЦК 1 день (расч. в CNY) РЕПО в ин. валюте: CNY Урегулирование РЕПО с ЦК Нерезиденты - безадрес. РПС с ЦК Нерезиденты: Акции и ДР - адрес. Урегулирование с ЦК Нерезиденты - безадрес. РЕПО с ЦК 7 дн. (расч. в CNY) ОТС: Акции РПС с ЦК - адресные,,https://arenadata.tech/,https://www.e-disclosure.ru/portal/company.aspx?id=39154,01.10.2024 00:00:00,,,,,,
73,24.03.2025 00:00:00,1538,Второй уровень,1024,Акции,Акция обыкновенная,акции обыкновенные,FESH,RU0008992318,1-03-00032-A,11.02.2004 00:00:00,"Публичное акционерное общество ""Дальневосточное морское пароходство""",2540047110,1,Рубль,2951250000,04.08.2008 00:00:00,,,,,+,,,,,,,+,,"25.05.2022 Включение в Второй уровень 01.06.2017 Включение в Третий уровень 09.06.2014 Включение в Второй уровень 23.12.2009 Включение в Котировальный список ""Б"" 04.08.2008 Включение в Перечень внесписочных ценных бумаг",,,,,РПС: Акции - адрес. РЕПО в ин. валюте: USD РЕПО c облигациями Т+ Неполные лоты (акции) РЕПО с ЦК 1 день РЕПО с ЦК Адресное Т+ Акции и ДР РПС с ЦК: Акции и ДР - адрес. РЕПО в ин. валюте: EUR Поставка по СК (акции) РЕПО с ЦК 1 день (расч. в USD) РЕПО с ЦК 1 день (расч. в EUR) РЕПО с ЦК 7 дн. РЕПО с ЦК адр. (расч. в USD) РЕПО с ЦК адр.(расч. в EUR) РЕПО с ЦК 7 дней c расчетами в долларах США РЕПО с ЦК 7 дней c расчетами в евро Продажа обеспечения бирж.рынок - безадрес. РЕПО с ЦК адр. (расч. в CNY) РЕПО с ЦК 1 день (расч. в CNY) РЕПО в ин. валюте: CNY Урегулирование РЕПО с ЦК Нерезиденты - безадрес. РПС с ЦК Нерезиденты: Акции и ДР - адрес. Урегулирование с ЦК Нерезиденты - безадрес. РЕПО с ЦК 7 дн. (расч. в CNY) ОТС: Акции РПС с ЦК - адресные,,https://www.fesco.ru,http://www.e-disclosure.ru/portal/company.aspx?id=83,25.05.2022 00:00:00,,,,,,
74,24.03.2025 00:00:00,20001,Второй уровень,1025,Акции,Акция обыкновенная,акции обыкновенные,DIAS,RU000A107ER5,1-01-84777-H,24.03.2017 00:00:00,"Публичное акционерное общество ""Диасофт""",9715302870,"0,01",Рубль,10500000,06.02.2024 00:00:00,,,,,+,,,,,,,,,13.02.2024 Включение в Второй уровень,,,,,РПС: Акции - адрес. РЕПО в ин. валюте: USD РЕПО c облигациями РЕПО с ЦК 1 день РЕПО с ЦК Адресное Т+ Акции и ДР РПС с ЦК: Акции и ДР - адрес. РЕПО в ин. валюте: EUR Поставка по СК (акции) РЕПО с ЦК 1 день (расч. в USD) РЕПО с ЦК 1 день (расч. в EUR) РЕПО с ЦК 7 дн. РЕПО с ЦК адр. (расч. в USD) РЕПО с ЦК адр.(расч. в EUR) РЕПО с ЦК 7 дней c расчетами в долларах США РЕПО с ЦК 7 дней c расчетами в евро Продажа обеспечения бирж.рынок - безадрес. РЕПО с ЦК адр. (расч. в CNY) РЕПО с ЦК 1 день (расч. в CNY) РЕПО в ин. валюте: CNY Урегулирование РЕПО с ЦК Нерезиденты - безадрес. РПС с ЦК Нерезиденты: Акции и ДР - адрес. Урегулирование с ЦК Нерезиденты - безадрес. РЕПО с ЦК 7 дн. (расч. в CNY) ОТС: Акции РПС с ЦК - адресные,,https://www.diasoft.ru/investors/results-and-disclosure-center/mandatory-disclosure-of-information/,https://www.e-disclosure.ru/portal/company.aspx?id=38975,13.02.2024 00:00:00,,,,,,
75,24.03.2025 00:00:00,20745,Второй уровень,1028,Акции,Акция обыкновенная,акции обыкновенные,IVAT,RU000A108GD8,1-01-10876-P,08.04.2024 00:00:00,"Публичное акционерное общество ""ИВА""",1683020450,"0,1",Рубль,100000000,28.05.2024 00:00:00,,,,,+,,,,,,,,,04.06.2024 Включение в Второй уровень,,,,,РПС: Акции - адрес. РЕПО в ин. валюте: USD РЕПО c облигациями РЕПО с ЦК 1 день РЕПО с ЦК Адресное Т+ Акции и ДР РПС с ЦК: Акции и ДР - адрес. РЕПО в ин. валюте: EUR Поставка по СК (акции) РЕПО с ЦК 1 день (расч. в USD) РЕПО с ЦК 1 день (расч. в EUR) РЕПО с ЦК 7 дн. РЕПО с ЦК адр. (расч. в USD) РЕПО с ЦК адр.(расч. в EUR) РЕПО с ЦК 7 дней c расчетами в долларах США РЕПО с ЦК 7 дней c расчетами в евро Продажа обеспечения бирж.рынок - безадрес. РЕПО с ЦК адр. (расч. в CNY) РЕПО с ЦК 1 день (расч. в CNY) РЕПО в ин. валюте: CNY Урегулирование РЕПО с ЦК Нерезиденты - безадрес. РПС с ЦК Нерезиденты: Акции и ДР - адрес. Урегулирование с ЦК Нерезиденты - безадрес. РЕПО с ЦК 7 дн. (расч. в CNY) ОТС: Акции РПС с ЦК - адресные,,https://iva.ru/ru/investoram/,https://e-disclosure.ru/portal/company.aspx?id=39102,04.06.2024 00:00:00,,,,,,
76,24.03.2025 00:00:00,256,Второй уровень,1029,Акции,Акция обыкновенная,акции обыкновенные,KMAZ,RU0008959580,1-08-55010-D,18.11.2003 00:00:00,"Публичное акционерное общество ""КАМАЗ""",1650032058,50,Рубль,707229559,16.12.2004 00:00:00,,,,,+,,,,,,,+,,"24.01.2017 Включение в Второй уровень 09.06.2014 Включение в Первый уровень 29.12.2008 Включение в Котировальный список ""А"" второго уровня 16.12.2004 Включение в Перечень внесписочных ценных бумаг",,,,,РПС: Акции - адрес. РЕПО в ин. валюте: USD РЕПО c облигациями Т+ Неполные лоты (акции) РЕПО с ЦК 1 день РЕПО с ЦК Адресное Т+ Акции и ДР РПС с ЦК: Акции и ДР - адрес. РЕПО в ин. валюте: EUR Поставка по СК (акции) РЕПО с ЦК 1 день (расч. в USD) РЕПО с ЦК 1 день (расч. в EUR) РЕПО с ЦК 7 дн. РЕПО с ЦК адр. (расч. в USD) РЕПО с ЦК адр.(расч. в EUR) РЕПО с ЦК 7 дней c расчетами в долларах США РЕПО с ЦК 7 дней c расчетами в евро Продажа обеспечения бирж.рынок - безадрес. РЕПО с ЦК адр. (расч. в CNY) РЕПО с ЦК 1 день (расч. в CNY) РЕПО в ин. валюте: CNY Урегулирование РЕПО с ЦК Нерезиденты - безадрес. РПС с ЦК Нерезиденты: Акции и ДР - адрес. Урегулирование с ЦК Нерезиденты - безадрес. РЕПО с ЦК 7 дн. (расч. в CNY) ОТС: Акции РПС с ЦК - адресные,"Облигация биржевая, 4B02-06-55010-D Облигация корпоративная, 4-12-55010-D, RU000A0JVP39 Облигация корпоративная, 4-13-55010-D, RU000A0JW126 Облигация корпоративная, 4-14-55010-D, RU000A0JX1C5 Облигация корпоративная, 4-15-55010-D, RU000A0JX2B5 Облигация корпоративная, 4-07-55010-D, RU000A0ZZ7G1 Облигация корпоративная, 4-08-55010-D, RU000A0ZZ7H9 Облигация корпоративная, 4-09-55010-D, RU000A0ZZ885 Облигация корпоративная, 4-10-55010-D, RU000A0ZZ877 Облигация корпоративная, 4-11-55010-D, RU000A0ZZ893 Облигация биржевая, 4B02-10-55010-D-001P, RU000A104ZC9 Облигация биржевая, 4B02-11-55010-D-001P, RU000A107MM9 Облигация биржевая, 4B02-12-55010-D-001P, RU000A109JW0 Облигация биржевая, 4B02-13-55010-D-001P, RU000A109VM6 Облигация биржевая, 4B02-14-55010-D-001P, RU000A10ASW4",https://kamaz.ru/,http://www.e-disclosure.ru/portal/company.aspx?id=33,24.01.2017 00:00:00,,,,,,
77,24.03.2025 00:00:00,20023,Второй уровень,1040,Акции,Акция обыкновенная,акции обыкновенные,DELI,RU000A107J11,1-01-16750-A,10.08.2023 00:00:00,"Публичное акционерное общество ""Каршеринг Руссия""",9718236471,"0,000625",Рубль,175849057,26.01.2024 00:00:00,,,,,+,,,,,,,,,06.02.2024 Включение в Второй уровень,,,,,РПС: Акции - адрес. РЕПО в ин. валюте: USD РЕПО c облигациями РЕПО с ЦК 1 день РЕПО с ЦК Адресное Т+ Акции и ДР РПС с ЦК: Акции и ДР - адрес. РЕПО в ин. валюте: EUR РЕПО с ЦК 1 день (расч. в USD) РЕПО с ЦК 1 день (расч. в EUR) РЕПО с ЦК 7 дн. РЕПО с ЦК адр. (расч. в USD) РЕПО с ЦК адр.(расч. в EUR) РЕПО с ЦК 7 дней c расчетами в долларах США РЕПО с ЦК 7 дней c расчетами в евро Продажа обеспечения бирж.рынок - безадрес. РЕПО с ЦК адр. (расч. в CNY) РЕПО с ЦК 1 день (расч. в CNY) РЕПО в ин. валюте: CNY Урегулирование РЕПО с ЦК Нерезиденты - безадрес. РПС с ЦК Нерезиденты: Акции и ДР - адрес. Урегулирование с ЦК Нерезиденты - безадрес. РЕПО с ЦК 7 дн. (расч. в CNY) ОТС: Акции РПС с ЦК - адресные,"Облигация биржевая, 4B02-01-00078-L-001P, RU000A1052T1 Облигация биржевая, 4B02-02-00078-L-001P, RU000A106A86 Облигация биржевая, 4B02-03-00078-L-001P, RU000A106UW3 Облигация биржевая, 4B02-04-16750-A-001P, RU000A109TG2 Облигация биржевая, 4B02-05-16750-A-001P, RU000A10AV31",https://invest.delimobil.ru/financial,https://www.e-disclosure.ru/portal/company.aspx?id=38653,06.02.2024 00:00:00,,,,,,
78,24.03.2025 00:00:00,21236,Второй уровень,1064,Акции,Акция обыкновенная,акции обыкновенные,OZPH,RU000A109B25,1-01-10877-P,15.03.2024 00:00:00,"Публичное акционерное общество ""Озон Фармацевтика""",6320080729,"0,02",Рубль,1098571440,10.10.2024 00:00:00,,,,,+,,,,,,,,,31.01.2025 Включение в Второй уровень 17.10.2024 Включение в Первый уровень,,,,,РПС: Акции - адрес. РЕПО c облигациями Т+ Неполные лоты (акции) РЕПО с ЦК 1 день РЕПО с ЦК Адресное Т+ Акции и ДР РПС с ЦК: Акции и ДР - адрес. Поставка по СК (акции) РЕПО с ЦК 7 дн. Продажа обеспечения бирж.рынок - безадрес. РЕПО с ЦК адр. (расч. в CNY) РЕПО с ЦК 1 день (расч. в CNY) РЕПО в ин. валюте: CNY Урегулирование РЕПО с ЦК Нерезиденты - безадрес. РПС с ЦК Нерезиденты: Акции и ДР - адрес. Урегулирование с ЦК Нерезиденты - безадрес. РЕПО с ЦК 7 дн. (расч. в CNY) ОТС: Акции РПС с ЦК - адресные,,https://ozonpharm.ru/investors/disclosure/significant-facts/,https://www.e-disclosure.ru/portal/company.aspx?id=39126,31.01.2025 00:00:00,,,,,,
79,24.03.2025 00:00:00,13,Второй уровень,1065,Акции,Акция обыкновенная,акции обыкновенные,RASP,RU000A0B90N8,1-04-21725-N,18.04.2006 00:00:00,"Публичное акционерное общество ""Распадская""",4214002316,"0,004",Рубль,665733918,03.11.2006 00:00:00,,,,,+,,,,,,,,,"09.06.2014 Включение в Второй уровень 03.11.2006 Включение в Котировальный список ""Б""",,,,,РПС: Акции - адрес. РЕПО в ин. валюте: USD РЕПО c облигациями Т+ Неполные лоты (акции) РЕПО с ЦК 1 день РЕПО с ЦК Адресное Т+ Акции и ДР РПС с ЦК: Акции и ДР - адрес. РЕПО в ин. валюте: EUR Поставка по СК (акции) РЕПО с ЦК 1 день (расч. в USD) РЕПО с ЦК 1 день (расч. в EUR) РЕПО с ЦК 7 дн. РЕПО с ЦК адр. (расч. в USD) РЕПО с ЦК адр.(расч. в EUR) РЕПО с ЦК 7 дней c расчетами в долларах США РЕПО с ЦК 7 дней c расчетами в евро Продажа обеспечения бирж.рынок - безадрес. РЕПО с ЦК адр. (расч. в CNY) РЕПО с ЦК 1 день (расч. в CNY) РЕПО в ин. валюте: CNY Урегулирование РЕПО с ЦК Нерезиденты - безадрес. РПС с ЦК Нерезиденты: Акции и ДР - адрес. Урегулирование с ЦК Нерезиденты - безадрес. РЕПО с ЦК 7 дн. (расч. в CNY) ОТС: Акции РПС с ЦК - адресные,,https://www.raspadskaya.com/ru/,http://www.e-disclosure.ru/portal/company.aspx?id=942,09.06.2014 00:00:00,,,,,,
80,24.03.2025 00:00:00,1318,Второй уровень,1066,Акции,Акция обыкновенная,акции обыкновенные,MRKV,RU000A0JPPN4,1-01-04247-E,10.10.2007 00:00:00,"Публичное акционерное общество ""Россети Волга""",6450925977,"0,1",Рубль,188307958732,19.05.2008 00:00:00,,,,,+,,,,,,,,,"31.01.2017 Включение в Второй уровень 09.06.2014 Включение в Первый уровень 10.08.2011 Включение в Котировальный список ""А"" второго уровня 23.06.2009 Включение в Котировальный список ""Б"" 19.05.2008 Включение в Перечень внесписочных ценных бумаг",,,,,РПС: Акции - адрес. РЕПО в ин. валюте: USD РЕПО c облигациями Т+ Неполные лоты (акции) РЕПО с ЦК 1 день РЕПО с ЦК Адресное Т+ Акции и ДР РПС с ЦК: Акции и ДР - адрес. РЕПО в ин. валюте: EUR РЕПО с ЦК 1 день (расч. в USD) РЕПО с ЦК 1 день (расч. в EUR) РЕПО с ЦК 7 дн. РЕПО с ЦК адр. (расч. в USD) РЕПО с ЦК адр.(расч. в EUR) РЕПО с ЦК 7 дней c расчетами в долларах США РЕПО с ЦК 7 дней c расчетами в евро Продажа обеспечения бирж.рынок - безадрес. РЕПО с ЦК адр. (расч. в CNY) РЕПО с ЦК 1 день (расч. в CNY) РЕПО в ин. валюте: CNY Урегулирование РЕПО с ЦК Нерезиденты - безадрес. РПС с ЦК Нерезиденты: Акции и ДР - адрес. Урегулирование с ЦК Нерезиденты - безадрес. РЕПО с ЦК 7 дн. (расч. в CNY) ОТС: Акции РПС с ЦК - адресные,"Облигация биржевая, 4B02-03-04247-E Облигация биржевая, 4B02-04-04247-E Облигация биржевая, 4B02-05-04247-E Облигация биржевая, 4B02-06-04247-E",http://www.rossetivolga.ru/ru/aktsioneram_i_investoram/raskritie_informatsii_obcshestvom_i_otchetnaya_informatsiya/,http://www.e-disclosure.ru/portal/company.aspx?id=12131,31.01.2017 00:00:00,,,,,,
81,24.03.2025 00:00:00,279,Второй уровень,1068,Акции,Акция обыкновенная,акции обыкновенные,MSRS,RU000A0ET7Y7,1-01-65116-D,31.05.2005 00:00:00,"Публичное акционерное общество ""Россети Московский регион""",5036065113,"0,5",Рубль,48707091574,30.04.2008 00:00:00,,,,,+,,,,,,,,,"31.01.2017 Включение в Второй уровень 09.06.2014 Включение в Первый уровень 13.02.2009 Включение в Котировальный список ""А"" первого уровня 30.04.2008 Включение в Котировальный список ""А"" второго уровня",,,,,РПС: Акции - адрес. РЕПО в ин. валюте: USD РЕПО c облигациями Т+ Неполные лоты (акции) РЕПО с ЦК 1 день РЕПО с ЦК Адресное Т+ Акции и ДР РПС с ЦК: Акции и ДР - адрес. РЕПО в ин. валюте: EUR РЕПО с ЦК 1 день (расч. в USD) РЕПО с ЦК 1 день (расч. в EUR) РЕПО с ЦК 7 дн. РЕПО с ЦК адр. (расч. в USD) РЕПО с ЦК адр.(расч. в EUR) РЕПО с ЦК 7 дней c расчетами в долларах США РЕПО с ЦК 7 дней c расчетами в евро Продажа обеспечения бирж.рынок - безадрес. РЕПО с ЦК адр. (расч. в CNY) РЕПО с ЦК 1 день (расч. в CNY) РЕПО в ин. валюте: CNY Урегулирование РЕПО с ЦК Нерезиденты - безадрес. РПС с ЦК Нерезиденты: Акции и ДР - адрес. Урегулирование с ЦК Нерезиденты - безадрес. РЕПО с ЦК 7 дн. (расч. в CNY) ОТС: Акции РПС с ЦК - адресные,"Облигация биржевая, 4B02-04-65116-D-001P Облигация биржевая, 4B02-05-65116-D-001P, RU000A107DP1 Облигация биржевая, 4B02-06-65116-D-001P, RU000A108P61 Облигация биржевая, 4B02-07-65116-D-001P, RU000A109S91 Облигация биржевая, 4B02-08-65116-D-001P, RU000A10AFW1",https://rossetimr.ru/,http://www.e-disclosure.ru/portal/company.aspx?id=5563,31.01.2017 00:00:00,,,,,,
82,24.03.2025 00:00:00,1383,Второй уровень,1074,Акции,Акция обыкновенная,акции обыкновенные,MRKZ,RU000A0JPPB9,1-01-03347-D,23.03.2005 00:00:00,"Публичное акционерное общество ""Россети Северо-Запад""",7802312751,"0,1",Рубль,95785923138,26.05.2008 00:00:00,,,,,+,,,,,,,,,"31.01.2017 Включение в Второй уровень 09.06.2014 Включение в Первый уровень 23.05.2011 Включение в Котировальный список ""А"" второго уровня 29.12.2008 Включение в Котировальный список ""Б"" 26.05.2008 Включение в Перечень внесписочных ценных бумаг",,,,,РПС: Акции - адрес. РЕПО в ин. валюте: USD РЕПО c облигациями Т+ Неполные лоты (акции) РЕПО с ЦК 1 день РЕПО с ЦК Адресное Т+ Акции и ДР РПС с ЦК: Акции и ДР - адрес. РЕПО в ин. валюте: EUR РЕПО с ЦК 1 день (расч. в USD) РЕПО с ЦК 1 день (расч. в EUR) РЕПО с ЦК 7 дн. РЕПО с ЦК адр. (расч. в USD) РЕПО с ЦК адр.(расч. в EUR) РЕПО с ЦК 7 дней c расчетами в долларах США РЕПО с ЦК 7 дней c расчетами в евро Продажа обеспечения бирж.рынок - безадрес. РЕПО с ЦК адр. (расч. в CNY) РЕПО с ЦК 1 день (расч. в CNY) РЕПО в ин. валюте: CNY Урегулирование РЕПО с ЦК Нерезиденты - безадрес. РПС с ЦК Нерезиденты: Акции и ДР - адрес. Урегулирование с ЦК Нерезиденты - безадрес. РЕПО с ЦК 7 дн. (расч. в CNY) ОТС: Акции РПС с ЦК - адресные,"Облигация биржевая, 4B02-02-03347-D Облигация биржевая, 4B02-03-03347-D Облигация биржевая, 4B02-04-03347-D",http://www.rosseti-sz.ru,http://www.e-disclosure.ru/portal/company.aspx?id=12761,31.01.2017 00:00:00,,,,,,
83,24.03.2025 00:00:00,1399,Второй уровень,1075,Акции,Акция обыкновенная,акции обыкновенные,MRKS,RU000A0JPPF0,1-01-12044-F,22.08.2005 00:00:00,"Публичное акционерное общество ""Россети Сибирь""",2460069527,"0,1",Рубль,94815163249,02.06.2008 00:00:00,,,,,+,,,,,,,,,"09.06.2014 Включение в Второй уровень 05.03.2009 Включение в Котировальный список ""Б"" 02.06.2008 Включение в Перечень внесписочных ценных бумаг",,,,,РПС: Акции - адрес. РЕПО в ин. валюте: USD РЕПО c облигациями Т+ Неполные лоты (акции) РЕПО с ЦК 1 день РЕПО с ЦК Адресное Т+ Акции и ДР РПС с ЦК: Акции и ДР - адрес. РЕПО в ин. валюте: EUR РЕПО с ЦК 1 день (расч. в USD) РЕПО с ЦК 1 день (расч. в EUR) РЕПО с ЦК 7 дн. РЕПО с ЦК адр. (расч. в USD) РЕПО с ЦК адр.(расч. в EUR) РЕПО с ЦК 7 дней c расчетами в долларах США РЕПО с ЦК 7 дней c расчетами в евро Продажа обеспечения бирж.рынок - безадрес. РЕПО с ЦК адр. (расч. в CNY) РЕПО с ЦК 1 день (расч. в CNY) РЕПО в ин. валюте: CNY Урегулирование РЕПО с ЦК Нерезиденты - безадрес. РПС с ЦК Нерезиденты: Акции и ДР - адрес. Урегулирование с ЦК Нерезиденты - безадрес. РЕПО с ЦК 7 дн. (расч. в CNY) ОТС: Акции РПС с ЦК - адресные,,https://rosseti-sib.ru/index.php?lang=ru40,http://www.e-disclosure.ru/portal/company.aspx?id=12072,09.06.2014 00:00:00,,,,,,
84,24.03.2025 00:00:00,1441,Второй уровень,1076,Акции,Акция обыкновенная,акции обыкновенные,MRKU,RU000A0JPPT1,1-01-32501-D,03.05.2005 00:00:00,"Публичное акционерное общество ""Россети Урал""",6671163413,"0,1",Рубль,87430485711,09.06.2008 00:00:00,,,,,+,,,,,,,,,"31.01.2017 Включение в Второй уровень 09.06.2014 Включение в Первый уровень 08.08.2011 Включение в Котировальный список ""А"" второго уровня 29.12.2008 Включение в Котировальный список ""Б"" 09.06.2008 Включение в Перечень внесписочных ценных бумаг",,,,,РПС: Акции - адрес. РЕПО в ин. валюте: USD РЕПО c облигациями Т+ Неполные лоты (акции) РЕПО с ЦК 1 день РЕПО с ЦК Адресное Т+ Акции и ДР РПС с ЦК: Акции и ДР - адрес. РЕПО в ин. валюте: EUR РЕПО с ЦК 1 день (расч. в USD) РЕПО с ЦК 1 день (расч. в EUR) РЕПО с ЦК 7 дн. РЕПО с ЦК адр. (расч. в USD) РЕПО с ЦК адр.(расч. в EUR) РЕПО с ЦК 7 дней c расчетами в долларах США РЕПО с ЦК 7 дней c расчетами в евро Продажа обеспечения бирж.рынок - безадрес. РЕПО с ЦК адр. (расч. в CNY) РЕПО с ЦК 1 день (расч. в CNY) РЕПО в ин. валюте: CNY Урегулирование РЕПО с ЦК Нерезиденты - безадрес. РПС с ЦК Нерезиденты: Акции и ДР - адрес. Урегулирование с ЦК Нерезиденты - безадрес. РЕПО с ЦК 7 дн. (расч. в CNY) ОТС: Акции РПС с ЦК - адресные,"Облигация биржевая, 4B02-03-32501-D, RU000A100ZF0 Облигация биржевая, 4B02-04-32501-D, RU000A100ZD5",https://rosseti-ural.ru/,http://www.e-disclosure.ru/portal/company.aspx?id=12105,31.01.2017 00:00:00,,,,,,
85,24.03.2025 00:00:00,154,Второй уровень,1079,Акции,Акция обыкновенная,акции обыкновенные,MRKP,RU000A0JPN96,1-01-12665-E,20.08.2007 00:00:00,"Публичное акционерное общество ""Россети Центр и Приволжье""",5260200603,"0,1",Рубль,112697817043,02.04.2008 00:00:00,,,,,+,,,,,,,,,"31.01.2017 Включение в Второй уровень 09.06.2014 Включение в Первый уровень 08.04.2014 Включение в Котировальный список ""А"" второго уровня 20.02.2012 Включение в Котировальный список ""А"" первого уровня 12.05.2011 Включение в Котировальный список ""А"" второго уровня 18.09.2008 Включение в Котировальный список ""Б"" 02.04.2008 Включение в Перечень внесписочных ценных бумаг",,,,,РПС: Акции - адрес. РЕПО в ин. валюте: USD РЕПО c облигациями Т+ Неполные лоты (акции) РЕПО с ЦК 1 день РЕПО с ЦК Адресное Т+ Акции и ДР РПС с ЦК: Акции и ДР - адрес. РЕПО в ин. валюте: EUR РЕПО с ЦК 1 день (расч. в USD) РЕПО с ЦК 1 день (расч. в EUR) РЕПО с ЦК 7 дн. РЕПО с ЦК адр. (расч. в USD) РЕПО с ЦК адр.(расч. в EUR) РЕПО с ЦК 7 дней c расчетами в долларах США РЕПО с ЦК 7 дней c расчетами в евро Продажа обеспечения бирж.рынок - безадрес. РЕПО с ЦК адр. (расч. в CNY) РЕПО с ЦК 1 день (расч. в CNY) РЕПО в ин. валюте: CNY Урегулирование РЕПО с ЦК Нерезиденты - безадрес. РПС с ЦК Нерезиденты: Акции и ДР - адрес. Урегулирование с ЦК Нерезиденты - безадрес. РЕПО с ЦК 7 дн. (расч. в CNY) ОТС: Акции РПС с ЦК - адресные,"Облигация биржевая, 4B02-03-12665-E Облигация биржевая, 4B02-04-12665-E",https://www.mrsk-cp.ru/disclosure/,https://www.e-disclosure.ru/portal/company.aspx?id=12093,31.01.2017 00:00:00,,,,,,
86,24.03.2025 00:00:00,1328,Второй уровень,1080,Акции,Акция обыкновенная,акции обыкновенные,MRKC,RU000A0JPPL8,1-01-10214-A,24.03.2005 00:00:00,"Публичное акционерное общество ""Россети Центр""",6901067107,"0,1",Рубль,42217941468,19.05.2008 00:00:00,,,,,+,,,,,,,,,"18.08.2017 Включение в Второй уровень 31.01.2017 Включение в Третий уровень 09.06.2014 Включение в Первый уровень 22.10.2012 Включение в Котировальный список ""А"" первого уровня 10.08.2011 Включение в Котировальный список ""А"" второго уровня 08.04.2009 Включение в Котировальный список ""Б"" 19.05.2008 Включение в Перечень внесписочных ценных бумаг",,,,,РПС: Акции - адрес. РЕПО в ин. валюте: USD РЕПО c облигациями Т+ Неполные лоты (акции) РЕПО с ЦК 1 день РЕПО с ЦК Адресное Т+ Акции и ДР РПС с ЦК: Акции и ДР - адрес. РЕПО в ин. валюте: EUR РЕПО с ЦК 1 день (расч. в USD) РЕПО с ЦК 1 день (расч. в EUR) РЕПО с ЦК 7 дн. РЕПО с ЦК адр. (расч. в USD) РЕПО с ЦК адр.(расч. в EUR) РЕПО с ЦК 7 дней c расчетами в долларах США РЕПО с ЦК 7 дней c расчетами в евро Продажа обеспечения бирж.рынок - безадрес. РЕПО с ЦК адр. (расч. в CNY) РЕПО с ЦК 1 день (расч. в CNY) РЕПО в ин. валюте: CNY Урегулирование РЕПО с ЦК Нерезиденты - безадрес. РПС с ЦК Нерезиденты: Акции и ДР - адрес. Урегулирование с ЦК Нерезиденты - безадрес. РЕПО с ЦК 7 дн. (расч. в CNY) ОТС: Акции РПС с ЦК - адресные,"Облигация биржевая, 4B02-03-10214-A-001P, RU000A107AG6",https://www.mrsk-1.ru,https://www.e-disclosure.ru/portal/company.aspx?id=7985,18.08.2017 00:00:00,,,,,,
87,24.03.2025 00:00:00,1201,Второй уровень,1101,Акции,Акция обыкновенная,акции обыкновенные,SVAV,RU0006914488,1-01-02461-D,19.04.2002 00:00:00,"Публичное акционерное общество ""СОЛЛЕРС""",3528079131,"12,5",Рубль,31486001,09.02.2005 00:00:00,,,,,+,,,,,,,,,"05.03.2019 Включение в Второй уровень 09.06.2014 Включение в Первый уровень 20.05.2014 Включение в Котировальный список ""А"" второго уровня 09.02.2005 Включение в Котировальный список ""Б""",,,,,РПС: Акции - адрес. РЕПО в ин. валюте: USD РЕПО c облигациями РЕПО с ЦК 1 день РЕПО с ЦК Адресное Т+ Акции и ДР РПС с ЦК: Акции и ДР - адрес. РЕПО в ин. валюте: EUR РЕПО с ЦК 1 день (расч. в USD) РЕПО с ЦК 1 день (расч. в EUR) РЕПО с ЦК 7 дн. РЕПО с ЦК адр. (расч. в USD) РЕПО с ЦК адр.(расч. в EUR) РЕПО с ЦК 7 дней c расчетами в долларах США РЕПО с ЦК 7 дней c расчетами в евро Продажа обеспечения бирж.рынок - безадрес. РЕПО с ЦК адр. (расч. в CNY) РЕПО с ЦК 1 день (расч. в CNY) РЕПО в ин. валюте: CNY Урегулирование РЕПО с ЦК Нерезиденты - безадрес. РПС с ЦК Нерезиденты: Акции и ДР - адрес. Урегулирование с ЦК Нерезиденты - безадрес. РЕПО с ЦК 7 дн. (расч. в CNY) ОТС: Акции РПС с ЦК - адресные,,http://www.sollers-auto.com,http://www.e-disclosure.ru/portal/company.aspx?id=1324,05.03.2019 00:00:00,,,,,,
88,24.03.2025 00:00:00,18835,Второй уровень,1116,Акции,Акция обыкновенная,акции обыкновенные,SOFL,RU000A0ZZBC2,1-01-45848-H,09.01.2004 00:00:00,"Публичное акционерное общество ""Софтлайн""",7736227885,"0,0014999925000375",Рубль,400002000,25.08.2023 00:00:00,,,,,+,,,,,,,,,25.09.2023 Включение в Второй уровень,,,,,РПС: Акции - адрес. РЕПО в ин. валюте: USD РЕПО c облигациями Т+ Неполные лоты (акции) РЕПО с ЦК 1 день РЕПО с ЦК Адресное Т+ Акции и ДР РПС с ЦК: Акции и ДР - адрес. РЕПО в ин. валюте: EUR Поставка по СК (акции) РЕПО с ЦК 1 день (расч. в USD) РЕПО с ЦК 1 день (расч. в EUR) РЕПО с ЦК 7 дн. РЕПО с ЦК адр. (расч. в USD) РЕПО с ЦК адр.(расч. в EUR) РЕПО с ЦК 7 дней c расчетами в долларах США РЕПО с ЦК 7 дней c расчетами в евро Продажа обеспечения бирж.рынок - безадрес. РЕПО с ЦК адр. (расч. в CNY) РЕПО с ЦК 1 день (расч. в CNY) РЕПО в ин. валюте: CNY Урегулирование РЕПО с ЦК Нерезиденты - безадрес. РПС с ЦК Нерезиденты: Акции и ДР - адрес. Урегулирование с ЦК Нерезиденты - безадрес. РЕПО с ЦК 7 дн. (расч. в CNY) ОТС: Акции РПС с ЦК - адресные,"Облигация биржевая, 4B02-01-45848-H-002P, RU000A106A78",https://softline.ru/investor-relations/disclosure-centre,https://www.e-disclosure.ru/portal/company.aspx?id=37065,25.09.2023 00:00:00,,,,,,
89,24.03.2025 00:00:00,1193,Второй уровень,1118,Акции,Акция обыкновенная,акции обыкновенные,SNGS,RU0008926258,1-01-00155-A,24.06.2003 00:00:00,"Публичное акционерное общество ""Сургутнефтегаз""",8602060555,1,Рубль,35725994705,16.12.2004 00:00:00,,,,,+,,,,,,,,,"09.06.2014 Включение в Второй уровень 06.12.2011 Включение в Котировальный список ""Б"" 16.12.2004 Включение в Перечень внесписочных ценных бумаг",,,,,РПС: Акции - адрес. РЕПО в ин. валюте: USD РЕПО c облигациями Т+ Неполные лоты (акции) РЕПО с ЦК 1 день РЕПО с ЦК Адресное Т+ Акции и ДР РПС с ЦК: Акции и ДР - адрес. РЕПО в ин. валюте: EUR Поставка по СК (акции) РЕПО с ЦК 1 день (расч. в USD) РЕПО с ЦК 1 день (расч. в EUR) РЕПО с ЦК 7 дн. РЕПО с ЦК адр. (расч. в USD) РЕПО с ЦК адр.(расч. в EUR) РЕПО с ЦК 7 дней c расчетами в долларах США РЕПО с ЦК 7 дней c расчетами в евро Продажа обеспечения бирж.рынок - безадрес. РЕПО с ЦК адр. (расч. в CNY) РЕПО с ЦК 1 день (расч. в CNY) РЕПО в ин. валюте: CNY Урегулирование РЕПО с ЦК Нерезиденты - безадрес. РПС с ЦК Нерезиденты: Акции и ДР - адрес. Урегулирование с ЦК Нерезиденты - безадрес. РЕПО с ЦК 7 дн. (расч. в CNY) ОТС: Акции РПС с ЦК - адресные,"Акция привилегированная, 2-01-00155-A, RU0009029524",http://www.surgutneftegas.ru/investors/,http://www.e-disclosure.ru/portal/company.aspx?id=312,09.06.2014 00:00:00,,,,,,
90,24.03.2025 00:00:00,1194,Второй уровень,1119,Акции,Акция привилегированная,акции привилегированные,SNGSP,RU0009029524,2-01-00155-A,24.06.2003 00:00:00,"Публичное акционерное общество ""Сургутнефтегаз""",8602060555,1,Рубль,7701998235,16.12.2004 00:00:00,,,,,+,,,,,,,,,"09.06.2014 Включение в Второй уровень 06.12.2011 Включение в Котировальный список ""Б"" 16.12.2004 Включение в Перечень внесписочных ценных бумаг",,,,,РПС: Акции - адрес. РЕПО в ин. валюте: USD РЕПО c облигациями Т+ Неполные лоты (акции) РЕПО с ЦК 1 день РЕПО с ЦК Адресное Т+ Акции и ДР РПС с ЦК: Акции и ДР - адрес. РЕПО в ин. валюте: EUR Поставка по СК (акции) РЕПО с ЦК 1 день (расч. в USD) РЕПО с ЦК 1 день (расч. в EUR) РЕПО с ЦК 7 дн. РЕПО с ЦК адр. (расч. в USD) РЕПО с ЦК адр.(расч. в EUR) РЕПО с ЦК 7 дней c расчетами в долларах США РЕПО с ЦК 7 дней c расчетами в евро Продажа обеспечения бирж.рынок - безадрес. РЕПО с ЦК адр. (расч. в CNY) РЕПО с ЦК 1 день (расч. в CNY) РЕПО в ин. валюте: CNY Урегулирование РЕПО с ЦК Нерезиденты - безадрес. РПС с ЦК Нерезиденты: Акции и ДР - адрес. Урегулирование с ЦК Нерезиденты - безадрес. РЕПО с ЦК 7 дн. (расч. в CNY) ОТС: Акции РПС с ЦК - адресные,"Акция обыкновенная, 1-01-00155-A, RU0008926258",http://www.surgutneftegas.ru/investors/,http://www.e-disclosure.ru/portal/company.aspx?id=312,09.06.2014 00:00:00,,,,,,
91,24.03.2025 00:00:00,1221,Второй уровень,1120,Акции,Акция обыкновенная,акции обыкновенные,TGKN,RU000A0H1ES3,1-01-22451-F,17.03.2005 00:00:00,"Публичное акционерное общество ""Территориальная генерирующая компания № 14""",7534018889,"0,001",Рубль,1357945609114,24.05.2007 00:00:00,,,,,+,,,,,,,,,"09.06.2014 Включение в Второй уровень 24.05.2007 Включение в Котировальный список ""Б""",,,,,РПС: Акции - адрес. РЕПО в ин. валюте: USD РЕПО c облигациями Т+ Неполные лоты (акции) РЕПО с ЦК 1 день РЕПО с ЦК Адресное Т+ Акции и ДР РПС с ЦК: Акции и ДР - адрес. РЕПО в ин. валюте: EUR РЕПО с ЦК 1 день (расч. в USD) РЕПО с ЦК 1 день (расч. в EUR) РЕПО с ЦК 7 дн. РЕПО с ЦК адр. (расч. в USD) РЕПО с ЦК адр.(расч. в EUR) РЕПО с ЦК 7 дней c расчетами в долларах США РЕПО с ЦК 7 дней c расчетами в евро Продажа обеспечения бирж.рынок - безадрес. РЕПО с ЦК адр. (расч. в CNY) РЕПО с ЦК 1 день (расч. в CNY) РЕПО в ин. валюте: CNY Урегулирование РЕПО с ЦК Нерезиденты - безадрес. РПС с ЦК Нерезиденты: Акции и ДР - адрес. Урегулирование с ЦК Нерезиденты - безадрес. РЕПО с ЦК 7 дн. (расч. в CNY) ОТС: Акции РПС с ЦК - адресные,"Облигация биржевая, 4B02-01-22451-F-001P, RU000A1066J2 Облигация биржевая, 4B02-02-22451-F-001P, RU000A106MW0 Облигация биржевая, 4B02-03-22451-F-001P, RU000A10AEF9 Облигация биржевая, 4B02-04-22451-F-001P, RU000A10AEE2 Облигация биржевая, 4B02-05-22451-F-001P, RU000A10AS02 Облигация биржевая, 4B02-06-22451-F-001P, RU000A10ARZ9",http://www.tgk-14.com,https://disclosure.1prime.ru/Portal/Default.aspx?emId=7534018889,09.06.2014 00:00:00,,,,,,
92,24.03.2025 00:00:00,105,Второй уровень,1133,Акции,Акция обыкновенная,акции обыкновенные,TRMK,RU000A0B6NK6,1-01-29031-H,26.07.2001 00:00:00,"Публичное акционерное общество ""Трубная Металлургическая Компания""",7710373095,10,Рубль,1052000000,09.08.2007 00:00:00,,,,,+,,,,,,,+,,"25.05.2021 Включение в Второй уровень 09.06.2014 Включение в Первый уровень 08.07.2009 Включение в Котировальный список ""А"" первого уровня 09.08.2007 Включение в Котировальный список ""Б""",,,,,РПС: Акции - адрес. РЕПО в ин. валюте: USD РЕПО c облигациями Т+ Неполные лоты (акции) РЕПО с ЦК 1 день РЕПО с ЦК Адресное Т+ Акции и ДР РПС с ЦК: Акции и ДР - адрес. РЕПО в ин. валюте: EUR РЕПО с ЦК 1 день (расч. в USD) РЕПО с ЦК 1 день (расч. в EUR) РЕПО с ЦК 7 дн. РЕПО с ЦК адр. (расч. в USD) РЕПО с ЦК адр.(расч. в EUR) РЕПО с ЦК 7 дней c расчетами в долларах США РЕПО с ЦК 7 дней c расчетами в евро Продажа обеспечения бирж.рынок - безадрес. РЕПО с ЦК адр. (расч. в CNY) РЕПО с ЦК 1 день (расч. в CNY) РЕПО в ин. валюте: CNY Урегулирование РЕПО с ЦК Нерезиденты - безадрес. РПС с ЦК Нерезиденты: Акции и ДР - адрес. Урегулирование с ЦК Нерезиденты - безадрес. РЕПО с ЦК 7 дн. (расч. в CNY) ОТС: Акции РПС с ЦК - адресные,"Облигация биржевая, 4B02-07-29031-H, RU000A0JXSF8 Облигация корпоративная, 4-06-29031-H, RU000A107JN3",https://www.tmk-group.ru,http://www.e-disclosure.ru/portal/company.aspx?id=274,25.05.2021 00:00:00,,,,,,
93,24.03.2025 00:00:00,1431,Второй уровень,1153,Акции,Акция обыкновенная,акции обыкновенные,UGLD,RU000A0JPP37,1-02-33010-D,03.03.2008 00:00:00,"Публичное акционерное общество ""Южуралзолото Группа Компаний""",7424024375,"0,001",Рубль,222778849052,09.11.2023 00:00:00,,,,,+,,,,,,,,,"22.11.2023 Включение в Второй уровень 06.06.2008 Включение в Котировальный список ""И""",,,,,РПС: Акции - адрес. РЕПО в ин. валюте: USD РЕПО c облигациями Т+ Неполные лоты (акции) РЕПО с ЦК 1 день РЕПО с ЦК Адресное Т+ Акции и ДР РПС с ЦК: Акции и ДР - адрес. РЕПО в ин. валюте: EUR РЕПО с ЦК 1 день (расч. в USD) РЕПО с ЦК 1 день (расч. в EUR) РЕПО с ЦК 7 дн. РЕПО с ЦК адр. (расч. в USD) РЕПО с ЦК адр.(расч. в EUR) РЕПО с ЦК 7 дней c расчетами в долларах США РЕПО с ЦК 7 дней c расчетами в евро Продажа обеспечения бирж.рынок - безадрес. РЕПО с ЦК адр. (расч. в CNY) РЕПО с ЦК 1 день (расч. в CNY) РЕПО в ин. валюте: CNY Урегулирование РЕПО с ЦК Нерезиденты - безадрес. РПС с ЦК Нерезиденты: Акции и ДР - адрес. Урегулирование с ЦК Нерезиденты - безадрес. РЕПО с ЦК 7 дн. (расч. в CNY) ОТС: Акции РПС с ЦК - адресные,"Облигация биржевая, 4B02-02-33010-D-001P, RU000A1061L9 Облигация биржевая, 4B02-03-33010-D-001P, RU000A106656 Облигация биржевая, 4B02-04-33010-D-001P, RU000A10B008",http://www.ugold.ru,https://www.e-disclosure.ru/portal/company.aspx?id=11794,22.11.2023 00:00:00,,,,,,
94,24.03.2025 00:00:00,1257,Второй уровень,1212,Акции,Акция обыкновенная,акции обыкновенные,VSMO,RU0009100291,1-01-30202-D,11.11.2004 00:00:00,"публичное акционерное общество ""Корпорация ВСМПО-АВИСМА""",6607000556,1,Рубль,11529538,21.12.2004 00:00:00,,,,,+,,,,,,,,,"09.06.2014 Включение в Второй уровень 21.12.2004 Включение в Котировальный список ""Б""",,,,,РПС: Акции - адрес. РЕПО в ин. валюте: USD РЕПО c облигациями РЕПО с ЦК 1 день РЕПО с ЦК Адресное Т+ Акции и ДР РПС с ЦК: Акции и ДР - адрес. РЕПО в ин. валюте: EUR РЕПО с ЦК 1 день (расч. в USD) РЕПО с ЦК 1 день (расч. в EUR) РЕПО с ЦК 7 дн. РЕПО с ЦК адр. (расч. в USD) РЕПО с ЦК адр.(расч. в EUR) РЕПО с ЦК 7 дней c расчетами в долларах США РЕПО с ЦК 7 дней c расчетами в евро Продажа обеспечения бирж.рынок - безадрес. РЕПО с ЦК адр. (расч. в CNY) РЕПО с ЦК 1 день (расч. в CNY) РЕПО в ин. валюте: CNY Урегулирование РЕПО с ЦК Нерезиденты - безадрес. РПС с ЦК Нерезиденты: Акции и ДР - адрес. Урегулирование с ЦК Нерезиденты - безадрес. РЕПО с ЦК 7 дн. (расч. в CNY) ОТС: Акции РПС с ЦК - адресные,,http://www.vsmpo.ru,http://www.e-disclosure.ru/portal/company.aspx?id=1641,09.06.2014 00:00:00,,,,,,
95,24.03.2025 00:00:00,5424,Третий уровень,1287,Акции,Акция обыкновенная,акции обыкновенные,RDRB,RU000A0JU6Q7,10201573B,11.05.2007 00:00:00,"""Российский акционерный коммерческий дорожный банк"" (публичное акционерное общество)",7718011918,124,Рубль,23892735,17.10.2013 00:00:00,,,,,+,,,,,,,,,09.06.2014 Включение в Третий уровень 18.10.2013 Включение в Перечень внесписочных ценных бумаг,,,,,РПС: Акции - адрес. РЕПО в ин. валюте: USD РЕПО c облигациями Т+ Неполные лоты (акции) Т+ Акции и ДР РПС с ЦК: Акции и ДР - адрес. РЕПО в ин. валюте: EUR Продажа обеспечения бирж.рынок - безадрес. РЕПО в ин. валюте: CNY Урегулирование РЕПО с ЦК Нерезиденты - безадрес. РПС с ЦК Нерезиденты: Акции и ДР - адрес. Урегулирование с ЦК Нерезиденты - безадрес. ОТС: Акции РПС с ЦК - адресные,"Облигация биржевая, 4B020101573B Облигация биржевая, 4B020201573B",https://www.rdb.ru/disclosure,http://www.e-disclosure.ru/portal/company.aspx?id=1398,09.06.2014 00:00:00,,,,,,
96,24.03.2025 00:00:00,16192,Третий уровень,1292,Депозитарные расписки,Депозитарные расписки иностранного эмитента на акции,"Американские депозитарные акции, представляющие обыкновенные акции Cian PLC",CIAN,US83418T1088,,,"Cian PLC (эмитент депозитарных расписок - RCS Stock Transfer, Inc.)",,,,,27.10.2021 00:00:00,СОЕДИНЕННЫЕ ШТАТЫ,Cian PLC,КИПР,+,,,,,,,,+,,03.01.2025 Включение в Третий уровень 27.10.2021 Включение в Первый уровень,,,,,РПС: Акции - адрес. РЕПО в ин. валюте: USD РЕПО c облигациями РЕПО с ЦК 1 день РЕПО с ЦК Адресное Т+ Акции и ДР РПС с ЦК: Акции и ДР - адрес. РЕПО в ин. валюте: EUR РЕПО с ЦК 1 день (расч. в USD) РЕПО с ЦК 1 день (расч. в EUR) РЕПО с ЦК 7 дн. РЕПО с ЦК адр. (расч. в USD) РЕПО с ЦК адр.(расч. в EUR) РЕПО с ЦК 7 дней c расчетами в долларах США РЕПО с ЦК 7 дней c расчетами в евро Продажа обеспечения бирж.рынок - безадрес. РЕПО с ЦК адр. (расч. в CNY) РЕПО с ЦК 1 день (расч. в CNY) РЕПО в ин. валюте: CNY Урегулирование РЕПО с ЦК Нерезиденты - безадрес. РПС с ЦК Нерезиденты: Акции и ДР - адрес. Урегулирование с ЦК Нерезиденты - безадрес. РЕПО с ЦК 7 дн. (расч. в CNY) ОТС: Акции РПС с ЦК - адресные,,https://ir.ciangroup.ru/ru/press-center/press-releases/,https://e-disclosure.ru/portal/company.aspx?id=38549,03.01.2025 00:00:00,EDSXDR,CY0109642112,ESVUFR,,,
97,24.03.2025 00:00:00,12741,Третий уровень,1293,Депозитарные расписки,Депозитарные расписки иностранного эмитента на акции,"Глобальные депозитарные расписки, удостоверяющие права на обыкновенные акции ETALON GROUP PLC",ETLN,US29760G1031,,,ETALON GROUP PLC (эмитент депозитарных расписок - RCS Trust and Corporate Services Ltd.),,,,,31.01.2020 00:00:00,КАЗАХСТАН,ETALON GROUP PLC,КИПР,+,,,,,,,,,,03.01.2025 Включение в Третий уровень 31.01.2020 Включение в Первый уровень,,,,,РПС: Акции - адрес. РЕПО в ин. валюте: USD РЕПО c облигациями РЕПО с ЦК 1 день РЕПО с ЦК Адресное Т+ Акции и ДР РПС с ЦК: Акции и ДР - адрес. РЕПО в ин. валюте: EUR РЕПО с ЦК 1 день (расч. в USD) РЕПО с ЦК 1 день (расч. в EUR) РЕПО с ЦК 7 дн. РЕПО с ЦК адр. (расч. в USD) РЕПО с ЦК адр.(расч. в EUR) РЕПО с ЦК 7 дней c расчетами в долларах США РЕПО с ЦК 7 дней c расчетами в евро Продажа обеспечения бирж.рынок - безадрес. РЕПО с ЦК адр. (расч. в CNY) РЕПО с ЦК 1 день (расч. в CNY) РЕПО в ин. валюте: CNY Урегулирование РЕПО с ЦК Нерезиденты - безадрес. РПС с ЦК Нерезиденты: Акции и ДР - адрес. Урегулирование с ЦК Нерезиденты - безадрес. РЕПО с ЦК 7 дн. (расч. в CNY) ОТС: Акции РПС с ЦК - адресные,,https://www.etalongroup.com/investor-relations/investor-news,https://e-disclosure.ru/portal/company.aspx?id=38096,03.01.2025 00:00:00,EDSXFR,GB00BCDPBX55,ESVUFR,,,
98,24.03.2025 00:00:00,14953,Третий уровень,1294,Депозитарные расписки,Депозитарные расписки иностранного эмитента на акции,"Глобальные депозитарные расписки, представляющие обыкновенные акции FIX PRICE GROUP PLC",FIXP,US33835G2057,,,FIX PRICE GROUP PLC (эмитент депозитарных расписок - RCS Trust and Corporate Services Ltd.),,,,,20.02.2021 00:00:00,КАЗАХСТАН,FIX PRICE GROUP PLC,КАЗАХСТАН,+,,,,,,,,,,03.01.2025 Включение в Третий уровень 20.02.2021 Включение в Первый уровень,,,,,РПС: Акции - адрес. РЕПО в ин. валюте: USD РЕПО c облигациями РЕПО с ЦК 1 день РЕПО с ЦК Адресное Т+ Акции и ДР РПС с ЦК: Акции и ДР - адрес. РЕПО в ин. валюте: EUR РЕПО с ЦК 1 день (расч. в USD) РЕПО с ЦК 1 день (расч. в EUR) РЕПО с ЦК 7 дн. РЕПО с ЦК адр. (расч. в USD) РЕПО с ЦК адр.(расч. в EUR) РЕПО с ЦК 7 дней c расчетами в долларах США РЕПО с ЦК 7 дней c расчетами в евро Продажа обеспечения бирж.рынок - безадрес. РЕПО с ЦК адр. (расч. в CNY) РЕПО с ЦК 1 день (расч. в CNY) РЕПО в ин. валюте: CNY Урегулирование РЕПО с ЦК Нерезиденты - безадрес. РПС с ЦК Нерезиденты: Акции и ДР - адрес. Урегулирование с ЦК Нерезиденты - безадрес. РЕПО с ЦК 7 дн. (расч. в CNY) ОТС: Акции РПС с ЦК - адресные,,https://ir.fix-price.com/investors/regulatory_disclosure/corporate_documents/,https://e-disclosure.ru/portal/company.aspx?id=38370,03.01.2025 00:00:00,EDSXDR,VGG352641036,ESVUFR,,,
99,24.03.2025 00:00:00,5081,Третий уровень,1295,Депозитарные расписки,Депозитарные расписки иностранного эмитента на акции,"Американские депозитарные акции, удостоверяющие права в отношении акций класса ""Б"" компании NanduQ PLC",QIWI,US74735M1080,,,"NanduQ PLC (эмитент депозитарных расписок - RCS Stock Transfer, Inc.)",,,,,20.05.2013 00:00:00,СОЕДИНЕННЫЕ ШТАТЫ,NanduQ PLC,КИПР,+,,,,,,,,,,"29.01.2024 Включение в Третий уровень 09.06.2014 Включение в Первый уровень 06.06.2014 Включение в Котировальный список ""А"" первого уровня 21.05.2013 Включение в Перечень внесписочных ценных бумаг",,,,,РПС: Акции - адрес. РЕПО в ин. валюте: USD РЕПО c облигациями РЕПО с ЦК 1 день РЕПО с ЦК Адресное Т+ Акции и ДР РПС с ЦК: Акции и ДР - адрес. РЕПО в ин. валюте: EUR РЕПО с ЦК 1 день (расч. в USD) РЕПО с ЦК 1 день (расч. в EUR) РЕПО с ЦК 7 дн. РЕПО с ЦК адр. (расч. в USD) РЕПО с ЦК адр.(расч. в EUR) РЕПО с ЦК 7 дней c расчетами в долларах США РЕПО с ЦК 7 дней c расчетами в евро Продажа обеспечения бирж.рынок - безадрес. РЕПО с ЦК адр. (расч. в CNY) РЕПО с ЦК 1 день (расч. в CNY) РЕПО в ин. валюте: CNY Урегулирование РЕПО с ЦК Нерезиденты - безадрес. РПС с ЦК Нерезиденты: Акции и ДР - адрес. Урегулирование с ЦК Нерезиденты - безадрес. РЕПО с ЦК 7 дн. (расч. в CNY) ОТС: Акции РПС с ЦК - адресные,,https://nanduq.com/news-and-events/press-releases/,https://disclosure.1prime.ru/Portal/Default.aspx?emId=9909362043,29.01.2024 00:00:00,EDSXFR,CY0104052218,ESVUFR,,,
100,24.03.2025 00:00:00,12772,Третий уровень,1296,Депозитарные расписки,Депозитарные расписки иностранного эмитента на акции,"Глобальные депозитарные расписки, представляющие обыкновенные акции O'KEY Group S.A.",OKEY,US6708662019,,,O'KEY Group S.A. (эмитент депозитарных расписок - RCS Trust and Corporate Services Ltd.),,,,,09.12.2020 00:00:00,КАЗАХСТАН,O'KEY Group S.A.,ЛЮКСЕМБУРГ,+,,,,,,,,,,03.01.2025 Включение в Третий уровень 13.06.2024 Включение в Второй уровень 09.12.2020 Включение в Первый уровень,,,,,РПС: Акции - адрес. РЕПО в ин. валюте: USD РЕПО c облигациями Т+ Неполные лоты (акции) РЕПО с ЦК 1 день РЕПО с ЦК Адресное Т+ Акции и ДР РПС с ЦК: Акции и ДР - адрес. РЕПО в ин. валюте: EUR РЕПО с ЦК 1 день (расч. в USD) РЕПО с ЦК 1 день (расч. в EUR) РЕПО с ЦК 7 дн. РЕПО с ЦК адр. (расч. в USD) РЕПО с ЦК адр.(расч. в EUR) РЕПО с ЦК 7 дней c расчетами в долларах США РЕПО с ЦК 7 дней c расчетами в евро Продажа обеспечения бирж.рынок - безадрес. РЕПО с ЦК адр. (расч. в CNY) РЕПО с ЦК 1 день (расч. в CNY) РЕПО в ин. валюте: CNY Урегулирование РЕПО с ЦК Нерезиденты - безадрес. РПС с ЦК Нерезиденты: Акции и ДР - адрес. Урегулирование с ЦК Нерезиденты - безадрес. РЕПО с ЦК 7 дн. (расч. в CNY) ОТС: Акции РПС с ЦК - адресные,,https://okeygroup.lu/,https://e-disclosure.ru/portal/company.aspx?id=38332,03.01.2025 00:00:00,EDSXFR,LU1015794768,ESVUFR,,,
101,24.03.2025 00:00:00,14525,Третий уровень,1297,Депозитарные расписки,Депозитарные расписки иностранного эмитента на акции,"Американские депозитарные акции, удостоверяющие права на обыкновенные акции Ozon Holdings PLC",OZON,US69269L1044,,,Ozon Holdings PLC (эмитент депозитарных расписок - The Bank of New York Mellon),,,,,19.11.2020 00:00:00,СОЕДИНЕННЫЕ ШТАТЫ,Ozon Holdings PLC,КИПР,+,,,,,,,,,,03.01.2025 Включение в Третий уровень 19.11.2020 Включение в Первый уровень,,,,,РПС: Акции - адрес. РЕПО в ин. валюте: USD РЕПО c облигациями РЕПО с ЦК 1 день РЕПО с ЦК Адресное Т+ Акции и ДР РПС с ЦК: Акции и ДР - адрес. РЕПО в ин. валюте: EUR Поставка по СК (акции) РЕПО с ЦК 1 день (расч. в USD) РЕПО с ЦК 1 день (расч. в EUR) РЕПО с ЦК 7 дн. РЕПО с ЦК адр. (расч. в USD) РЕПО с ЦК адр.(расч. в EUR) РЕПО с ЦК 7 дней c расчетами в долларах США РЕПО с ЦК 7 дней c расчетами в евро Продажа обеспечения бирж.рынок - безадрес. РЕПО с ЦК адр. (расч. в CNY) РЕПО с ЦК 1 день (расч. в CNY) РЕПО в ин. валюте: CNY Урегулирование РЕПО с ЦК Нерезиденты - безадрес. РПС с ЦК Нерезиденты: Акции и ДР - адрес. Урегулирование с ЦК Нерезиденты - безадрес. РЕПО с ЦК 7 дн. (расч. в CNY) ОТС: Акции РПС с ЦК - адресные,,https://corp.ozon.ru/,https://e-disclosure.ru/portal/company.aspx?id=38334,03.01.2025 00:00:00,EDSXFR,CY0109300810,ESVUFR,,,
102,24.03.2025 00:00:00,7046,Третий уровень,1298,Депозитарные расписки,Депозитарные расписки иностранного эмитента на акции,"Глобальные депозитарные расписки, представляющие обыкновенные акции ROS AGRO PLC",AGRO,US7496552057,,,ROS AGRO PLC (эмитент депозитарных расписок - RCS Trust and Corporate Services Ltd.),,,,,26.11.2014 00:00:00,КАЗАХСТАН,ROS AGRO PLC,КИПР,+,,,,,,,,,,03.01.2025 Включение в Третий уровень 26.11.2014 Включение в Первый уровень,,,,,РПС: Акции - адрес. РЕПО в ин. валюте: USD РЕПО c облигациями РЕПО с ЦК 1 день РЕПО с ЦК Адресное Т+ Акции и ДР РПС с ЦК: Акции и ДР - адрес. РЕПО в ин. валюте: EUR РЕПО с ЦК 1 день (расч. в USD) РЕПО с ЦК 1 день (расч. в EUR) РЕПО с ЦК 7 дн. РЕПО с ЦК адр. (расч. в USD) РЕПО с ЦК адр.(расч. в EUR) РЕПО с ЦК 7 дней c расчетами в долларах США РЕПО с ЦК 7 дней c расчетами в евро Продажа обеспечения бирж.рынок - безадрес. РЕПО с ЦК адр. (расч. в CNY) РЕПО с ЦК 1 день (расч. в CNY) РЕПО в ин. валюте: CNY Урегулирование РЕПО с ЦК Нерезиденты - безадрес. РПС с ЦК Нерезиденты: Акции и ДР - адрес. Урегулирование с ЦК Нерезиденты - безадрес. РЕПО с ЦК 7 дн. (расч. в CNY) ОТС: Акции РПС с ЦК - адресные,,https://www.rusagrogroup.ru/ru/investoram/,https://e-disclosure.ru/portal/company.aspx?id=34871,03.01.2025 00:00:00,EDSXFR,CY0104922212,ESVUFR,,,
103,24.03.2025 00:00:00,16693,Третий уровень,1303,Акции,Акции иностранного эмитента,Обыкновенные акции,VEON-RX,BMG9349W1038,,,VEON Ltd.,,"0,001",Доллар США,1749127404,25.11.2021 00:00:00,,,,+,,,,,,,,,,25.11.2021 Включение в Третий уровень,,,,,РПС: Акции - адрес. РЕПО в ин. валюте: USD РЕПО c облигациями Т+ Неполные лоты (акции) РЕПО с ЦК 1 день РЕПО с ЦК Адресное Т+ Акции и ДР РПС с ЦК: Акции и ДР - адрес. РЕПО в ин. валюте: EUR РЕПО с ЦК 1 день (расч. в USD) РЕПО с ЦК 1 день (расч. в EUR) РЕПО с ЦК 7 дн. РЕПО с ЦК адр. (расч. в USD) РЕПО с ЦК адр.(расч. в EUR) РЕПО с ЦК 7 дней c расчетами в долларах США РЕПО с ЦК 7 дней c расчетами в евро Продажа обеспечения бирж.рынок - безадрес. РЕПО с ЦК адр. (расч. в CNY) РЕПО с ЦК 1 день (расч. в CNY) РЕПО в ин. валюте: CNY Урегулирование РЕПО с ЦК Нерезиденты - безадрес. РПС с ЦК Нерезиденты: Акции и ДР - адрес. Урегулирование с ЦК Нерезиденты - безадрес. РЕПО с ЦК 7 дн. (расч. в CNY) ОТС: Акции РПС с ЦК - адресные,,https://www.moex.com/ru/listing/emidocs.aspx?id=12703&tab=3,,25.11.2021 00:00:00,ESVUFR,,,,,
104,24.03.2025 00:00:00,1166,Третий уровень,1727,Акции,Акция обыкновенная,акции обыкновенные,AVAN,RU000A0DM7B3,10102879B,05.09.1994 00:00:00,"Акционерный Коммерческий банк ""АВАНГАРД"" - публичное акционерное общество",7702021163,30,Рубль,80700000,26.11.2004 00:00:00,,,,,+,,,,,,,,,09.06.2014 Включение в Третий уровень 26.11.2004 Включение в Перечень внесписочных ценных бумаг,,,,,РПС: Акции - адрес. РЕПО в ин. валюте: USD РЕПО c облигациями РЕПО с ЦК 1 день РЕПО с ЦК Адресное Т+ Акции и ДР РПС с ЦК: Акции и ДР - адрес. РЕПО в ин. валюте: EUR РЕПО с ЦК 1 день (расч. в USD) РЕПО с ЦК 1 день (расч. в EUR) РЕПО с ЦК 7 дн. РЕПО с ЦК адр. (расч. в USD) РЕПО с ЦК адр.(расч. в EUR) РЕПО с ЦК 7 дней c расчетами в долларах США РЕПО с ЦК 7 дней c расчетами в евро Продажа обеспечения бирж.рынок - безадрес. РЕПО с ЦК адр. (расч. в CNY) РЕПО с ЦК 1 день (расч. в CNY) РЕПО в ин. валюте: CNY Урегулирование РЕПО с ЦК Нерезиденты - безадрес. РПС с ЦК Нерезиденты: Акции и ДР - адрес. Урегулирование с ЦК Нерезиденты - безадрес. РЕПО с ЦК 7 дн. (расч. в CNY) ОТС: Акции РПС с ЦК - адресные,,https://www.avangard.ru/rus/about/inforaskr/,www.e-disclosure.ru/portal/company.aspx?id=1070,09.06.2014 00:00:00,,,,,,
105,24.03.2025 00:00:00,3918,Третий уровень,1984,Акции,Акция обыкновенная,акции обыкновенные,KZOS,RU0009089825,1-02-55245-D,23.07.2003 00:00:00,"Казанское публичное акционерное общество ""Органический синтез""",1658008723,1,Рубль,1785114000,30.11.2011 00:00:00,,,,,+,,,,,,,,,09.06.2014 Включение в Третий уровень 30.11.2011 Включение в Перечень внесписочных ценных бумаг,,,,,РПС: Акции - адрес. РЕПО в ин. валюте: USD РЕПО c облигациями Т+ Неполные лоты (акции) РЕПО с ЦК 1 день РЕПО с ЦК Адресное Т+ Акции и ДР РПС с ЦК: Акции и ДР - адрес. РЕПО в ин. валюте: EUR РЕПО с ЦК 1 день (расч. в USD) РЕПО с ЦК 1 день (расч. в EUR) РЕПО с ЦК 7 дн. РЕПО с ЦК адр. (расч. в USD) РЕПО с ЦК адр.(расч. в EUR) РЕПО с ЦК 7 дней c расчетами в долларах США РЕПО с ЦК 7 дней c расчетами в евро Продажа обеспечения бирж.рынок - безадрес. РЕПО с ЦК адр. (расч. в CNY) РЕПО с ЦК 1 день (расч. в CNY) РЕПО в ин. валюте: CNY Урегулирование РЕПО с ЦК Нерезиденты - безадрес. РПС с ЦК Нерезиденты: Акции и ДР - адрес. Урегулирование с ЦК Нерезиденты - безадрес. РЕПО с ЦК 7 дн. (расч. в CNY) ОТС: Акции РПС с ЦК - адресные,"Акция привилегированная, 2-02-55245-D, RU0006753456",https://www.sibur.ru/kazanorgsintez/ru/disclosure/,https://disclosure.skrin.ru/disclosure/1658008723,09.06.2014 00:00:00,,,,,,
106,24.03.2025 00:00:00,3977,Третий уровень,1985,Акции,Акция привилегированная,акции привилегированные,KZOSP,RU0006753456,2-02-55245-D,23.07.2003 00:00:00,"Казанское публичное акционерное общество ""Органический синтез""",1658008723,1,Рубль,119596000,30.11.2011 00:00:00,,,,,+,,,,,,,,,09.06.2014 Включение в Третий уровень 30.11.2011 Включение в Перечень внесписочных ценных бумаг,,,,,РПС: Акции - адрес. РЕПО в ин. валюте: USD РЕПО c облигациями Т+ Неполные лоты (акции) РЕПО с ЦК 1 день РЕПО с ЦК Адресное Т+ Акции и ДР РПС с ЦК: Акции и ДР - адрес. РЕПО в ин. валюте: EUR РЕПО с ЦК 1 день (расч. в USD) РЕПО с ЦК 1 день (расч. в EUR) РЕПО с ЦК 7 дн. РЕПО с ЦК адр. (расч. в USD) РЕПО с ЦК адр.(расч. в EUR) РЕПО с ЦК 7 дней c расчетами в долларах США РЕПО с ЦК 7 дней c расчетами в евро Продажа обеспечения бирж.рынок - безадрес. РЕПО с ЦК адр. (расч. в CNY) РЕПО с ЦК 1 день (расч. в CNY) РЕПО в ин. валюте: CNY Урегулирование РЕПО с ЦК Нерезиденты - безадрес. РПС с ЦК Нерезиденты: Акции и ДР - адрес. Урегулирование с ЦК Нерезиденты - безадрес. РЕПО с ЦК 7 дн. (расч. в CNY) ОТС: Акции РПС с ЦК - адресные,"Акция обыкновенная, 1-02-55245-D, RU0009089825",https://www.sibur.ru/kazanorgsintez/ru/disclosure/,https://disclosure.skrin.ru/disclosure/1658008723,09.06.2014 00:00:00,,,,,,
107,24.03.2025 00:00:00,1687,Третий уровень,1988,Акции,Акция обыкновенная,акции обыкновенные,LNZL,RU000A0JP1N2,1-02-40433-N,15.06.2000 00:00:00,"Ленское золотодобывающее публичное акционерное общество ""Лензолото""",3802000096,1,Рубль,1140300,11.12.2008 00:00:00,,,,,+,,,,,,,,,09.06.2014 Включение в Третий уровень 11.12.2008 Включение в Перечень внесписочных ценных бумаг,,,,,РПС: Акции - адрес. РЕПО в ин. валюте: USD РЕПО c облигациями РЕПО с ЦК 1 день РЕПО с ЦК Адресное Т+ Акции и ДР РПС с ЦК: Акции и ДР - адрес. РЕПО в ин. валюте: EUR РЕПО с ЦК 1 день (расч. в USD) РЕПО с ЦК 1 день (расч. в EUR) РЕПО с ЦК 7 дн. РЕПО с ЦК адр. (расч. в USD) РЕПО с ЦК адр.(расч. в EUR) РЕПО с ЦК 7 дней c расчетами в долларах США РЕПО с ЦК 7 дней c расчетами в евро Продажа обеспечения бирж.рынок - безадрес. РЕПО с ЦК адр. (расч. в CNY) РЕПО с ЦК 1 день (расч. в CNY) РЕПО в ин. валюте: CNY Урегулирование РЕПО с ЦК Нерезиденты - безадрес. РПС с ЦК Нерезиденты: Акции и ДР - адрес. Урегулирование с ЦК Нерезиденты - безадрес. РЕПО с ЦК 7 дн. (расч. в CNY) ОТС: Акции РПС с ЦК - адресные,"Акция привилегированная, 2-02-40433-N, RU000A0JP1P7",,https://www.e-disclosure.ru/portal/company.aspx?id=1991,09.06.2014 00:00:00,,,,,,
108,24.03.2025 00:00:00,2439,Третий уровень,1989,Акции,Акция привилегированная,акции привилегированные,LNZLP,RU000A0JP1P7,2-02-40433-N,15.06.2000 00:00:00,"Ленское золотодобывающее публичное акционерное общество ""Лензолото""",3802000096,1,Рубль,347700,17.06.2009 00:00:00,,,,,+,,,,,,,,,09.06.2014 Включение в Третий уровень 17.06.2009 Включение в Перечень внесписочных ценных бумаг,,,,,РПС: Акции - адрес. РЕПО в ин. валюте: USD РЕПО c облигациями РЕПО с ЦК 1 день РЕПО с ЦК Адресное Т+ Акции и ДР РПС с ЦК: Акции и ДР - адрес. РЕПО в ин. валюте: EUR РЕПО с ЦК 1 день (расч. в USD) РЕПО с ЦК 1 день (расч. в EUR) РЕПО с ЦК 7 дн. РЕПО с ЦК адр. (расч. в USD) РЕПО с ЦК адр.(расч. в EUR) РЕПО с ЦК 7 дней c расчетами в долларах США РЕПО с ЦК 7 дней c расчетами в евро Продажа обеспечения бирж.рынок - безадрес. РЕПО с ЦК адр. (расч. в CNY) РЕПО с ЦК 1 день (расч. в CNY) РЕПО в ин. валюте: CNY Урегулирование РЕПО с ЦК Нерезиденты - безадрес. РПС с ЦК Нерезиденты: Акции и ДР - адрес. Урегулирование с ЦК Нерезиденты - безадрес. РЕПО с ЦК 7 дн. (расч. в CNY) ОТС: Акции РПС с ЦК - адресные,"Акция обыкновенная, 1-02-40433-N, RU000A0JP1N2",,https://www.e-disclosure.ru/portal/company.aspx?id=1991,09.06.2014 00:00:00,,,,,,
109,24.03.2025 00:00:00,1747,Третий уровень,2660,Акции,Акция обыкновенная,акции обыкновенные,BLNG,RU000A0J2QG8,1-06-10167-F,29.10.2008 00:00:00,"Открытое акционерное общество ""Белон""",5410102823,"0,01",Рубль,1150000000,29.12.2008 00:00:00,,,,,+,,,,,,,+,,"09.06.2014 Включение в Третий уровень 22.12.2010 Включение в Перечень внесписочных ценных бумаг 29.12.2008 Включение в Котировальный список ""Б""",,,,,РПС: Акции - адрес. Т+ Неполные лоты (акции) РЕПО с ЦК 1 день РЕПО с ЦК Адресное Т+ Акции и ДР РПС с ЦК: Акции и ДР - адрес. РЕПО с ЦК 7 дн. Продажа обеспечения бирж.рынок - безадрес. РЕПО с ЦК адр. (расч. в CNY) РЕПО с ЦК 1 день (расч. в CNY) Урегулирование РЕПО с ЦК Нерезиденты - безадрес. РПС с ЦК Нерезиденты: Акции и ДР - адрес. Урегулирование с ЦК Нерезиденты - безадрес. РЕПО с ЦК 7 дн. (расч. в CNY) ОТС: Акции РПС с ЦК - адресные,,http://www.belon.ru/invest-akts/raskrytie-informatsii-na-interfaks/,https://www.e-disclosure.ru/portal/company.aspx?id=332,09.06.2014 00:00:00,,,,,,
110,24.03.2025 00:00:00,3293,Третий уровень,2662,Акции,Акция обыкновенная,акции обыкновенные,DZRD,RU000A0JQW11,1-01-02677-A,01.11.2006 00:00:00,"Открытое акционерное общество ""Донской завод радиодеталей""",7114001610,1,Рубль,343407,24.12.2010 00:00:00,,,,,+,,,,,,,+,,09.06.2014 Включение в Третий уровень 24.12.2010 Включение в Перечень внесписочных ценных бумаг,,,,,РПС: Акции - адрес. РЕПО в ин. валюте: USD РЕПО c облигациями Т+ Акции и ДР РПС с ЦК: Акции и ДР - адрес. РЕПО в ин. валюте: EUR Продажа обеспечения бирж.рынок - безадрес. РЕПО в ин. валюте: CNY Урегулирование РЕПО с ЦК Нерезиденты - безадрес. РПС с ЦК Нерезиденты: Акции и ДР - адрес. Урегулирование с ЦК Нерезиденты - безадрес. ОТС: Акции РПС с ЦК - адресные,"Акция привилегированная, 2-01-02677-A, RU000A0JQW29",,https://www.e-disclosure.ru/portal/company.aspx?id=5496,09.06.2014 00:00:00,,,,,,
111,24.03.2025 00:00:00,3294,Третий уровень,2663,Акции,Акция привилегированная,акции привилегированные,DZRDP,RU000A0JQW29,2-01-02677-A,01.11.2006 00:00:00,"Открытое акционерное общество ""Донской завод радиодеталей""",7114001610,1,Рубль,114469,24.12.2010 00:00:00,,,,,+,,,,,,,+,,09.06.2014 Включение в Третий уровень 24.12.2010 Включение в Перечень внесписочных ценных бумаг,,,,,РПС: Акции - адрес. РЕПО в ин. валюте: USD РЕПО c облигациями Т+ Акции и ДР РПС с ЦК: Акции и ДР - адрес. РЕПО в ин. валюте: EUR Продажа обеспечения бирж.рынок - безадрес. РЕПО в ин. валюте: CNY Урегулирование РЕПО с ЦК Нерезиденты - безадрес. РПС с ЦК Нерезиденты: Акции и ДР - адрес. Урегулирование с ЦК Нерезиденты - безадрес. ОТС: Акции РПС с ЦК - адресные,"Акция обыкновенная, 1-01-02677-A, RU000A0JQW11",,https://www.e-disclosure.ru/portal/company.aspx?id=5496,09.06.2014 00:00:00,,,,,,
112,24.03.2025 00:00:00,1626,Третий уровень,2664,Акции,Акция обыкновенная,акции обыкновенные,MGNZ,RU0009100911,1-01-00283-A,05.06.2007 00:00:00,"Открытое акционерное общество ""Соликамский магниевый завод""",5919470019,"0,25",Рубль,398272,10.10.2008 00:00:00,,,,,+,,,,,,,+,,09.06.2014 Включение в Третий уровень 10.10.2008 Включение в Перечень внесписочных ценных бумаг,,,,,РПС: Акции - адрес. РЕПО в ин. валюте: USD РЕПО c облигациями Т+ Акции и ДР РПС с ЦК: Акции и ДР - адрес. РЕПО в ин. валюте: EUR Продажа обеспечения бирж.рынок - безадрес. РЕПО в ин. валюте: CNY Урегулирование РЕПО с ЦК Нерезиденты - безадрес. РПС с ЦК Нерезиденты: Акции и ДР - адрес. Урегулирование с ЦК Нерезиденты - безадрес. ОТС: Акции РПС с ЦК - адресные,,https://www.smw.ru/shareholder/,http://www.e-disclosure.ru/portal/company.aspx?id=6100,09.06.2014 00:00:00,,,,,,
113,24.03.2025 00:00:00,14769,Третий уровень,2665,Акции,Акция привилегированная,акции привилегированные,BSPBP,RU000A0JP0U9,20100436B,19.11.1992 00:00:00,"ПУБЛИЧНОЕ АКЦИОНЕРНОЕ ОБЩЕСТВО ""БАНК ""САНКТ-ПЕТЕРБУРГ""",7831000027,1,Рубль,20100000,30.12.2020 00:00:00,,,,,,,,,,,,,,30.12.2020 Включение в Третий уровень,,,,,РПС: Акции - адрес. РЕПО в ин. валюте: USD РЕПО c облигациями Т+ Неполные лоты (акции) РЕПО с ЦК 1 день РЕПО с ЦК Адресное Т+ Акции и ДР РПС с ЦК: Акции и ДР - адрес. РЕПО в ин. валюте: EUR РЕПО с ЦК 1 день (расч. в USD) РЕПО с ЦК 1 день (расч. в EUR) РЕПО с ЦК 7 дн. РЕПО с ЦК адр. (расч. в USD) РЕПО с ЦК адр.(расч. в EUR) РЕПО с ЦК 7 дней c расчетами в долларах США РЕПО с ЦК 7 дней c расчетами в евро Переводы НКЦ Продажа обеспечения бирж.рынок - безадрес. РЕПО с ЦК адр. (расч. в CNY) РЕПО с ЦК 1 день (расч. в CNY) РЕПО в ин. валюте: CNY Урегулирование РЕПО с ЦК Нерезиденты - безадрес. РПС с ЦК Нерезиденты: Акции и ДР - адрес. Урегулирование с ЦК Нерезиденты - безадрес. РЕПО с ЦК 7 дн. (расч. в CNY) ОТС: Акции РПС с ЦК - адресные,"Акция обыкновенная, 10300436B, RU0009100945",https://www.bspb.ru,http://www.e-disclosure.ru/portal/company.aspx?id=3935,30.12.2020 00:00:00,,,,,,
114,24.03.2025 00:00:00,1280,Третий уровень,2668,Акции,Акция обыкновенная,акции обыкновенные,NKNC,RU0009100507,1-02-00096-A,15.08.2003 00:00:00,"Публичное Акционерное Общество ""Нижнекамскнефтехим""",1651000010,1,Рубль,1611256000,24.03.2008 00:00:00,,,,,+,,,,,,,+,,"30.12.2016 Включение в Третий уровень 09.06.2014 Включение в Первый уровень 20.07.2009 Включение в Котировальный список ""А"" второго уровня 24.03.2008 Включение в Перечень внесписочных ценных бумаг",,,,,РПС: Акции - адрес. РЕПО в ин. валюте: USD РЕПО c облигациями Т+ Неполные лоты (акции) РЕПО с ЦК 1 день РЕПО с ЦК Адресное Т+ Акции и ДР РПС с ЦК: Акции и ДР - адрес. РЕПО в ин. валюте: EUR РЕПО с ЦК 1 день (расч. в USD) РЕПО с ЦК 1 день (расч. в EUR) РЕПО с ЦК 7 дн. РЕПО с ЦК адр. (расч. в USD) РЕПО с ЦК адр.(расч. в EUR) РЕПО с ЦК 7 дней c расчетами в долларах США РЕПО с ЦК 7 дней c расчетами в евро Продажа обеспечения бирж.рынок - безадрес. РЕПО с ЦК адр. (расч. в CNY) РЕПО с ЦК 1 день (расч. в CNY) РЕПО в ин. валюте: CNY Урегулирование РЕПО с ЦК Нерезиденты - безадрес. РПС с ЦК Нерезиденты: Акции и ДР - адрес. Урегулирование с ЦК Нерезиденты - безадрес. РЕПО с ЦК 7 дн. (расч. в CNY) ОТС: Акции РПС с ЦК - адресные,"Акция привилегированная, 2-02-00096-A, RU0006765096 Облигация биржевая, 4B02-01-00096-A-001P, RU000A0ZZZ17 Облигация биржевая, 4B02-02-00096-A-001P, RU000A103QQ0 Облигация биржевая, 4B02-03-00096-A-001P, RU000A109KW8",https://www.sibur.ru/nknh/ru/,https://www.e-disclosure.ru/portal/company.aspx?id=197,30.12.2016 00:00:00,,,,,,
115,24.03.2025 00:00:00,1281,Третий уровень,2669,Акции,Акция привилегированная,акции привилегированные,NKNCP,RU0006765096,2-02-00096-A,15.08.2003 00:00:00,"Публичное Акционерное Общество ""Нижнекамскнефтехим""",1651000010,1,Рубль,218983750,24.03.2008 00:00:00,,,,,+,,,,,,,,,"30.12.2016 Включение в Третий уровень 09.06.2014 Включение в Первый уровень 29.03.2010 Включение в Котировальный список ""А"" второго уровня 20.07.2009 Включение в Котировальный список ""Б"" 24.03.2008 Включение в Перечень внесписочных ценных бумаг",,,,,РПС: Акции - адрес. РЕПО в ин. валюте: USD РЕПО c облигациями Т+ Неполные лоты (акции) РЕПО с ЦК 1 день РЕПО с ЦК Адресное Т+ Акции и ДР РПС с ЦК: Акции и ДР - адрес. РЕПО в ин. валюте: EUR РЕПО с ЦК 1 день (расч. в USD) РЕПО с ЦК 1 день (расч. в EUR) РЕПО с ЦК 7 дн. РЕПО с ЦК адр. (расч. в USD) РЕПО с ЦК адр.(расч. в EUR) РЕПО с ЦК 7 дней c расчетами в долларах США РЕПО с ЦК 7 дней c расчетами в евро Продажа обеспечения бирж.рынок - безадрес. РЕПО с ЦК адр. (расч. в CNY) РЕПО с ЦК 1 день (расч. в CNY) РЕПО в ин. валюте: CNY Урегулирование РЕПО с ЦК Нерезиденты - безадрес. РПС с ЦК Нерезиденты: Акции и ДР - адрес. Урегулирование с ЦК Нерезиденты - безадрес. РЕПО с ЦК 7 дн. (расч. в CNY) ОТС: Акции РПС с ЦК - адресные,"Акция обыкновенная, 1-02-00096-A, RU0009100507 Облигация биржевая, 4B02-01-00096-A-001P, RU000A0ZZZ17 Облигация биржевая, 4B02-02-00096-A-001P, RU000A103QQ0 Облигация биржевая, 4B02-03-00096-A-001P, RU000A109KW8",https://www.sibur.ru/nknh/ru/,https://www.e-disclosure.ru/portal/company.aspx?id=197,30.12.2016 00:00:00,,,,,,
116,24.03.2025 00:00:00,12296,Третий уровень,2671,Акции,Акция обыкновенная,акции обыкновенные,GEMA,RU000A100GC7,1-01-85932-H,22.06.2018 00:00:00,"Публичное акционерное общество  ""Международный Медицинский Центр Обработки и Криохранения Биоматериалов""",7736317497,"0,01",Рубль,14929920,27.06.2019 00:00:00,,,,,+,,,,,,,,,27.06.2019 Включение в Третий уровень,,,,,РПС: Акции - адрес. РЕПО в ин. валюте: USD РЕПО c облигациями Т+ Неполные лоты (акции) РЕПО с ЦК 1 день РЕПО с ЦК Адресное Т+ Акции и ДР РПС с ЦК: Акции и ДР - адрес. РЕПО в ин. валюте: EUR РЕПО с ЦК 1 день (расч. в USD) РЕПО с ЦК 1 день (расч. в EUR) РЕПО с ЦК 7 дн. РЕПО с ЦК адр. (расч. в USD) РЕПО с ЦК адр.(расч. в EUR) РЕПО с ЦК 7 дней c расчетами в долларах США РЕПО с ЦК 7 дней c расчетами в евро Продажа обеспечения бирж.рынок - безадрес. РЕПО с ЦК адр. (расч. в CNY) РЕПО с ЦК 1 день (расч. в CNY) РЕПО в ин. валюте: CNY Урегулирование РЕПО с ЦК Нерезиденты - безадрес. РПС с ЦК Нерезиденты: Акции и ДР - адрес. Урегулирование с ЦК Нерезиденты - безадрес. РЕПО с ЦК 7 дн. (расч. в CNY) ОТС: Акции РПС с ЦК - адресные,"Облигация биржевая, 4B02-01-85932-H-001P, RU000A1001T8 Облигация биржевая, 4B02-02-85932-H-001P, RU000A105054",https://invest.gemabank.ru/,http://www.e-disclosure.ru/portal/company.aspx?id=37646,27.06.2019 00:00:00,,,,,,
117,24.03.2025 00:00:00,20233,Третий уровень,2674,Акции,Акция обыкновенная,акции обыкновенные,KLVZ,RU000A107KX0,1-01-05421-G,20.09.2023 00:00:00,"Публичное акционерное общество ""АЛКОГОЛЬНАЯ ГРУППА КРИСТАЛЛ""",9731121416,"0,01",Рубль,921052700,08.02.2024 00:00:00,,,,,+,,,,,,,,,22.02.2024 Включение в Третий уровень,,,,,РПС: Акции - адрес. РЕПО в ин. валюте: USD РЕПО c облигациями Т+ Неполные лоты (акции) РЕПО с ЦК 1 день РЕПО с ЦК Адресное Т+ Акции и ДР РПС с ЦК: Акции и ДР - адрес. РЕПО в ин. валюте: EUR Поставка по СК (акции) РЕПО с ЦК 1 день (расч. в USD) РЕПО с ЦК 1 день (расч. в EUR) РЕПО с ЦК 7 дн. РЕПО с ЦК адр. (расч. в USD) РЕПО с ЦК адр.(расч. в EUR) РЕПО с ЦК 7 дней c расчетами в долларах США РЕПО с ЦК 7 дней c расчетами в евро Продажа обеспечения бирж.рынок - безадрес. РЕПО с ЦК адр. (расч. в CNY) РЕПО с ЦК 1 день (расч. в CNY) РЕПО в ин. валюте: CNY Урегулирование РЕПО с ЦК Нерезиденты - безадрес. РПС с ЦК Нерезиденты: Акции и ДР - адрес. Урегулирование с ЦК Нерезиденты - безадрес. РЕПО с ЦК 7 дн. (расч. в CNY) ОТС: Акции РПС с ЦК - адресные,,https://klvzk.ru/investors/disclosure-of-information/,https://e-disclosure.ru/portal/company.aspx?id=39009,22.02.2024 00:00:00,,,,,,
118,24.03.2025 00:00:00,20856,Третий уровень,2675,Акции,Акция обыкновенная,акции обыкновенные,APRI,RU000A108LJ5,1-01-12464-K,19.09.2018 00:00:00,"Публичное акционерное общество ""АПРИ""",7453326003,1,Рубль,1115439217,17.07.2024 00:00:00,,,,,+,,,,,,,,,30.07.2024 Включение в Третий уровень,,,,,РПС: Акции - адрес. РЕПО c облигациями Т+ Неполные лоты (акции) РЕПО с ЦК 1 день РЕПО с ЦК Адресное Т+ Акции и ДР РПС с ЦК: Акции и ДР - адрес. Поставка по СК (акции) РЕПО с ЦК 7 дн. Продажа обеспечения бирж.рынок - безадрес. РЕПО с ЦК адр. (расч. в CNY) РЕПО с ЦК 1 день (расч. в CNY) РЕПО в ин. валюте: CNY Урегулирование РЕПО с ЦК Нерезиденты - безадрес. РПС с ЦК Нерезиденты: Акции и ДР - адрес. Урегулирование с ЦК Нерезиденты - безадрес. РЕПО с ЦК 7 дн. (расч. в CNY) ОТС: Акции РПС с ЦК - адресные,"Облигация корпоративная, 4-02-12464-K, RU000A103N19 Облигация биржевая, 4B02-05-12464-K-001P, RU000A104WA0 Облигация биржевая, 4B02-01-12464-K-002P, RU000A105DS9 Облигация биржевая, 4B02-02-12464-K-002P, RU000A106631 Облигация биржевая, 4B02-03-12464-K-002P, RU000A106WZ2 Облигация биржевая, 4B02-04-12464-K-002P, RU000A107FZ5 Облигация биржевая, 4B02-05-12464-K-002P, RU000A10A1P9 Облигация биржевая, 4B02-06-12464-K-002P, RU000A10A554 Облигация биржевая, 4B02-07-12464-K-002P, RU000A10AUG3 Облигация биржевая, 4B02-08-12464-K-002P, RU000A10AG48 Облигация биржевая, 4B02-09-12464-K-002P, RU000A10AZY5",https://invest.апри.рф/disclosure/,https://e-disclosure.ru/portal/company.aspx?id=37277,30.07.2024 00:00:00,,,,,,
119,24.03.2025 00:00:00,4471,Третий уровень,2687,Акции,Акция обыкновенная,акции обыкновенные,ABRD,RU000A0JS5T7,1-02-12500-A,29.08.2012 00:00:00,"Публичное акционерное общество ""Абрау – Дюрсо""",7727620673,1,Рубль,98000184,01.10.2012 00:00:00,,,,,+,,,,,,,,,09.06.2014 Включение в Третий уровень 02.10.2012 Включение в Перечень внесписочных ценных бумаг,,,,,РПС: Акции - адрес. РЕПО в ин. валюте: USD РЕПО c облигациями Т+ Неполные лоты (акции) РЕПО с ЦК 1 день РЕПО с ЦК Адресное Т+ Акции и ДР РПС с ЦК: Акции и ДР - адрес. РЕПО в ин. валюте: EUR РЕПО с ЦК 1 день (расч. в USD) РЕПО с ЦК 1 день (расч. в EUR) РЕПО с ЦК 7 дн. РЕПО с ЦК адр. (расч. в USD) РЕПО с ЦК адр.(расч. в EUR) РЕПО с ЦК 7 дней c расчетами в долларах США РЕПО с ЦК 7 дней c расчетами в евро Продажа обеспечения бирж.рынок - безадрес. РЕПО с ЦК адр. (расч. в CNY) РЕПО с ЦК 1 день (расч. в CNY) РЕПО в ин. валюте: CNY Урегулирование РЕПО с ЦК Нерезиденты - безадрес. РПС с ЦК Нерезиденты: Акции и ДР - адрес. Урегулирование с ЦК Нерезиденты - безадрес. РЕПО с ЦК 7 дн. (расч. в CNY) ОТС: Акции РПС с ЦК - адресные,,https://www.abraudurso.ru/investors/,https://www.e-disclosure.ru/portal/company.aspx?id=26517,09.06.2014 00:00:00,,,,,,
120,24.03.2025 00:00:00,1246,Третий уровень,2688,Акции,Акция обыкновенная,акции обыкновенные,UTAR,RU0007661385,1-01-00077-F,16.01.2004 00:00:00,"Публичное акционерное общество ""Авиакомпания ""ЮТэйр""",7204002873,1,Рубль,7896123268,26.11.2004 00:00:00,,,,,+,,,,,,,,,"09.06.2014 Включение в Третий уровень 20.05.2014 Включение в Перечень внесписочных ценных бумаг 20.02.2012 Включение в Котировальный список ""А"" первого уровня 26.11.2004 Включение в Перечень внесписочных ценных бумаг",,,,,РПС: Акции - адрес. РЕПО в ин. валюте: USD РЕПО c облигациями Т+ Неполные лоты (акции) Т+ Акции и ДР РПС с ЦК: Акции и ДР - адрес. РЕПО в ин. валюте: EUR Продажа обеспечения бирж.рынок - безадрес. РЕПО в ин. валюте: CNY Урегулирование РЕПО с ЦК Нерезиденты - безадрес. РПС с ЦК Нерезиденты: Акции и ДР - адрес. Урегулирование с ЦК Нерезиденты - безадрес. ОТС: Акции РПС с ЦК - адресные,,https://www.e-disclosure.ru/portal/company.aspx?id=1171,https://www.e-disclosure.ru/portal/company.aspx?id=1171,09.06.2014 00:00:00,,,,,,
121,24.03.2025 00:00:00,3747,Третий уровень,2689,Акции,Акция обыкновенная,акции обыкновенные,BANE,RU0007976957,1-01-00013-A,07.04.2004 00:00:00,"Публичное акционерное общество ""Акционерная нефтяная Компания ""Башнефть""",0274051582,1,Рубль,147846489,11.11.2011 00:00:00,,,,,+,,,,,,,,,04.07.2017 Включение в Третий уровень 14.07.2014 Включение в Первый уровень 09.06.2014 Включение в Третий уровень 11.11.2011 Включение в Перечень внесписочных ценных бумаг,,,,,РПС: Акции - адрес. РЕПО в ин. валюте: USD РЕПО c облигациями РЕПО с ЦК 1 день РЕПО с ЦК Адресное Т+ Акции и ДР РПС с ЦК: Акции и ДР - адрес. РЕПО в ин. валюте: EUR Поставка по СК (акции) РЕПО с ЦК 1 день (расч. в USD) РЕПО с ЦК 1 день (расч. в EUR) РЕПО с ЦК 7 дн. РЕПО с ЦК адр. (расч. в USD) РЕПО с ЦК адр.(расч. в EUR) РЕПО с ЦК 7 дней c расчетами в долларах США РЕПО с ЦК 7 дней c расчетами в евро Продажа обеспечения бирж.рынок - безадрес. РЕПО с ЦК адр. (расч. в CNY) РЕПО с ЦК 1 день (расч. в CNY) РЕПО в ин. валюте: CNY Урегулирование РЕПО с ЦК Нерезиденты - безадрес. РПС с ЦК Нерезиденты: Акции и ДР - адрес. Урегулирование с ЦК Нерезиденты - безадрес. РЕПО с ЦК 7 дн. (расч. в CNY) ОТС: Акции РПС с ЦК - адресные,"Облигация биржевая, 4B02-02-00013-A, RU000A0JWH87 Облигация биржевая, 4B02-03-00013-A, RU000A0JVEQ9 Облигация биржевая, 4B02-04-00013-A, RU000A0JVFD4 Акция привилегированная, 2-01-00013-A, RU0007976965 Облигация биржевая, 4B02-07-00013-A, RU000A0JVHF5 Облигация биржевая, 4B02-08-00013-A, RU000A0JWGD0 Облигация биржевая, 4B02-09-00013-A, RU000A0JWX04 Облигация биржевая, 4B02-10-00013-A, RU000A0JX2Q3",https://www.bashneft.ru/disclosure/,https://www.e-disclosure.ru/portal/company.aspx?id=1976,04.07.2017 00:00:00,,,,,,
122,24.03.2025 00:00:00,3748,Третий уровень,2690,Акции,Акция привилегированная,акции привилегированные,BANEP,RU0007976965,2-01-00013-A,07.04.2004 00:00:00,"Публичное акционерное общество ""Акционерная нефтяная Компания ""Башнефть""",0274051582,1,Рубль,29788012,11.11.2011 00:00:00,,,,,+,,,,,,,,,04.07.2017 Включение в Третий уровень 02.06.2015 Включение в Первый уровень 09.06.2014 Включение в Третий уровень 11.11.2011 Включение в Перечень внесписочных ценных бумаг,,,,,РПС: Акции - адрес. РЕПО в ин. валюте: USD РЕПО c облигациями РЕПО с ЦК 1 день РЕПО с ЦК Адресное Т+ Акции и ДР РПС с ЦК: Акции и ДР - адрес. РЕПО в ин. валюте: EUR РЕПО с ЦК 1 день (расч. в USD) РЕПО с ЦК 1 день (расч. в EUR) РЕПО с ЦК 7 дн. РЕПО с ЦК адр. (расч. в USD) РЕПО с ЦК адр.(расч. в EUR) РЕПО с ЦК 7 дней c расчетами в долларах США РЕПО с ЦК 7 дней c расчетами в евро Продажа обеспечения бирж.рынок - безадрес. РЕПО с ЦК адр. (расч. в CNY) РЕПО с ЦК 1 день (расч. в CNY) РЕПО в ин. валюте: CNY Урегулирование РЕПО с ЦК Нерезиденты - безадрес. РПС с ЦК Нерезиденты: Акции и ДР - адрес. Урегулирование с ЦК Нерезиденты - безадрес. РЕПО с ЦК 7 дн. (расч. в CNY) ОТС: Акции РПС с ЦК - адресные,"Облигация биржевая, 4B02-02-00013-A, RU000A0JWH87 Облигация биржевая, 4B02-03-00013-A, RU000A0JVEQ9 Облигация биржевая, 4B02-04-00013-A, RU000A0JVFD4 Акция обыкновенная, 1-01-00013-A, RU0007976957 Облигация биржевая, 4B02-07-00013-A, RU000A0JVHF5 Облигация биржевая, 4B02-08-00013-A, RU000A0JWGD0 Облигация биржевая, 4B02-09-00013-A, RU000A0JWX04 Облигация биржевая, 4B02-10-00013-A, RU000A0JX2Q3",https://www.bashneft.ru/disclosure/,https://www.e-disclosure.ru/portal/company.aspx?id=1976,04.07.2017 00:00:00,,,,,,
123,24.03.2025 00:00:00,186,Третий уровень,2699,Акции,Акция обыкновенная,акции обыкновенные,ASSB,RU000A0D8MM8,1-01-55064-E,05.04.2005 00:00:00,"Публичное акционерное общество ""Астраханская энергосбытовая компания""",3017041554,"0,007",Рубль,773900078,12.09.2005 00:00:00,,,,,+,,,,,,,,,09.06.2014 Включение в Третий уровень 12.09.2005 Включение в Перечень внесписочных ценных бумаг,,,,,РПС: Акции - адрес. РЕПО в ин. валюте: USD РЕПО c облигациями Т+ Неполные лоты (акции) Т+ Акции и ДР РПС с ЦК: Акции и ДР - адрес. РЕПО в ин. валюте: EUR Продажа обеспечения бирж.рынок - безадрес. РЕПО в ин. валюте: CNY Урегулирование РЕПО с ЦК Нерезиденты - безадрес. РПС с ЦК Нерезиденты: Акции и ДР - адрес. Урегулирование с ЦК Нерезиденты - безадрес. ОТС: Акции РПС с ЦК - адресные,,,https://www.e-disclosure.ru/portal/company.aspx?id=5966,09.06.2014 00:00:00,,,,,,
124,24.03.2025 00:00:00,1546,Третий уровень,2700,Акции,Акция обыкновенная,акции обыкновенные,AMEZ,RU000A0B88G6,1-03-45219-D,04.10.2004 00:00:00,"Публичное акционерное общество ""Ашинский металлургический завод""",7401000473,1,Рубль,498454822,04.08.2008 00:00:00,,,,,+,,,,,,,,,"28.12.2023 Включение в Третий уровень 09.06.2014 Включение в Второй уровень 04.12.2013 Включение в Котировальный список ""Б"" 04.08.2008 Включение в Перечень внесписочных ценных бумаг",,,,,РПС: Акции - адрес. РЕПО в ин. валюте: USD РЕПО c облигациями Т+ Неполные лоты (акции) РЕПО с ЦК 1 день РЕПО с ЦК Адресное Т+ Акции и ДР РПС с ЦК: Акции и ДР - адрес. РЕПО в ин. валюте: EUR РЕПО с ЦК 1 день (расч. в USD) РЕПО с ЦК 1 день (расч. в EUR) РЕПО с ЦК 7 дн. РЕПО с ЦК адр. (расч. в USD) РЕПО с ЦК адр.(расч. в EUR) РЕПО с ЦК 7 дней c расчетами в долларах США РЕПО с ЦК 7 дней c расчетами в евро Продажа обеспечения бирж.рынок - безадрес. РЕПО с ЦК адр. (расч. в CNY) РЕПО с ЦК 1 день (расч. в CNY) РЕПО в ин. валюте: CNY Урегулирование РЕПО с ЦК Нерезиденты - безадрес. РПС с ЦК Нерезиденты: Акции и ДР - адрес. Урегулирование с ЦК Нерезиденты - безадрес. РЕПО с ЦК 7 дн. (расч. в CNY) ОТС: Акции РПС с ЦК - адресные,,http://www.amet.ru,http://www.e-disclosure.ru/portal/company.aspx?id=1334,28.12.2023 00:00:00,,,,,,
125,24.03.2025 00:00:00,3952,Третий уровень,2701,Акции,Акция обыкновенная,акции обыкновенные,USBN,RU0006929536,10200030B,04.03.2003 00:00:00,"Публичное акционерное общество ""БАНК УРАЛСИБ""",0274062111,"0,1",Рубль,360134697357,09.12.2011 00:00:00,,,,,+,,,,,,,,,09.06.2014 Включение в Третий уровень 09.12.2011 Включение в Перечень внесписочных ценных бумаг,,,,,РПС: Акции - адрес. РЕПО в ин. валюте: USD РЕПО c облигациями Т+ Неполные лоты (акции) Т+ Акции и ДР РПС с ЦК: Акции и ДР - адрес. РЕПО в ин. валюте: EUR Продажа обеспечения бирж.рынок - безадрес. РЕПО в ин. валюте: CNY Урегулирование РЕПО с ЦК Нерезиденты - безадрес. РПС с ЦК Нерезиденты: Акции и ДР - адрес. Урегулирование с ЦК Нерезиденты - безадрес. ОТС: Акции РПС с ЦК - адресные,,www.uralsib.ru,http://www.e-disclosure.ru/portal/company.aspx?id=156,09.06.2014 00:00:00,,,,,,
126,24.03.2025 00:00:00,2876,Третий уровень,2702,Акции,Акция привилегированная,акции привилегированные,BISVP,RU0009100176,2-01-00011-A,24.11.2009 00:00:00,"Публичное акционерное общество ""Башинформсвязь""",0274018377,1,Рубль,36165270,22.04.2010 00:00:00,,,,,+,,,,,,,+,,09.06.2014 Включение в Третий уровень 22.04.2010 Включение в Перечень внесписочных ценных бумаг,,,,,РПС: Акции - адрес. РЕПО в ин. валюте: USD РЕПО c облигациями Т+ Неполные лоты (акции) Т+ Акции и ДР РПС с ЦК: Акции и ДР - адрес. РЕПО в ин. валюте: EUR Продажа обеспечения бирж.рынок - безадрес. РЕПО в ин. валюте: CNY Урегулирование РЕПО с ЦК Нерезиденты - безадрес. РПС с ЦК Нерезиденты: Акции и ДР - адрес. Урегулирование с ЦК Нерезиденты - безадрес. ОТС: Акции РПС с ЦК - адресные,,https://e-disclosure.ru/portal/event.aspx?EventId=-CXZS7ZQMdUKQhbeOpc-A-CSQ-B-B,https://e-disclosure.ru/portal/company.aspx?id=201,09.06.2014 00:00:00,,,,,,
127,24.03.2025 00:00:00,3894,Третий уровень,2703,Акции,Акция обыкновенная,акции обыкновенные,BRZL,RU0009288658,1-06-20577-F,20.05.1999 00:00:00,"Публичное акционерное общество ""Бурятзолото""",0323027345,"0,025",Рубль,7027270,02.12.2011 00:00:00,,,,,+,,,,,,,,,09.06.2014 Включение в Третий уровень 02.12.2011 Включение в Перечень внесписочных ценных бумаг,,,,,РПС: Акции - адрес. РЕПО в ин. валюте: USD РЕПО c облигациями Т+ Акции и ДР РПС с ЦК: Акции и ДР - адрес. РЕПО в ин. валюте: EUR Продажа обеспечения бирж.рынок - безадрес. РЕПО в ин. валюте: CNY Урегулирование РЕПО с ЦК Нерезиденты - безадрес. РПС с ЦК Нерезиденты: Акции и ДР - адрес. Урегулирование с ЦК Нерезиденты - безадрес. ОТС: Акции РПС с ЦК - адресные,,http://www.buryatzoloto.ru,http://www.e-disclosure.ru/portal/company.aspx?id=1499,09.06.2014 00:00:00,,,,,,
128,24.03.2025 00:00:00,1253,Третий уровень,2704,Акции,Акция обыкновенная,акции обыкновенные,VLHZ,RU0007984761,1-02-04847-A,22.08.2001 00:00:00,"Публичное акционерное общество ""Владимирский химический завод""",3302000669,20,Рубль,5005605,07.07.2006 00:00:00,,,,,+,,,,,,,,,09.06.2014 Включение в Третий уровень 07.07.2006 Включение в Перечень внесписочных ценных бумаг,,,,,РПС: Акции - адрес. РЕПО в ин. валюте: USD РЕПО c облигациями Т+ Неполные лоты (акции) Т+ Акции и ДР РПС с ЦК: Акции и ДР - адрес. РЕПО в ин. валюте: EUR Продажа обеспечения бирж.рынок - безадрес. РЕПО в ин. валюте: CNY Урегулирование РЕПО с ЦК Нерезиденты - безадрес. РПС с ЦК Нерезиденты: Акции и ДР - адрес. Урегулирование с ЦК Нерезиденты - безадрес. ОТС: Акции РПС с ЦК - адресные,,,http://www.disclosure.ru/issuer/3302000669/,09.06.2014 00:00:00,,,,,,
129,24.03.2025 00:00:00,1251,Третий уровень,2705,Акции,Акция обыкновенная,акции обыкновенные,VGSB,RU000A0D8L73,1-01-65103-D,14.04.2005 00:00:00,"Публичное акционерное общество ""Волгоградэнергосбыт""",3445071523,"0,12",Рубль,319595965,12.09.2005 00:00:00,,,,,+,,,,,,,,,09.06.2014 Включение в Третий уровень 12.09.2005 Включение в Перечень внесписочных ценных бумаг,,,,,РПС: Акции - адрес. РЕПО в ин. валюте: USD РЕПО c облигациями Т+ Неполные лоты (акции) Т+ Акции и ДР РПС с ЦК: Акции и ДР - адрес. РЕПО в ин. валюте: EUR Продажа обеспечения бирж.рынок - безадрес. РЕПО в ин. валюте: CNY Урегулирование РЕПО с ЦК Нерезиденты - безадрес. РПС с ЦК Нерезиденты: Акции и ДР - адрес. Урегулирование с ЦК Нерезиденты - безадрес. ОТС: Акции РПС с ЦК - адресные,"Акция привилегированная, 2-01-65103-D, RU000A0D8L57",http://www.e-disclosure.ru/portal/company.aspx?id=6223,http://www.e-disclosure.ru/portal/company.aspx?id=6223,09.06.2014 00:00:00,,,,,,
130,24.03.2025 00:00:00,1252,Третий уровень,2706,Акции,Акция привилегированная,акции привилегированные,VGSBP,RU000A0D8L57,2-01-65103-D,14.04.2005 00:00:00,"Публичное акционерное общество ""Волгоградэнергосбыт""",3445071523,"0,12",Рубль,80499134,12.09.2005 00:00:00,,,,,+,,,,,,,,,09.06.2014 Включение в Третий уровень 12.09.2005 Включение в Перечень внесписочных ценных бумаг,,,,,РПС: Акции - адрес. РЕПО в ин. валюте: USD РЕПО c облигациями Т+ Неполные лоты (акции) Т+ Акции и ДР РПС с ЦК: Акции и ДР - адрес. РЕПО в ин. валюте: EUR Продажа обеспечения бирж.рынок - безадрес. РЕПО в ин. валюте: CNY Урегулирование РЕПО с ЦК Нерезиденты - безадрес. РПС с ЦК Нерезиденты: Акции и ДР - адрес. Урегулирование с ЦК Нерезиденты - безадрес. ОТС: Акции РПС с ЦК - адресные,"Акция обыкновенная, 1-01-65103-D, RU000A0D8L73",http://www.e-disclosure.ru/portal/company.aspx?id=6223,http://www.e-disclosure.ru/portal/company.aspx?id=6223,09.06.2014 00:00:00,,,,,,
131,24.03.2025 00:00:00,4464,Третий уровень,2707,Акции,Акция обыкновенная,акции обыкновенные,VSYD,RU0006334372,1-01-02203-D,19.08.2004 00:00:00,"Публичное акционерное общество ""Выборгский судостроительный завод""",4704012874,"0,5",Рубль,1891250,21.09.2012 00:00:00,,,,,+,,,,,,,+,,09.06.2014 Включение в Третий уровень 24.09.2012 Включение в Перечень внесписочных ценных бумаг,,,,,РПС: Акции - адрес. РЕПО в ин. валюте: USD РЕПО c облигациями Т+ Акции и ДР РПС с ЦК: Акции и ДР - адрес. РЕПО в ин. валюте: EUR Продажа обеспечения бирж.рынок - безадрес. РЕПО в ин. валюте: CNY Урегулирование РЕПО с ЦК Нерезиденты - безадрес. РПС с ЦК Нерезиденты: Акции и ДР - адрес. Урегулирование с ЦК Нерезиденты - безадрес. ОТС: Акции РПС с ЦК - адресные,"Акция привилегированная, 2-01-02203-D, RU0006334380",http://vyborgshipyard.ru/ru/articles/raskrytie-informatsii-vyborgskogo-sudostroitelnogo-zavoda,https://www.e-disclosure.ru/portal/company.aspx?id=419,09.06.2014 00:00:00,,,,,,
132,24.03.2025 00:00:00,4463,Третий уровень,2708,Акции,Акция привилегированная,акции привилегированные,VSYDP,RU0006334380,2-01-02203-D,19.08.2004 00:00:00,"Публичное акционерное общество ""Выборгский судостроительный завод""",4704012874,"0,5",Рубль,51839,21.09.2012 00:00:00,,,,,+,,,,,,,+,,09.06.2014 Включение в Третий уровень 24.09.2012 Включение в Перечень внесписочных ценных бумаг,,,,,РПС: Акции - адрес. РЕПО в ин. валюте: USD РЕПО c облигациями Т+ Акции и ДР РПС с ЦК: Акции и ДР - адрес. РЕПО в ин. валюте: EUR Продажа обеспечения бирж.рынок - безадрес. РЕПО в ин. валюте: CNY Урегулирование РЕПО с ЦК Нерезиденты - безадрес. РПС с ЦК Нерезиденты: Акции и ДР - адрес. Урегулирование с ЦК Нерезиденты - безадрес. ОТС: Акции РПС с ЦК - адресные,"Акция обыкновенная, 1-01-02203-D, RU0006334372",http://vyborgshipyard.ru/ru/articles/raskrytie-informatsii-vyborgskogo-sudostroitelnogo-zavoda,https://www.e-disclosure.ru/portal/company.aspx?id=419,09.06.2014 00:00:00,,,,,,
133,24.03.2025 00:00:00,1633,Третий уровень,2727,Акции,Акция обыкновенная,акции обыкновенные,GAZA,RU0009034268,1-01-00029-A,19.03.2004 00:00:00,"Публичное акционерное общество ""ГАЗ""",5200000046,1,Рубль,18520260,05.11.2008 00:00:00,,,,,+,,,,,,,+,,09.06.2014 Включение в Третий уровень 05.11.2008 Включение в Перечень внесписочных ценных бумаг,,,,,РПС: Акции - адрес. Т+ Неполные лоты (акции) Т+ Акции и ДР РПС с ЦК: Акции и ДР - адрес. Продажа обеспечения бирж.рынок - безадрес. Урегулирование РЕПО с ЦК Нерезиденты - безадрес. РПС с ЦК Нерезиденты: Акции и ДР - адрес. Урегулирование с ЦК Нерезиденты - безадрес. ОТС: Акции РПС с ЦК - адресные,"Акция привилегированная, 2-02-00029-A, RU000A0ZYHF5",http://gazgroup.ru/shareholders/pao_gaz/investors/,http://www.e-disclosure.ru/portal/company.aspx?id=859,09.06.2014 00:00:00,,,,,,
134,24.03.2025 00:00:00,10925,Третий уровень,2728,Акции,Акция привилегированная,акции привилегированные,GAZAP,RU000A0ZYHF5,2-02-00029-A,27.11.2017 00:00:00,"Публичное акционерное общество ""ГАЗ""",5200000046,1,Рубль,1453500,29.03.2018 00:00:00,,,,,+,,,,,,,+,,29.03.2018 Включение в Третий уровень,,,,,РПС: Акции - адрес. Т+ Неполные лоты (акции) Т+ Акции и ДР РПС с ЦК: Акции и ДР - адрес. Продажа обеспечения бирж.рынок - безадрес. Урегулирование РЕПО с ЦК Нерезиденты - безадрес. РПС с ЦК Нерезиденты: Акции и ДР - адрес. Урегулирование с ЦК Нерезиденты - безадрес. ОТС: Акции РПС с ЦК - адресные,"Акция обыкновенная, 1-01-00029-A, RU0009034268",http://gazgroup.ru/shareholders/pao_gaz/investors/,http://www.e-disclosure.ru/portal/company.aspx?id=859,29.03.2018 00:00:00,,,,,,
135,24.03.2025 00:00:00,4001,Третий уровень,2729,Акции,Акция обыкновенная,акции обыкновенные,GAZT,RU000A0JS199,1-01-12996-A,28.05.2008 00:00:00,"Публичное акционерное общество ""ГАЗ-Тек""",7705821841,100,Рубль,471428300,08.12.2011 00:00:00,,,,,+,,,,,,,,,"31.01.2017 Включение в Третий уровень 09.06.2014 Включение в Второй уровень 03.10.2012 Включение в Котировальный список ""Б"" 08.12.2011 Включение в Котировальный список ""В""",,,,,РПС: Акции - адрес. РЕПО в ин. валюте: USD РЕПО c облигациями Т+ Неполные лоты (акции) Т+ Акции и ДР РПС с ЦК: Акции и ДР - адрес. РЕПО в ин. валюте: EUR Продажа обеспечения бирж.рынок - безадрес. РЕПО в ин. валюте: CNY Урегулирование РЕПО с ЦК Нерезиденты - безадрес. РПС с ЦК Нерезиденты: Акции и ДР - адрес. Урегулирование с ЦК Нерезиденты - безадрес. ОТС: Акции РПС с ЦК - адресные,,http://www.gaz-tek.ru,http://www.e-disclosure.ru/portal/company.aspx?id=29479,31.01.2017 00:00:00,,,,,,
136,24.03.2025 00:00:00,3693,Третий уровень,2730,Акции,Акция обыкновенная,акции обыкновенные,GAZS,RU000A0JQG78,1-01-09871-A,19.11.2004 00:00:00,"Публичное акционерное общество ""ГАЗ-сервис""",7726510741,10,Рубль,206508967,23.09.2011 00:00:00,,,,,+,,,,,,,,,"31.01.2017 Включение в Третий уровень 09.06.2014 Включение в Второй уровень 12.12.2011 Включение в Котировальный список ""Б"" 23.09.2011 Включение в Перечень внесписочных ценных бумаг",,,,,РПС: Акции - адрес. РЕПО в ин. валюте: USD РЕПО c облигациями Т+ Неполные лоты (акции) Т+ Акции и ДР РПС с ЦК: Акции и ДР - адрес. РЕПО в ин. валюте: EUR Продажа обеспечения бирж.рынок - безадрес. РЕПО в ин. валюте: CNY Урегулирование РЕПО с ЦК Нерезиденты - безадрес. РПС с ЦК Нерезиденты: Акции и ДР - адрес. Урегулирование с ЦК Нерезиденты - безадрес. ОТС: Акции РПС с ЦК - адресные,,http://www.gaz-services.ru,http://www.e-disclosure.ru/portal/company.aspx?id=12078,31.01.2017 00:00:00,,,,,,
137,24.03.2025 00:00:00,3692,Третий уровень,2731,Акции,Акция обыкновенная,акции обыкновенные,GAZC,RU000A0JQG86,1-01-09870-A,19.11.2004 00:00:00,"Публичное акционерное общество ""ГАЗКОН""",7726510759,10,Рубль,225381601,23.09.2011 00:00:00,,,,,+,,,,,,,,,"31.01.2017 Включение в Третий уровень 09.06.2014 Включение в Второй уровень 12.12.2011 Включение в Котировальный список ""Б"" 23.09.2011 Включение в Перечень внесписочных ценных бумаг",,,,,РПС: Акции - адрес. РЕПО в ин. валюте: USD РЕПО c облигациями Т+ Неполные лоты (акции) Т+ Акции и ДР РПС с ЦК: Акции и ДР - адрес. РЕПО в ин. валюте: EUR Продажа обеспечения бирж.рынок - безадрес. РЕПО в ин. валюте: CNY Урегулирование РЕПО с ЦК Нерезиденты - безадрес. РПС с ЦК Нерезиденты: Акции и ДР - адрес. Урегулирование с ЦК Нерезиденты - безадрес. ОТС: Акции РПС с ЦК - адресные,,http://www.gazcon.ru/index.html,http://e-disclosure.ru/portal/company.aspx?id=11633,31.01.2017 00:00:00,,,,,,
138,24.03.2025 00:00:00,10606,Третий уровень,2732,Акции,Акция обыкновенная,акции обыкновенные,GTRK,RU000A0ZYD22,1-01-84907-H,14.04.2017 00:00:00,"Публичное акционерное общество ""ГЛОБАЛТРАК МЕНЕДЖМЕНТ""",9701082537,100,Рубль,58462120,19.10.2017 00:00:00,,,,,+,,,,,,,,,18.06.2019 Включение в Третий уровень 03.11.2017 Включение в Второй уровень,,,,,РПС: Акции - адрес. РЕПО c облигациями Т+ Неполные лоты (акции) РЕПО с ЦК 1 день РЕПО с ЦК Адресное Т+ Акции и ДР РПС с ЦК: Акции и ДР - адрес. РЕПО с ЦК 7 дн. Продажа обеспечения бирж.рынок - безадрес. РЕПО с ЦК адр. (расч. в CNY) РЕПО с ЦК 1 день (расч. в CNY) РЕПО в ин. валюте: CNY Урегулирование РЕПО с ЦК Нерезиденты - безадрес. РПС с ЦК Нерезиденты: Акции и ДР - адрес. Урегулирование с ЦК Нерезиденты - безадрес. РЕПО с ЦК 7 дн. (расч. в CNY) ОТС: Акции РПС с ЦК - адресные,,https://globaltruck.ru/investor-and-shareholder/regulatory-disclosure,http://www.e-disclosure.ru/portal/company.aspx?id=37114,18.06.2019 00:00:00,,,,,,
139,24.03.2025 00:00:00,4566,Третий уровень,2733,Акции,Акция обыкновенная,акции обыкновенные,RTGZ,RU000A0JPG04,1-02-30742-E,03.01.2002 00:00:00,"Публичное акционерное общество ""Газпром газораспределение Ростов-на-Дону""",6163000368,2000,Рубль,120246,02.11.2012 00:00:00,,,,,+,,,,,,,+,,09.06.2014 Включение в Третий уровень 06.11.2012 Включение в Перечень внесписочных ценных бумаг,,,,,РПС: Акции - адрес. РЕПО в ин. валюте: USD РЕПО c облигациями Т+ Акции и ДР РПС с ЦК: Акции и ДР - адрес. РЕПО в ин. валюте: EUR Продажа обеспечения бирж.рынок - безадрес. РЕПО в ин. валюте: CNY Урегулирование РЕПО с ЦК Нерезиденты - безадрес. РПС с ЦК Нерезиденты: Акции и ДР - адрес. Урегулирование с ЦК Нерезиденты - безадрес. ОТС: Акции РПС с ЦК - адресные,,,https://www.e-disclosure.ru/portal/company.aspx?id=2047,09.06.2014 00:00:00,,,,,,
140,24.03.2025 00:00:00,1190,Третий уровень,2734,Акции,Акция обыкновенная,акции обыкновенные,SIBN,RU0009062467,1-01-00146-A,17.10.1995 00:00:00,"Публичное акционерное общество ""Газпром нефть""",5504036333,"0,0016",Рубль,4741299639,03.12.2004 00:00:00,,,,,+,,,,,,,,,"09.06.2014 Включение в Третий уровень 29.01.2010 Включение в Перечень внесписочных ценных бумаг 03.12.2004 Включение в Котировальный список ""Б""",,,,,РПС: Акции - адрес. РЕПО в ин. валюте: USD РЕПО c облигациями РЕПО с ЦК 1 день РЕПО с ЦК Адресное Т+ Акции и ДР РПС с ЦК: Акции и ДР - адрес. РЕПО в ин. валюте: EUR Поставка по СК (акции) РЕПО с ЦК 1 день (расч. в USD) РЕПО с ЦК 1 день (расч. в EUR) РЕПО с ЦК 7 дн. РЕПО с ЦК адр. (расч. в USD) РЕПО с ЦК адр.(расч. в EUR) РЕПО с ЦК 7 дней c расчетами в долларах США РЕПО с ЦК 7 дней c расчетами в евро Продажа обеспечения бирж.рынок - безадрес. РЕПО с ЦК адр. (расч. в CNY) РЕПО с ЦК 1 день (расч. в CNY) РЕПО в ин. валюте: CNY Урегулирование РЕПО с ЦК Нерезиденты - безадрес. РПС с ЦК Нерезиденты: Акции и ДР - адрес. Урегулирование с ЦК Нерезиденты - безадрес. РЕПО с ЦК 7 дн. (расч. в CNY) ОТС: Акции РПС с ЦК - адресные,"Облигация биржевая, 4B02-02-00146-A-003P, RU000A1017J5 Облигация биржевая, 4B02-05-00146-A-003P, RU000A105KP0 Облигация биржевая, 4B02-06-00146-A-003P, RU000A106565 Облигация биржевая, 4B02-07-00146-A-003P, RU000A107605 Облигация биржевая, 4B02-08-00146-A-003P, RU000A107HG1 Облигация биржевая, 4B02-09-00146-A-003P, RU000A107HH9 Облигация биржевая, 4B02-10-00146-A-003P, RU000A107UW1 Облигация биржевая, 4B02-11-00146-A-003P, RU000A107UX9 Облигация биржевая, 4B02-12-00146-A-003P, RU000A108PZ2 Облигация биржевая, 4B02-13-00146-A-003P, RU000A109B33",https://www.gazprom-neft.ru,http://www.e-disclosure.ru/portal/company.aspx?id=347,09.06.2014 00:00:00,,,,,,
141,24.03.2025 00:00:00,1279,Третий уровень,2752,Акции,Акция обыкновенная,акции обыкновенные,GCHE,RU000A0JL4R1,1-02-10797-A,10.07.2007 00:00:00,"Публичное акционерное общество ""Группа Черкизово""",7718560636,"0,01",Рубль,42222042,31.03.2008 00:00:00,,,,,+,,,,,,,,,"26.06.2018 Включение в Третий уровень 09.06.2014 Включение в Первый уровень 27.02.2012 Включение в Котировальный список ""А"" первого уровня 29.03.2010 Включение в Котировальный список ""А"" второго уровня 18.08.2008 Включение в Котировальный список ""Б"" 31.03.2008 Включение в Перечень внесписочных ценных бумаг",,,,,РПС: Акции - адрес. РЕПО в ин. валюте: USD РЕПО c облигациями РЕПО с ЦК 1 день РЕПО с ЦК Адресное Т+ Акции и ДР РПС с ЦК: Акции и ДР - адрес. РЕПО в ин. валюте: EUR РЕПО с ЦК 1 день (расч. в USD) РЕПО с ЦК 1 день (расч. в EUR) РЕПО с ЦК 7 дн. РЕПО с ЦК адр. (расч. в USD) РЕПО с ЦК адр.(расч. в EUR) РЕПО с ЦК 7 дней c расчетами в долларах США РЕПО с ЦК 7 дней c расчетами в евро Продажа обеспечения бирж.рынок - безадрес. РЕПО с ЦК адр. (расч. в CNY) РЕПО с ЦК 1 день (расч. в CNY) РЕПО в ин. валюте: CNY Урегулирование РЕПО с ЦК Нерезиденты - безадрес. РПС с ЦК Нерезиденты: Акции и ДР - адрес. Урегулирование с ЦК Нерезиденты - безадрес. РЕПО с ЦК 7 дн. (расч. в CNY) ОТС: Акции РПС с ЦК - адресные,"Облигация биржевая, 4B02-04-10797-A-001P, RU000A102LD1 Облигация биржевая, 4B02-05-10797-A-001P, RU000A105C28 Облигация биржевая, 4B02-06-10797-A-001P, RU000A105M67 Облигация биржевая, 4B02-07-10797-A-001P, RU000A1094F2 Облигация биржевая, 4B02-01-10797-A-002P, RU000A10B4V0 Облигация биржевая, 4B02-08-10797-A-001P, RU000A10B420",https://cherkizovo-group.com/investors/#informatio,http://www.e-disclosure.ru/portal/company.aspx?id=6652,26.06.2018 00:00:00,,,,,,
142,24.03.2025 00:00:00,3248,Третий уровень,2755,Акции,Акция обыкновенная,акции обыкновенные,RBCM,RU000A0JR6A6,1-02-56413-H,01.11.2010 00:00:00,"Публичное акционерное общество ""Группа компаний РБК""",7728547955,"0,00064",Рубль,365631010,20.12.2010 00:00:00,,,,,+,,,,,,,+,,"31.01.2017 Включение в Третий уровень 09.06.2014 Включение в Второй уровень 28.11.2011 Включение в Котировальный список ""Б"" 20.12.2010 Включение в Перечень внесписочных ценных бумаг",,,,,РПС: Акции - адрес. Т+ Неполные лоты (акции) Т+ Акции и ДР РПС с ЦК: Акции и ДР - адрес. Продажа обеспечения бирж.рынок - безадрес. Урегулирование РЕПО с ЦК Нерезиденты - безадрес. РПС с ЦК Нерезиденты: Акции и ДР - адрес. Урегулирование с ЦК Нерезиденты - безадрес. ОТС: Акции РПС с ЦК - адресные,,http://rbcholding.ru/filings.shtml,http://www.e-disclosure.ru/portal/company.aspx?id=24832,31.01.2017 00:00:00,,,,,,
143,24.03.2025 00:00:00,211,Третий уровень,2756,Акции,Акция обыкновенная,акции обыкновенные,DVEC,RU000A0JP2W1,1-01-55275-E,19.04.2007 00:00:00,"Публичное акционерное общество ""Дальневосточная энергетическая компания""",2723088770,1,Рубль,17223107804,10.12.2007 00:00:00,,,,,+,,,,,,,,,"18.11.2019 Включение в Третий уровень 09.06.2014 Включение в Второй уровень 08.09.2008 Включение в Котировальный список ""Б"" 10.12.2007 Включение в Перечень внесписочных ценных бумаг",,,,,РПС: Акции - адрес. РЕПО в ин. валюте: USD РЕПО c облигациями Т+ Неполные лоты (акции) РЕПО с ЦК 1 день РЕПО с ЦК Адресное Т+ Акции и ДР РПС с ЦК: Акции и ДР - адрес. РЕПО в ин. валюте: EUR РЕПО с ЦК 1 день (расч. в USD) РЕПО с ЦК 1 день (расч. в EUR) РЕПО с ЦК 7 дн. РЕПО с ЦК адр. (расч. в USD) РЕПО с ЦК адр.(расч. в EUR) РЕПО с ЦК 7 дней c расчетами в долларах США РЕПО с ЦК 7 дней c расчетами в евро Продажа обеспечения бирж.рынок - безадрес. РЕПО с ЦК адр. (расч. в CNY) РЕПО с ЦК 1 день (расч. в CNY) РЕПО в ин. валюте: CNY Урегулирование РЕПО с ЦК Нерезиденты - безадрес. РПС с ЦК Нерезиденты: Акции и ДР - адрес. Урегулирование с ЦК Нерезиденты - безадрес. РЕПО с ЦК 7 дн. (расч. в CNY) ОТС: Акции РПС с ЦК - адресные,,http://www.dvec.ru/company/disclosure/,http://www.e-disclosure.ru/portal/company.aspx?id=11385,18.11.2019 00:00:00,,,,,,
144,24.03.2025 00:00:00,9890,Третий уровень,2758,Акции,Акция обыкновенная,акции обыкновенные,EELT,RU000A0JWW54,1-01-83993-H,02.03.2016 00:00:00,"Публичное акционерное общество ""Европейская Электротехника""",7716814300,1,Рубль,551813000,07.08.2017 00:00:00,,,,,+,,,,,,,,,07.08.2017 Включение в Третий уровень,,,,,РПС: Акции - адрес. РЕПО в ин. валюте: USD РЕПО c облигациями Т+ Неполные лоты (акции) РЕПО с ЦК 1 день РЕПО с ЦК Адресное Т+ Акции и ДР РПС с ЦК: Акции и ДР - адрес. РЕПО в ин. валюте: EUR РЕПО с ЦК 1 день (расч. в USD) РЕПО с ЦК 1 день (расч. в EUR) РЕПО с ЦК 7 дн. РЕПО с ЦК адр. (расч. в USD) РЕПО с ЦК адр.(расч. в EUR) РЕПО с ЦК 7 дней c расчетами в долларах США РЕПО с ЦК 7 дней c расчетами в евро Продажа обеспечения бирж.рынок - безадрес. РЕПО с ЦК адр. (расч. в CNY) РЕПО с ЦК 1 день (расч. в CNY) РЕПО в ин. валюте: CNY Урегулирование РЕПО с ЦК Нерезиденты - безадрес. РПС с ЦК Нерезиденты: Акции и ДР - адрес. Урегулирование с ЦК Нерезиденты - безадрес. РЕПО с ЦК 7 дн. (расч. в CNY) ОТС: Акции РПС с ЦК - адресные,,https://euroetpao.ru/,http://www.e-disclosure.ru/portal/company.aspx?id=36330,07.08.2017 00:00:00,,,,,,
145,24.03.2025 00:00:00,3746,Третий уровень,2759,Акции,Акция обыкновенная,акции обыкновенные,ZVEZ,RU0009091300,1-01-00169-D,22.06.2004 00:00:00,"Публичное акционерное общество ""ЗВЕЗДА""",7811038760,"0,1",Рубль,562020480,11.11.2011 00:00:00,,,,,+,,,,,,,+,,09.06.2014 Включение в Третий уровень 11.11.2011 Включение в Перечень внесписочных ценных бумаг,,,,,РПС: Акции - адрес. РЕПО в ин. валюте: USD РЕПО c облигациями Т+ Неполные лоты (акции) Т+ Акции и ДР РПС с ЦК: Акции и ДР - адрес. РЕПО в ин. валюте: EUR Продажа обеспечения бирж.рынок - безадрес. РЕПО в ин. валюте: CNY Урегулирование РЕПО с ЦК Нерезиденты - безадрес. РПС с ЦК Нерезиденты: Акции и ДР - адрес. Урегулирование с ЦК Нерезиденты - безадрес. ОТС: Акции РПС с ЦК - адресные,,http://www.zvezda.spb.ru/index.php/aktsioneram,http://disclosure.1prime.ru/Portal/Default.aspx?emId=7811038760,09.06.2014 00:00:00,,,,,,
146,24.03.2025 00:00:00,3959,Третий уровень,2760,Акции,Акция обыкновенная,акции обыкновенные,ZILL,RU0009086193,1-02-00036-A,04.07.2003 00:00:00,"Публичное акционерное общество ""Завод имени И.А. Лихачева""",7725043886,1000,Рубль,2659962,02.12.2011 00:00:00,,,,,+,,,,,,,+,,09.06.2014 Включение в Третий уровень 02.12.2011 Включение в Перечень внесписочных ценных бумаг,,,,,РПС: Акции - адрес. РЕПО в ин. валюте: USD РЕПО c облигациями Т+ Акции и ДР РПС с ЦК: Акции и ДР - адрес. РЕПО в ин. валюте: EUR Продажа обеспечения бирж.рынок - безадрес. РЕПО в ин. валюте: CNY Урегулирование РЕПО с ЦК Нерезиденты - безадрес. РПС с ЦК Нерезиденты: Акции и ДР - адрес. Урегулирование с ЦК Нерезиденты - безадрес. ОТС: Акции РПС с ЦК - адресные,,http://www.amo-zil.ru/about/info/,http://www.e-disclosure.ru/portal/company.aspx?id=3649,09.06.2014 00:00:00,,,,,,
147,24.03.2025 00:00:00,3754,Третий уровень,2761,Акции,Акция обыкновенная,акции обыкновенные,RUSI,RU000A0JQ9W5,1-01-00409-A,13.04.2004 00:00:00,"Публичное акционерное общество ""ИНВЕСТИЦИОННАЯ КОМПАНИЯ ИК РУСС-ИНВЕСТ""",7704081545,1,Рубль,109000000,15.11.2011 00:00:00,,,,,+,,,,,,,,,03.07.2017 Включение в Третий уровень 10.10.2014 Включение в Второй уровень 09.06.2014 Включение в Третий уровень 15.11.2011 Включение в Перечень внесписочных ценных бумаг,,,,,РПС: Акции - адрес. РЕПО в ин. валюте: USD РЕПО c облигациями Т+ Неполные лоты (акции) Т+ Акции и ДР РПС с ЦК: Акции и ДР - адрес. РЕПО в ин. валюте: EUR Продажа обеспечения бирж.рынок - безадрес. РЕПО в ин. валюте: CNY Урегулирование РЕПО с ЦК Нерезиденты - безадрес. РПС с ЦК Нерезиденты: Акции и ДР - адрес. Урегулирование с ЦК Нерезиденты - безадрес. ОТС: Акции РПС с ЦК - адресные,,http://www.russ-invest.com,http://www.e-disclosure.ru/portal/company.aspx?id=579,03.07.2017 00:00:00,,,,,,
148,24.03.2025 00:00:00,1535,Третий уровень,2762,Акции,Акция обыкновенная,акции обыкновенные,INGR,RU000A0DJ9B4,1-01-50020-A,06.12.2002 00:00:00,"Публичное акционерное общество ""ИНГРАД""",7702336269,1000,Рубль,41220793,04.08.2008 00:00:00,,,,,+,,,,,,,,,"31.08.2018 Включение в Третий уровень 09.06.2014 Включение в Второй уровень 20.10.2011 Включение в Котировальный список ""Б"" 04.08.2008 Включение в Перечень внесписочных ценных бумаг",,,,,РПС: Акции - адрес. РЕПО в ин. валюте: USD РЕПО c облигациями РЕПО с ЦК 1 день РЕПО с ЦК Адресное Т+ Акции и ДР РПС с ЦК: Акции и ДР - адрес. РЕПО в ин. валюте: EUR РЕПО с ЦК 1 день (расч. в USD) РЕПО с ЦК 1 день (расч. в EUR) РЕПО с ЦК 7 дн. РЕПО с ЦК адр. (расч. в USD) РЕПО с ЦК адр.(расч. в EUR) РЕПО с ЦК 7 дней c расчетами в долларах США РЕПО с ЦК 7 дней c расчетами в евро Продажа обеспечения бирж.рынок - безадрес. РЕПО с ЦК адр. (расч. в CNY) РЕПО с ЦК 1 день (расч. в CNY) РЕПО в ин. валюте: CNY Урегулирование РЕПО с ЦК Нерезиденты - безадрес. РПС с ЦК Нерезиденты: Акции и ДР - адрес. Урегулирование с ЦК Нерезиденты - безадрес. РЕПО с ЦК 7 дн. (расч. в CNY) ОТС: Акции РПС с ЦК - адресные,"Облигация биржевая, 4B02-01-50020-A-001P, RU000A0ZYG37 Облигация биржевая, 4B02-02-50020-A-002P, RU000A101HP5",https://www.ingrad.com/,http://www.e-disclosure.ru/portal/company.aspx?id=1664,31.08.2018 00:00:00,,,,,,
149,24.03.2025 00:00:00,3902,Третий уровень,2764,Акции,Акция обыкновенная,акции обыкновенные,IGST,RU0002155292,1-02-30078-D,10.02.1998 00:00:00,"Публичное акционерное общество ""Ижсталь""",1826000655,1000,Рубль,800729,02.12.2011 00:00:00,,,,,+,,,,,,,,,09.06.2014 Включение в Третий уровень 02.12.2011 Включение в Перечень внесписочных ценных бумаг,,,,,РПС: Акции - адрес. РЕПО в ин. валюте: USD РЕПО c облигациями Т+ Акции и ДР РПС с ЦК: Акции и ДР - адрес. РЕПО в ин. валюте: EUR Продажа обеспечения бирж.рынок - безадрес. РЕПО в ин. валюте: CNY Урегулирование РЕПО с ЦК Нерезиденты - безадрес. РПС с ЦК Нерезиденты: Акции и ДР - адрес. Урегулирование с ЦК Нерезиденты - безадрес. ОТС: Акции РПС с ЦК - адресные,"Акция привилегированная, 2-02-30078-D, RU0002155300",,https://www.e-disclosure.ru/portal/company.aspx?id=4089,09.06.2014 00:00:00,,,,,,
150,24.03.2025 00:00:00,3904,Третий уровень,2765,Акции,Акция привилегированная,акции привилегированные,IGSTP,RU0002155300,2-02-30078-D,10.02.1998 00:00:00,"Публичное акционерное общество ""Ижсталь""",1826000655,1000,Рубль,266910,02.12.2011 00:00:00,,,,,+,,,,,,,,,09.06.2014 Включение в Третий уровень 02.12.2011 Включение в Перечень внесписочных ценных бумаг,,,,,РПС: Акции - адрес. РЕПО в ин. валюте: USD РЕПО c облигациями Т+ Акции и ДР РПС с ЦК: Акции и ДР - адрес. РЕПО в ин. валюте: EUR Продажа обеспечения бирж.рынок - безадрес. РЕПО в ин. валюте: CNY Урегулирование РЕПО с ЦК Нерезиденты - безадрес. РПС с ЦК Нерезиденты: Акции и ДР - адрес. Урегулирование с ЦК Нерезиденты - безадрес. ОТС: Акции РПС с ЦК - адресные,"Акция обыкновенная, 1-02-30078-D, RU0002155292",,https://www.e-disclosure.ru/portal/company.aspx?id=4089,09.06.2014 00:00:00,,,,,,
151,24.03.2025 00:00:00,255,Третий уровень,2772,Акции,Акция обыкновенная,акции обыкновенные,KLSB,RU000A0DKZK3,1-01-65057-D,18.05.2004 00:00:00,"Публичное акционерное общество ""Калужская сбытовая компания""",4029030252,"0,2",Рубль,91487347,22.08.2005 00:00:00,,,,,+,,,,,,,+,,09.06.2014 Включение в Третий уровень 22.08.2005 Включение в Перечень внесписочных ценных бумаг,,,,,РПС: Акции - адрес. РЕПО в ин. валюте: USD РЕПО c облигациями Т+ Неполные лоты (акции) РЕПО с ЦК 1 день РЕПО с ЦК Адресное Т+ Акции и ДР РПС с ЦК: Акции и ДР - адрес. РЕПО в ин. валюте: EUR РЕПО с ЦК 1 день (расч. в USD) РЕПО с ЦК 1 день (расч. в EUR) РЕПО с ЦК 7 дн. РЕПО с ЦК адр. (расч. в USD) РЕПО с ЦК адр.(расч. в EUR) РЕПО с ЦК 7 дней c расчетами в долларах США РЕПО с ЦК 7 дней c расчетами в евро Продажа обеспечения бирж.рынок - безадрес. РЕПО с ЦК адр. (расч. в CNY) РЕПО с ЦК 1 день (расч. в CNY) РЕПО в ин. валюте: CNY Урегулирование РЕПО с ЦК Нерезиденты - безадрес. РПС с ЦК Нерезиденты: Акции и ДР - адрес. Урегулирование с ЦК Нерезиденты - безадрес. РЕПО с ЦК 7 дн. (расч. в CNY) ОТС: Акции РПС с ЦК - адресные,,https://kskkaluga.ru/,http://www.e-disclosure.ru/portal/company.aspx?id=5830,09.06.2014 00:00:00,,,,,,
152,24.03.2025 00:00:00,1540,Третий уровень,2779,Акции,Акция обыкновенная,акции обыкновенные,KOGK,RU0002155359,1-01-20992-F,27.06.2003 00:00:00,"Публичное акционерное общество ""Коршуновский горно-обогатительный комбинат""",3834002314,1,Рубль,250126,04.08.2008 00:00:00,,,,,+,,,,,,,+,,09.06.2014 Включение в Третий уровень 04.08.2008 Включение в Перечень внесписочных ценных бумаг,,,,,РПС: Акции - адрес. РЕПО в ин. валюте: USD РЕПО c облигациями Т+ Акции и ДР РПС с ЦК: Акции и ДР - адрес. РЕПО в ин. валюте: EUR Продажа обеспечения бирж.рынок - безадрес. РЕПО в ин. валюте: CNY Урегулирование РЕПО с ЦК Нерезиденты - безадрес. РПС с ЦК Нерезиденты: Акции и ДР - адрес. Урегулирование с ЦК Нерезиденты - безадрес. ОТС: Акции РПС с ЦК - адресные,,http://www.korgok.com,http://www.e-disclosure.ru/portal/company.aspx?id=3552,09.06.2014 00:00:00,,,,,,
153,24.03.2025 00:00:00,1664,Третий уровень,2780,Акции,Акция обыкновенная,акции обыкновенные,KRSB,RU000A0HMLY1,1-01-55147-E,29.11.2005 00:00:00,"Публичное акционерное общество ""Красноярскэнергосбыт""",2466132221,"0,02",Рубль,596039612,15.10.2008 00:00:00,,,,,+,,,,,,,,,09.06.2014 Включение в Третий уровень 15.10.2008 Включение в Перечень внесписочных ценных бумаг,,,,,РПС: Акции - адрес. РЕПО в ин. валюте: USD РЕПО c облигациями Т+ Неполные лоты (акции) Т+ Акции и ДР РПС с ЦК: Акции и ДР - адрес. РЕПО в ин. валюте: EUR Продажа обеспечения бирж.рынок - безадрес. РЕПО в ин. валюте: CNY Урегулирование РЕПО с ЦК Нерезиденты - безадрес. РПС с ЦК Нерезиденты: Акции и ДР - адрес. Урегулирование с ЦК Нерезиденты - безадрес. ОТС: Акции РПС с ЦК - адресные,"Акция привилегированная, 2-01-55147-E, RU000A0HMLZ8",,https://www.e-disclosure.ru/portal/company.aspx?id=8880,09.06.2014 00:00:00,,,,,,
154,24.03.2025 00:00:00,1663,Третий уровень,2781,Акции,Акция привилегированная,акции привилегированные,KRSBP,RU000A0HMLZ8,2-01-55147-E,29.11.2005 00:00:00,"Публичное акционерное общество ""Красноярскэнергосбыт""",2466132221,"0,02",Рубль,168993328,15.10.2008 00:00:00,,,,,+,,,,,,,,,09.06.2014 Включение в Третий уровень 15.10.2008 Включение в Перечень внесписочных ценных бумаг,,,,,РПС: Акции - адрес. РЕПО в ин. валюте: USD РЕПО c облигациями Т+ Неполные лоты (акции) РЕПО с ЦК 1 день РЕПО с ЦК Адресное Т+ Акции и ДР РПС с ЦК: Акции и ДР - адрес. РЕПО в ин. валюте: EUR РЕПО с ЦК 1 день (расч. в USD) РЕПО с ЦК 1 день (расч. в EUR) РЕПО с ЦК 7 дн. РЕПО с ЦК адр. (расч. в USD) РЕПО с ЦК адр.(расч. в EUR) РЕПО с ЦК 7 дней c расчетами в долларах США РЕПО с ЦК 7 дней c расчетами в евро Продажа обеспечения бирж.рынок - безадрес. РЕПО с ЦК адр. (расч. в CNY) РЕПО с ЦК 1 день (расч. в CNY) РЕПО в ин. валюте: CNY Урегулирование РЕПО с ЦК Нерезиденты - безадрес. РПС с ЦК Нерезиденты: Акции и ДР - адрес. Урегулирование с ЦК Нерезиденты - безадрес. РЕПО с ЦК 7 дн. (расч. в CNY) ОТС: Акции РПС с ЦК - адресные,"Акция обыкновенная, 1-01-55147-E, RU000A0HMLY1",,https://www.e-disclosure.ru/portal/company.aspx?id=8880,09.06.2014 00:00:00,,,,,,
155,24.03.2025 00:00:00,3905,Третий уровень,2782,Акции,Акция обыкновенная,акции обыкновенные,KAZT,RU000A0B9BV2,1-01-00067-A,22.07.2003 00:00:00,"Публичное акционерное общество ""КуйбышевАзот""",6320005915,1,Рубль,234147999,09.12.2011 00:00:00,,,,,+,,,,,,,,,09.06.2014 Включение в Третий уровень 09.12.2011 Включение в Перечень внесписочных ценных бумаг,,,,,РПС: Акции - адрес. РЕПО в ин. валюте: USD РЕПО c облигациями Т+ Неполные лоты (акции) Т+ Акции и ДР РПС с ЦК: Акции и ДР - адрес. РЕПО в ин. валюте: EUR Продажа обеспечения бирж.рынок - безадрес. РЕПО в ин. валюте: CNY Урегулирование РЕПО с ЦК Нерезиденты - безадрес. РПС с ЦК Нерезиденты: Акции и ДР - адрес. Урегулирование с ЦК Нерезиденты - безадрес. ОТС: Акции РПС с ЦК - адресные,"Акция привилегированная, 2-01-00067-A, RU000A0B9BW0",http://www.kuazot.ru/,http://www.e-disclosure.ru/portal/company.aspx?id=703,09.06.2014 00:00:00,,,,,,
156,24.03.2025 00:00:00,3906,Третий уровень,2783,Акции,Акция привилегированная,акции привилегированные,KAZTP,RU000A0B9BW0,2-01-00067-A,22.07.2003 00:00:00,"Публичное акционерное общество ""КуйбышевАзот""",6320005915,1,Рубль,3696506,09.12.2011 00:00:00,,,,,+,,,,,,,,,09.06.2014 Включение в Третий уровень 09.12.2011 Включение в Перечень внесписочных ценных бумаг,,,,,РПС: Акции - адрес. РЕПО в ин. валюте: USD РЕПО c облигациями Т+ Неполные лоты (акции) Т+ Акции и ДР РПС с ЦК: Акции и ДР - адрес. РЕПО в ин. валюте: EUR Продажа обеспечения бирж.рынок - безадрес. РЕПО в ин. валюте: CNY Урегулирование РЕПО с ЦК Нерезиденты - безадрес. РПС с ЦК Нерезиденты: Акции и ДР - адрес. Урегулирование с ЦК Нерезиденты - безадрес. ОТС: Акции РПС с ЦК - адресные,"Акция обыкновенная, 1-01-00067-A, RU000A0B9BV2",http://www.kuazot.ru/,http://www.e-disclosure.ru/portal/company.aspx?id=703,09.06.2014 00:00:00,,,,,,
157,24.03.2025 00:00:00,4414,Третий уровень,2784,Акции,Акция обыкновенная,акции обыкновенные,KGKC,RU000A0JP120,1-01-55226-E,26.09.2006 00:00:00,"Публичное акционерное общество ""Курганская генерирующая компания""",4501122913,"7,2",Рубль,122453406,28.08.2012 00:00:00,,,,,+,,,,,,,,,26.06.2019 Включение в Третий уровень 05.06.2015 Включение в Второй уровень 09.06.2014 Включение в Третий уровень 29.08.2012 Включение в Перечень внесписочных ценных бумаг,,,,,РПС: Акции - адрес. РЕПО в ин. валюте: USD РЕПО c облигациями Т+ Неполные лоты (акции) Т+ Акции и ДР РПС с ЦК: Акции и ДР - адрес. РЕПО в ин. валюте: EUR Продажа обеспечения бирж.рынок - безадрес. РЕПО в ин. валюте: CNY Урегулирование РЕПО с ЦК Нерезиденты - безадрес. РПС с ЦК Нерезиденты: Акции и ДР - адрес. Урегулирование с ЦК Нерезиденты - безадрес. ОТС: Акции РПС с ЦК - адресные,"Акция привилегированная, 2-01-55226-E, RU000A0JP138",http://www.kgk-kurgan.ru/Aktsioneram_i_investoram/Raskryivaet_informatsii_na_stranitse_na_sayte_Interfaks_TSRKI/,http://www.e-disclosure.ru/portal/company.aspx?id=17935,26.06.2019 00:00:00,,,,,,
158,24.03.2025 00:00:00,4507,Третий уровень,2785,Акции,Акция привилегированная,акции привилегированные,KGKCP,RU000A0JP138,2-01-55226-E,26.09.2006 00:00:00,"Публичное акционерное общество ""Курганская генерирующая компания""",4501122913,"7,2",Рубль,14393052,17.10.2012 00:00:00,,,,,+,,,,,,,,,09.06.2014 Включение в Третий уровень 18.10.2012 Включение в Перечень внесписочных ценных бумаг,,,,,РПС: Акции - адрес. РЕПО в ин. валюте: USD РЕПО c облигациями Т+ Неполные лоты (акции) Т+ Акции и ДР РПС с ЦК: Акции и ДР - адрес. РЕПО в ин. валюте: EUR Продажа обеспечения бирж.рынок - безадрес. РЕПО в ин. валюте: CNY Урегулирование РЕПО с ЦК Нерезиденты - безадрес. РПС с ЦК Нерезиденты: Акции и ДР - адрес. Урегулирование с ЦК Нерезиденты - безадрес. ОТС: Акции РПС с ЦК - адресные,"Акция обыкновенная, 1-01-55226-E, RU000A0JP120",http://www.kgk-kurgan.ru/Aktsioneram_i_investoram/Raskryivaet_informatsii_na_stranitse_na_sayte_Interfaks_TSRKI/,http://www.e-disclosure.ru/portal/company.aspx?id=17935,09.06.2014 00:00:00,,,,,,
159,24.03.2025 00:00:00,21642,Третий уровень,2786,Акции,Акция обыкновенная,акции обыкновенные,LMBZ,RU000A108ZX6,1-01-09188-H,05.04.2004 00:00:00,"Публичное акционерное общество ""Ламбумиз""",7729038566,"0,025",Рубль,20752219,16.10.2024 00:00:00,,,,,+,,,,,,,,,30.10.2024 Включение в Третий уровень,,,,,РПС: Акции - адрес. РЕПО c облигациями РЕПО с ЦК 1 день РЕПО с ЦК Адресное Т+ Акции и ДР РПС с ЦК: Акции и ДР - адрес. Поставка по СК (акции) РЕПО с ЦК 7 дн. Продажа обеспечения бирж.рынок - безадрес. РЕПО с ЦК адр. (расч. в CNY) РЕПО с ЦК 1 день (расч. в CNY) РЕПО в ин. валюте: CNY Урегулирование РЕПО с ЦК Нерезиденты - безадрес. РПС с ЦК Нерезиденты: Акции и ДР - адрес. Урегулирование с ЦК Нерезиденты - безадрес. РЕПО с ЦК 7 дн. (расч. в CNY) ОТС: Акции РПС с ЦК - адресные,,http://www.lambumiz.ru,http://www.e-disclosure.ru/portal/company.aspx?id=36391,30.10.2024 00:00:00,,,,,,
160,24.03.2025 00:00:00,4571,Третий уровень,2787,Акции,Акция обыкновенная,акции обыкновенные,LVHK,RU000A0JT7Y2,1-01-04329-D,13.08.2012 00:00:00,"Публичное акционерное общество ""Левенгук""",7839462305,10,Рубль,52940000,08.11.2012 00:00:00,,,,,+,,,,,,,,,09.06.2014 Включение в Третий уровень 09.11.2012 Включение в Перечень внесписочных ценных бумаг,,,,,РПС: Акции - адрес. РЕПО в ин. валюте: USD РЕПО c облигациями Т+ Неполные лоты (акции) Т+ Акции и ДР РПС с ЦК: Акции и ДР - адрес. РЕПО в ин. валюте: EUR Продажа обеспечения бирж.рынок - безадрес. РЕПО в ин. валюте: CNY Урегулирование РЕПО с ЦК Нерезиденты - безадрес. РПС с ЦК Нерезиденты: Акции и ДР - адрес. Урегулирование с ЦК Нерезиденты - безадрес. ОТС: Акции РПС с ЦК - адресные,"Облигация биржевая, 4B02-01-04329-D, RU000A0ZYHW0",http://investors.levenhuk.ru/,https://disclosure.1prime.ru/portal/default.aspx?emId=7839462305,09.06.2014 00:00:00,,,,,,
161,24.03.2025 00:00:00,269,Третий уровень,2790,Акции,Акция обыкновенная,акции обыкновенные,LPSB,RU000A0D8MR7,1-01-65097-D,19.04.2005 00:00:00,"Публичное акционерное общество ""Липецкая энергосбытовая компания""",4822001244,"0,22",Рубль,155521950,02.12.2011 00:00:00,,,,,+,,,,,,,+,,09.06.2014 Включение в Третий уровень 02.12.2011 Включение в Перечень внесписочных ценных бумаг 15.08.2005 Включение в Перечень внесписочных ценных бумаг,,,,,РПС: Акции - адрес. Т+ Неполные лоты (акции) Т+ Акции и ДР РПС с ЦК: Акции и ДР - адрес. Продажа обеспечения бирж.рынок - безадрес. Урегулирование РЕПО с ЦК Нерезиденты - безадрес. РПС с ЦК Нерезиденты: Акции и ДР - адрес. Урегулирование с ЦК Нерезиденты - безадрес. ОТС: Акции РПС с ЦК - адресные,,,https://www.e-disclosure.ru/portal/company.aspx?id=5082,09.06.2014 00:00:00,,,,,,
162,24.03.2025 00:00:00,19319,Третий уровень,2791,Акции,Акция обыкновенная,акции обыкновенные,MGKL,RU000A0JVJQ8,1-01-11915-A,22.01.2007 00:00:00,"Публичное акционерное общество ""МГКЛ""",7707600245,"0,01",Рубль,1268545000,06.12.2023 00:00:00,,,,,+,,,,,,,,,28.12.2023 Включение в Третий уровень,,,,,РПС: Акции - адрес. РЕПО в ин. валюте: USD РЕПО c облигациями Т+ Неполные лоты (акции) РЕПО с ЦК 1 день РЕПО с ЦК Адресное Т+ Акции и ДР РПС с ЦК: Акции и ДР - адрес. РЕПО в ин. валюте: EUR РЕПО с ЦК 1 день (расч. в USD) РЕПО с ЦК 1 день (расч. в EUR) РЕПО с ЦК 7 дн. РЕПО с ЦК адр. (расч. в USD) РЕПО с ЦК адр.(расч. в EUR) РЕПО с ЦК 7 дней c расчетами в долларах США РЕПО с ЦК 7 дней c расчетами в евро Продажа обеспечения бирж.рынок - безадрес. РЕПО с ЦК адр. (расч. в CNY) РЕПО с ЦК 1 день (расч. в CNY) РЕПО в ин. валюте: CNY Урегулирование РЕПО с ЦК Нерезиденты - безадрес. РПС с ЦК Нерезиденты: Акции и ДР - адрес. Урегулирование с ЦК Нерезиденты - безадрес. РЕПО с ЦК 7 дн. (расч. в CNY) ОТС: Акции РПС с ЦК - адресные,"Облигация биржевая, 4B02-01-11915-A-001P, RU000A104XJ9 Облигация биржевая, 4B02-02-11915-A-001P, RU000A105PJ2 Облигация биржевая, 4B02-03-11915-A-001P, RU000A106FW4 Облигация биржевая, 4B02-04-11915-A-001P, RU000A106MV2 Облигация биржевая, 4B02-05-11915-A-001P, RU000A107UB5 Облигация биржевая, 4B02-06-11915-A-001P, RU000A108ZU2 Облигация биржевая, 4B02-07-11915-A-001P, RU000A10ATC4",https://mosgorlombard.ru/o-kompanii/raskrytie-informatsii/,https://www.e-disclosure.ru/portal/company.aspx?id=11244,28.12.2023 00:00:00,,,,,,
163,24.03.2025 00:00:00,3123,Третий уровень,2799,Акции,Акция обыкновенная,акции обыкновенные,MSTT,RU0009177331,1-03-02472-A,10.08.2010 00:00:00,"Публичное акционерное общество ""МОСТОТРЕСТ""",7701045732,"0,14",Рубль,282215500,04.10.2010 00:00:00,,,,,+,,,,,,,,,"02.12.2021 Включение в Третий уровень 24.01.2017 Включение в Второй уровень 09.06.2014 Включение в Первый уровень 08.04.2014 Включение в Котировальный список ""А"" второго уровня 15.02.2011 Включение в Котировальный список ""Б"" 04.10.2010 Включение в Перечень внесписочных ценных бумаг",,,,,РПС: Акции - адрес. РЕПО в ин. валюте: USD РЕПО c облигациями Т+ Неполные лоты (акции) РЕПО с ЦК 1 день РЕПО с ЦК Адресное Т+ Акции и ДР РПС с ЦК: Акции и ДР - адрес. РЕПО в ин. валюте: EUR РЕПО с ЦК 1 день (расч. в USD) РЕПО с ЦК 1 день (расч. в EUR) РЕПО с ЦК 7 дн. РЕПО с ЦК адр. (расч. в USD) РЕПО с ЦК адр.(расч. в EUR) РЕПО с ЦК 7 дней c расчетами в долларах США РЕПО с ЦК 7 дней c расчетами в евро Продажа обеспечения бирж.рынок - безадрес. РЕПО с ЦК адр. (расч. в CNY) РЕПО с ЦК 1 день (расч. в CNY) РЕПО в ин. валюте: CNY Урегулирование РЕПО с ЦК Нерезиденты - безадрес. РПС с ЦК Нерезиденты: Акции и ДР - адрес. Урегулирование с ЦК Нерезиденты - безадрес. РЕПО с ЦК 7 дн. (расч. в CNY) ОТС: Акции РПС с ЦК - адресные,"Облигация корпоративная, 4-07-02472-A, RU000A0JWN63 Облигация корпоративная, 4-08-02472-A, RU000A0JWN89",http://mostotrest.ru/,http://www.e-disclosure.ru/portal/company.aspx?id=1220,02.12.2021 00:00:00,,,,,,
164,24.03.2025 00:00:00,272,Третий уровень,2805,Акции,Акция обыкновенная,акции обыкновенные,MGNT,RU000A0JKQU8,1-01-60525-P,04.03.2004 00:00:00,"Публичное акционерное общество ""Магнит""",2309085638,"0,01",Рубль,101911355,21.12.2007 00:00:00,,,,,+,,,,,,,,,"25.05.2023 Включение в Третий уровень 09.06.2014 Включение в Первый уровень 29.12.2010 Включение в Котировальный список ""А"" первого уровня 07.08.2009 Включение в Котировальный список ""А"" второго уровня 21.12.2007 Включение в Котировальный список ""Б""",,,,,РПС: Акции - адрес. РЕПО в ин. валюте: USD РЕПО c облигациями РЕПО с ЦК 1 день РЕПО с ЦК Адресное Т+ Акции и ДР РПС с ЦК: Акции и ДР - адрес. РЕПО в ин. валюте: EUR Поставка по СК (акции) РЕПО с ЦК 1 день (расч. в USD) РЕПО с ЦК 1 день (расч. в EUR) РЕПО с ЦК 7 дн. РЕПО с ЦК адр. (расч. в USD) РЕПО с ЦК адр.(расч. в EUR) РЕПО с ЦК 7 дней c расчетами в долларах США РЕПО с ЦК 7 дней c расчетами в евро Продажа обеспечения бирж.рынок - безадрес. РЕПО с ЦК адр. (расч. в CNY) РЕПО с ЦК 1 день (расч. в CNY) РЕПО в ин. валюте: CNY Урегулирование РЕПО с ЦК Нерезиденты - безадрес. РПС с ЦК Нерезиденты: Акции и ДР - адрес. Урегулирование с ЦК Нерезиденты - безадрес. РЕПО с ЦК 7 дн. (расч. в CNY) ОТС: Акции РПС с ЦК - адресные,"Облигация биржевая, 4B02-01-60525-P-004P, RU000A105KQ8 Облигация биржевая, 4B02-02-60525-P-004P, RU000A105TP1 Облигация биржевая, 4B02-05-60525-P-004P, RU000A10A9Z1 Облигация биржевая, 4B02-06-60525-P-004P, RU000A1090K0 Облигация биржевая, 4B02-01-60525-P-005P, RU000A10ANZ8 Облигация биржевая, 4B02-07-60525-P-004P, RU000A10AAT8 Облигация биржевая, 4B02-02-60525-P-005P, RU000A10AXH5 Облигация биржевая, 4B02-03-60525-P-005P, RU000A10B0A2",https://www.magnit.com,https://www.e-disclosure.ru/portal/company.aspx?id=7671,25.05.2023 00:00:00,,,,,,
165,24.03.2025 00:00:00,277,Третий уровень,2810,Акции,Акция обыкновенная,акции обыкновенные,MRSB,RU000A0D9AJ7,1-01-55055-E,29.03.2005 00:00:00,"Публичное акционерное общество ""Мордовская энергосбытовая компания""",1326192645,"0,0136",Рубль,1345037710,29.08.2005 00:00:00,,,,,+,,,,,,,,,09.06.2014 Включение в Третий уровень 29.08.2005 Включение в Перечень внесписочных ценных бумаг,,,,,РПС: Акции - адрес. РЕПО в ин. валюте: USD РЕПО c облигациями Т+ Неполные лоты (акции) Т+ Акции и ДР РПС с ЦК: Акции и ДР - адрес. РЕПО в ин. валюте: EUR Продажа обеспечения бирж.рынок - безадрес. РЕПО в ин. валюте: CNY Урегулирование РЕПО с ЦК Нерезиденты - безадрес. РПС с ЦК Нерезиденты: Акции и ДР - адрес. Урегулирование с ЦК Нерезиденты - безадрес. ОТС: Акции РПС с ЦК - адресные,,,https://www.e-disclosure.ru/portal/company.aspx?id=5754,09.06.2014 00:00:00,,,,,,
166,24.03.2025 00:00:00,1176,Третий уровень,2811,Акции,Акция обыкновенная,акции обыкновенные,MGTS,RU0009036461,1-05-00083-A,24.09.2002 00:00:00,"Публичное акционерное общество ""Московская городская телефонная сеть""",7710016640,40,Рубль,79708751,03.12.2004 00:00:00,,,,,+,,,,,,,,,"09.06.2014 Включение в Третий уровень 29.12.2009 Включение в Перечень внесписочных ценных бумаг 03.12.2004 Включение в Котировальный список ""А"" второго уровня",,,,,РПС: Акции - адрес. РЕПО в ин. валюте: USD РЕПО c облигациями Т+ Акции и ДР РПС с ЦК: Акции и ДР - адрес. РЕПО в ин. валюте: EUR Продажа обеспечения бирж.рынок - безадрес. РЕПО в ин. валюте: CNY Урегулирование РЕПО с ЦК Нерезиденты - безадрес. РПС с ЦК Нерезиденты: Акции и ДР - адрес. Урегулирование с ЦК Нерезиденты - безадрес. ОТС: Акции РПС с ЦК - адресные,"Акция привилегированная, 2-04-00083-A, RU0009036479",,https://www.e-disclosure.ru/portal/company.aspx?id=1017,09.06.2014 00:00:00,,,,,,
167,24.03.2025 00:00:00,1175,Третий уровень,2812,Акции,Акция привилегированная,акции привилегированные,MGTSP,RU0009036479,2-04-00083-A,24.09.2002 00:00:00,"Публичное акционерное общество ""Московская городская телефонная сеть""",7710016640,40,Рубль,15514042,03.12.2004 00:00:00,,,,,+,,,,,,,,,"09.06.2014 Включение в Третий уровень 29.12.2009 Включение в Перечень внесписочных ценных бумаг 03.12.2004 Включение в Котировальный список ""А"" второго уровня",,,,,РПС: Акции - адрес. РЕПО в ин. валюте: USD РЕПО c облигациями РЕПО с ЦК 1 день РЕПО с ЦК Адресное Т+ Акции и ДР РПС с ЦК: Акции и ДР - адрес. РЕПО в ин. валюте: EUR РЕПО с ЦК 1 день (расч. в USD) РЕПО с ЦК 1 день (расч. в EUR) РЕПО с ЦК 7 дн. РЕПО с ЦК адр. (расч. в USD) РЕПО с ЦК адр.(расч. в EUR) РЕПО с ЦК 7 дней c расчетами в долларах США РЕПО с ЦК 7 дней c расчетами в евро Продажа обеспечения бирж.рынок - безадрес. РЕПО с ЦК адр. (расч. в CNY) РЕПО с ЦК 1 день (расч. в CNY) РЕПО в ин. валюте: CNY Урегулирование РЕПО с ЦК Нерезиденты - безадрес. РПС с ЦК Нерезиденты: Акции и ДР - адрес. Урегулирование с ЦК Нерезиденты - безадрес. РЕПО с ЦК 7 дн. (расч. в CNY) ОТС: Акции РПС с ЦК - адресные,"Акция обыкновенная, 1-05-00083-A, RU0009036461",,https://www.e-disclosure.ru/portal/company.aspx?id=1017,09.06.2014 00:00:00,,,,,,
168,24.03.2025 00:00:00,258,Третий уровень,2813,Акции,Акция обыкновенная,акции обыкновенные,KROT,RU0008913850,1-02-00060-A,08.07.2003 00:00:00,"Публичное акционерное общество ""Московская кондитерская фабрика ""Красный Октябрь""",7706043263,1,Рубль,9217583,16.12.2004 00:00:00,,,,,+,,,,,,,,,09.06.2014 Включение в Третий уровень 16.12.2004 Включение в Перечень внесписочных ценных бумаг,,,,,РПС: Акции - адрес. РЕПО в ин. валюте: USD РЕПО c облигациями Т+ Неполные лоты (акции) РЕПО с ЦК 1 день РЕПО с ЦК Адресное Т+ Акции и ДР РПС с ЦК: Акции и ДР - адрес. РЕПО в ин. валюте: EUR РЕПО с ЦК 1 день (расч. в USD) РЕПО с ЦК 1 день (расч. в EUR) РЕПО с ЦК 7 дн. РЕПО с ЦК адр. (расч. в USD) РЕПО с ЦК адр.(расч. в EUR) РЕПО с ЦК 7 дней c расчетами в долларах США РЕПО с ЦК 7 дней c расчетами в евро Продажа обеспечения бирж.рынок - безадрес. РЕПО с ЦК адр. (расч. в CNY) РЕПО с ЦК 1 день (расч. в CNY) РЕПО в ин. валюте: CNY Урегулирование РЕПО с ЦК Нерезиденты - безадрес. РПС с ЦК Нерезиденты: Акции и ДР - адрес. Урегулирование с ЦК Нерезиденты - безадрес. РЕПО с ЦК 7 дн. (расч. в CNY) ОТС: Акции РПС с ЦК - адресные,"Акция привилегированная, 2-01-00060-A, RU0008913868",,https://www.e-disclosure.ru/portal/company.aspx?id=468,09.06.2014 00:00:00,,,,,,
169,24.03.2025 00:00:00,337,Третий уровень,2814,Акции,Акция привилегированная,акции привилегированные,KROTP,RU0008913868,2-01-00060-A,11.06.1997 00:00:00,"Публичное акционерное общество ""Московская кондитерская фабрика ""Красный Октябрь""",7706043263,1,Рубль,1474549,16.12.2004 00:00:00,,,,,+,,,,,,,,,09.06.2014 Включение в Третий уровень 16.12.2004 Включение в Перечень внесписочных ценных бумаг,,,,,РПС: Акции - адрес. РЕПО в ин. валюте: USD РЕПО c облигациями Т+ Неполные лоты (акции) РЕПО с ЦК 1 день РЕПО с ЦК Адресное Т+ Акции и ДР РПС с ЦК: Акции и ДР - адрес. РЕПО в ин. валюте: EUR РЕПО с ЦК 1 день (расч. в USD) РЕПО с ЦК 1 день (расч. в EUR) РЕПО с ЦК 7 дн. РЕПО с ЦК адр. (расч. в USD) РЕПО с ЦК адр.(расч. в EUR) РЕПО с ЦК 7 дней c расчетами в долларах США РЕПО с ЦК 7 дней c расчетами в евро Продажа обеспечения бирж.рынок - безадрес. РЕПО с ЦК адр. (расч. в CNY) РЕПО с ЦК 1 день (расч. в CNY) РЕПО в ин. валюте: CNY Урегулирование РЕПО с ЦК Нерезиденты - безадрес. РПС с ЦК Нерезиденты: Акции и ДР - адрес. Урегулирование с ЦК Нерезиденты - безадрес. РЕПО с ЦК 7 дн. (расч. в CNY) ОТС: Акции РПС с ЦК - адресные,"Акция обыкновенная, 1-02-00060-A, RU0008913850",,https://www.e-disclosure.ru/portal/company.aspx?id=468,09.06.2014 00:00:00,,,,,,
170,24.03.2025 00:00:00,3671,Третий уровень,2816,Акции,Акция обыкновенная,акции обыкновенные,NFAZ,RU0009115604,1-01-30520-D,29.09.2003 00:00:00,"Публичное акционерное общество ""НЕФАЗ""",0264004103,1,Рубль,8038896,02.09.2011 00:00:00,,,,,+,,,,,,,+,,09.06.2014 Включение в Третий уровень 02.09.2011 Включение в Перечень внесписочных ценных бумаг,,,,,РПС: Акции - адрес. РЕПО в ин. валюте: USD РЕПО c облигациями Т+ Неполные лоты (акции) Т+ Акции и ДР РПС с ЦК: Акции и ДР - адрес. РЕПО в ин. валюте: EUR Продажа обеспечения бирж.рынок - безадрес. РЕПО в ин. валюте: CNY Урегулирование РЕПО с ЦК Нерезиденты - безадрес. РПС с ЦК Нерезиденты: Акции и ДР - адрес. Урегулирование с ЦК Нерезиденты - безадрес. ОТС: Акции РПС с ЦК - адресные,,http://www.e-disclosure.ru/portal/company.aspx?id=227,http://www.e-disclosure.ru/portal/company.aspx?id=227,09.06.2014 00:00:00,,,,,,
171,24.03.2025 00:00:00,3954,Третий уровень,2817,Акции,Акция обыкновенная,акции обыкновенные,VJGZ,RU0009046460,1-01-00017-A,18.05.2004 00:00:00,"Публичное акционерное общество ""ННК-Варьеганнефтегаз""",8609000160,"0,1",Рубль,18091110,09.12.2011 00:00:00,,,,,+,,,,,,,+,,09.06.2014 Включение в Третий уровень 09.12.2011 Включение в Перечень внесписочных ценных бумаг,,,,,РПС: Акции - адрес. РЕПО в ин. валюте: USD РЕПО c облигациями Т+ Акции и ДР РПС с ЦК: Акции и ДР - адрес. РЕПО в ин. валюте: EUR Продажа обеспечения бирж.рынок - безадрес. РЕПО в ин. валюте: CNY Урегулирование РЕПО с ЦК Нерезиденты - безадрес. РПС с ЦК Нерезиденты: Акции и ДР - адрес. Урегулирование с ЦК Нерезиденты - безадрес. ОТС: Акции РПС с ЦК - адресные,"Акция привилегированная, 2-01-00017-A, RU0007964789",http://www.varyeganneftegaz.ru/,http://www.e-disclosure.ru/portal/company.aspx?id=3166,09.06.2014 00:00:00,,,,,,
172,24.03.2025 00:00:00,3955,Третий уровень,2818,Акции,Акция привилегированная,акции привилегированные,VJGZP,RU0007964789,2-01-00017-A,18.05.2004 00:00:00,"Публичное акционерное общество ""ННК-Варьеганнефтегаз""",8609000160,"0,1",Рубль,5883050,09.12.2011 00:00:00,,,,,+,,,,,,,+,,09.06.2014 Включение в Третий уровень 09.12.2011 Включение в Перечень внесписочных ценных бумаг,,,,,РПС: Акции - адрес. РЕПО в ин. валюте: USD РЕПО c облигациями Т+ Акции и ДР РПС с ЦК: Акции и ДР - адрес. РЕПО в ин. валюте: EUR Продажа обеспечения бирж.рынок - безадрес. РЕПО в ин. валюте: CNY Урегулирование РЕПО с ЦК Нерезиденты - безадрес. РПС с ЦК Нерезиденты: Акции и ДР - адрес. Урегулирование с ЦК Нерезиденты - безадрес. ОТС: Акции РПС с ЦК - адресные,"Акция обыкновенная, 1-01-00017-A, RU0009046460",http://www.varyeganneftegaz.ru/,http://www.e-disclosure.ru/portal/company.aspx?id=3166,09.06.2014 00:00:00,,,,,,
173,24.03.2025 00:00:00,3998,Третий уровень,2819,Акции,Акция обыкновенная,акции обыкновенные,NSVZ,RU000A0JQLB6,1-01-12689-A,19.12.2007 00:00:00,"Публичное акционерное общество ""Наука-Связь""",7714716995,1,Рубль,15701562,08.12.2011 00:00:00,,,,,+,,,,,,,,,09.06.2014 Включение в Третий уровень 08.12.2011 Включение в Перечень внесписочных ценных бумаг,,,,,РПС: Акции - адрес. РЕПО в ин. валюте: USD РЕПО c облигациями Т+ Неполные лоты (акции) РЕПО с ЦК 1 день РЕПО с ЦК Адресное Т+ Акции и ДР РПС с ЦК: Акции и ДР - адрес. РЕПО в ин. валюте: EUR РЕПО с ЦК 1 день (расч. в USD) РЕПО с ЦК 1 день (расч. в EUR) РЕПО с ЦК 7 дн. РЕПО с ЦК адр. (расч. в USD) РЕПО с ЦК адр.(расч. в EUR) РЕПО с ЦК 7 дней c расчетами в долларах США РЕПО с ЦК 7 дней c расчетами в евро Продажа обеспечения бирж.рынок - безадрес. РЕПО с ЦК адр. (расч. в CNY) РЕПО с ЦК 1 день (расч. в CNY) РЕПО в ин. валюте: CNY Урегулирование РЕПО с ЦК Нерезиденты - безадрес. РПС с ЦК Нерезиденты: Акции и ДР - адрес. Урегулирование с ЦК Нерезиденты - безадрес. РЕПО с ЦК 7 дн. (расч. в CNY) ОТС: Акции РПС с ЦК - адресные,,http://oaonsv.ru/,https://www.e-disclosure.ru/portal/company.aspx?id=20639,09.06.2014 00:00:00,,,,,,
174,24.03.2025 00:00:00,8808,Третий уровень,2820,Акции,Акция обыкновенная,акции обыкновенные,UWGN,RU000A0JVBT9,1-01-82031-H,08.05.2014 00:00:00,"Публичное акционерное общество ""Научно-производственная корпорация ""Объединенная Вагонная Компания""",7705522866,1,Рубль,2905885544,22.04.2015 00:00:00,,,,,+,,,,,,,+,,23.07.2019 Включение в Третий уровень 22.04.2015 Включение в Первый уровень,,,,,РПС: Акции - адрес. РЕПО в ин. валюте: USD РЕПО c облигациями РЕПО с ЦК 1 день РЕПО с ЦК Адресное Т+ Акции и ДР РПС с ЦК: Акции и ДР - адрес. РЕПО в ин. валюте: EUR РЕПО с ЦК 1 день (расч. в USD) РЕПО с ЦК 1 день (расч. в EUR) РЕПО с ЦК 7 дн. РЕПО с ЦК адр. (расч. в USD) РЕПО с ЦК адр.(расч. в EUR) РЕПО с ЦК 7 дней c расчетами в долларах США РЕПО с ЦК 7 дней c расчетами в евро Продажа обеспечения бирж.рынок - безадрес. РЕПО с ЦК адр. (расч. в CNY) РЕПО с ЦК 1 день (расч. в CNY) РЕПО в ин. валюте: CNY Урегулирование РЕПО с ЦК Нерезиденты - безадрес. РПС с ЦК Нерезиденты: Акции и ДР - адрес. Урегулирование с ЦК Нерезиденты - безадрес. РЕПО с ЦК 7 дн. (расч. в CNY) ОТС: Акции РПС с ЦК - адресные,,http://www.uniwagon.com,https://www.e-disclosure.ru/portal/company.aspx?id=35102,23.07.2019 00:00:00,,,,,,
175,24.03.2025 00:00:00,3926,Третий уровень,2827,Акции,Акция обыкновенная,акции обыкновенные,NKSH,RU0009100515,1-02-55032-D,15.12.1997 00:00:00,"Публичное акционерное общество ""Нижнекамскшина""",1651000027,1,Рубль,63731171,09.12.2011 00:00:00,,,,,+,,,,,,,,,09.06.2014 Включение в Третий уровень 09.12.2011 Включение в Перечень внесписочных ценных бумаг,,,,,РПС: Акции - адрес. РЕПО в ин. валюте: USD РЕПО c облигациями Т+ Неполные лоты (акции) Т+ Акции и ДР РПС с ЦК: Акции и ДР - адрес. РЕПО в ин. валюте: EUR Продажа обеспечения бирж.рынок - безадрес. РЕПО в ин. валюте: CNY Урегулирование РЕПО с ЦК Нерезиденты - безадрес. РПС с ЦК Нерезиденты: Акции и ДР - адрес. Урегулирование с ЦК Нерезиденты - безадрес. ОТС: Акции РПС с ЦК - адресные,,,https://www.e-disclosure.ru/portal/company.aspx?id=152,09.06.2014 00:00:00,,,,,,
176,24.03.2025 00:00:00,9131,Третий уровень,2832,Акции,Акция обыкновенная,акции обыкновенные,NKHP,RU000A0BLWD7,1-03-35684-E,02.10.2015 00:00:00,"Публичное акционерное общество ""Новороссийский комбинат хлебопродуктов""",2315014748,1,Рубль,67597000,13.11.2015 00:00:00,,,,,+,,,,,,,,,24.04.2019 Включение в Третий уровень 13.11.2015 Включение в Первый уровень,,,,,РПС: Акции - адрес. РЕПО в ин. валюте: USD РЕПО c облигациями Т+ Неполные лоты (акции) РЕПО с ЦК 1 день РЕПО с ЦК Адресное Т+ Акции и ДР РПС с ЦК: Акции и ДР - адрес. РЕПО в ин. валюте: EUR РЕПО с ЦК 1 день (расч. в USD) РЕПО с ЦК 1 день (расч. в EUR) РЕПО с ЦК 7 дн. РЕПО с ЦК адр. (расч. в USD) РЕПО с ЦК адр.(расч. в EUR) РЕПО с ЦК 7 дней c расчетами в долларах США РЕПО с ЦК 7 дней c расчетами в евро Продажа обеспечения бирж.рынок - безадрес. РЕПО с ЦК адр. (расч. в CNY) РЕПО с ЦК 1 день (расч. в CNY) РЕПО в ин. валюте: CNY Урегулирование РЕПО с ЦК Нерезиденты - безадрес. РПС с ЦК Нерезиденты: Акции и ДР - адрес. Урегулирование с ЦК Нерезиденты - безадрес. РЕПО с ЦК 7 дн. (расч. в CNY) ОТС: Акции РПС с ЦК - адресные,,http://novoroskhp.ru,https://www.e-disclosure.ru/portal/company.aspx?id=10198,24.04.2019 00:00:00,,,,,,
177,24.03.2025 00:00:00,126,Третий уровень,2833,Акции,Акция обыкновенная,акции обыкновенные,NMTP,RU0009084446,1-01-30251-E,04.06.2003 00:00:00,"Публичное акционерное общество ""Новороссийский морской торговый порт""",2315004404,"0,01",Рубль,19259815400,30.10.2007 00:00:00,,,,,+,,,,,,,,,"05.02.2019 Включение в Третий уровень 09.06.2014 Включение в Второй уровень 28.07.2008 Включение в Котировальный список ""Б"" 14.05.2008 Включение в Перечень внесписочных ценных бумаг 30.10.2007 Включение в Котировальный список ""В""",,,,,РПС: Акции - адрес. РЕПО в ин. валюте: USD РЕПО c облигациями Т+ Неполные лоты (акции) РЕПО с ЦК 1 день РЕПО с ЦК Адресное Т+ Акции и ДР РПС с ЦК: Акции и ДР - адрес. РЕПО в ин. валюте: EUR РЕПО с ЦК 1 день (расч. в USD) РЕПО с ЦК 1 день (расч. в EUR) РЕПО с ЦК 7 дн. РЕПО с ЦК адр. (расч. в USD) РЕПО с ЦК адр.(расч. в EUR) РЕПО с ЦК 7 дней c расчетами в долларах США РЕПО с ЦК 7 дней c расчетами в евро Продажа обеспечения бирж.рынок - безадрес. РЕПО с ЦК адр. (расч. в CNY) РЕПО с ЦК 1 день (расч. в CNY) РЕПО в ин. валюте: CNY Урегулирование РЕПО с ЦК Нерезиденты - безадрес. РПС с ЦК Нерезиденты: Акции и ДР - адрес. Урегулирование с ЦК Нерезиденты - безадрес. РЕПО с ЦК 7 дн. (расч. в CNY) ОТС: Акции РПС с ЦК - адресные,"Облигация биржевая, 4B02-01-30251-E Облигация биржевая, 4B02-03-30251-E Облигация биржевая, 4B02-04-30251-E Облигация биржевая, 4B02-05-30251-E Облигация биржевая, 4B02-01-30251-E-001P",https://nmtp.info/,https://www.e-disclosure.ru/portal/company.aspx?id=3900,05.02.2019 00:00:00,,,,,,
178,24.03.2025 00:00:00,5383,Третий уровень,2839,Акции,Акция обыкновенная,акции обыкновенные,UNAC,RU000A0JPLZ7,1-02-55306-E,26.04.2013 00:00:00,"Публичное акционерное общество ""Объединенная авиастроительная корпорация""",7708619320,"0,27",Рубль,994436434417,16.09.2013 00:00:00,,,,,+,,,,,,,,,"07.03.2019 Включение в Третий уровень 09.06.2014 Включение в Второй уровень 30.01.2014 Включение в Котировальный список ""Б"" 17.09.2013 Включение в Перечень внесписочных ценных бумаг",,,,,РПС: Акции - адрес. РЕПО в ин. валюте: USD РЕПО c облигациями Т+ Неполные лоты (акции) РЕПО с ЦК 1 день РЕПО с ЦК Адресное Т+ Акции и ДР РПС с ЦК: Акции и ДР - адрес. РЕПО в ин. валюте: EUR РЕПО с ЦК 1 день (расч. в USD) РЕПО с ЦК 1 день (расч. в EUR) РЕПО с ЦК 7 дн. РЕПО с ЦК адр. (расч. в USD) РЕПО с ЦК адр.(расч. в EUR) РЕПО с ЦК 7 дней c расчетами в долларах США РЕПО с ЦК 7 дней c расчетами в евро Продажа обеспечения бирж.рынок - безадрес. РЕПО с ЦК адр. (расч. в CNY) РЕПО с ЦК 1 день (расч. в CNY) РЕПО в ин. валюте: CNY Урегулирование РЕПО с ЦК Нерезиденты - безадрес. РПС с ЦК Нерезиденты: Акции и ДР - адрес. Урегулирование с ЦК Нерезиденты - безадрес. РЕПО с ЦК 7 дн. (расч. в CNY) ОТС: Акции РПС с ЦК - адресные,,http://www.uacrussia.ru/ru/investors/open-information/,http://www.e-disclosure.ru/portal/company.aspx?id=11433,07.03.2019 00:00:00,,,,,,
179,24.03.2025 00:00:00,3929,Третий уровень,2840,Акции,Акция обыкновенная,акции обыкновенные,PAZA,RU0009083240,1-02-00261-A,24.03.2009 00:00:00,"Публичное акционерное общество ""Павловский автобус""",5252000350,415,Рубль,1567904,02.12.2011 00:00:00,,,,,+,,,,,,,+,,09.06.2014 Включение в Третий уровень 02.12.2011 Включение в Перечень внесписочных ценных бумаг,,,,,РПС: Акции - адрес. Т+ Акции и ДР РПС с ЦК: Акции и ДР - адрес. Продажа обеспечения бирж.рынок - безадрес. Урегулирование РЕПО с ЦК Нерезиденты - безадрес. РПС с ЦК Нерезиденты: Акции и ДР - адрес. Урегулирование с ЦК Нерезиденты - безадрес. ОТС: Акции РПС с ЦК - адресные,,,http://www.e-disclosure.ru/portal/company.aspx?id=3638,09.06.2014 00:00:00,,,,,,
180,24.03.2025 00:00:00,303,Третий уровень,2842,Акции,Акция обыкновенная,акции обыкновенные,PMSB,RU000A0ET123,1-01-55084-E,21.06.2005 00:00:00,"Публичное акционерное общество ""Пермская энергосбытовая компания""",5904123809,"3,25",Рубль,36210960,07.02.2006 00:00:00,,,,,+,,,,,,,,,09.06.2014 Включение в Третий уровень 07.02.2006 Включение в Перечень внесписочных ценных бумаг,,,,,РПС: Акции - адрес. РЕПО в ин. валюте: USD РЕПО c облигациями Т+ Неполные лоты (акции) РЕПО с ЦК 1 день РЕПО с ЦК Адресное Т+ Акции и ДР РПС с ЦК: Акции и ДР - адрес. РЕПО в ин. валюте: EUR РЕПО с ЦК 1 день (расч. в USD) РЕПО с ЦК 1 день (расч. в EUR) РЕПО с ЦК 7 дн. РЕПО с ЦК адр. (расч. в USD) РЕПО с ЦК адр.(расч. в EUR) РЕПО с ЦК 7 дней c расчетами в долларах США РЕПО с ЦК 7 дней c расчетами в евро Продажа обеспечения бирж.рынок - безадрес. РЕПО с ЦК адр. (расч. в CNY) РЕПО с ЦК 1 день (расч. в CNY) РЕПО в ин. валюте: CNY Урегулирование РЕПО с ЦК Нерезиденты - безадрес. РПС с ЦК Нерезиденты: Акции и ДР - адрес. Урегулирование с ЦК Нерезиденты - безадрес. РЕПО с ЦК 7 дн. (расч. в CNY) ОТС: Акции РПС с ЦК - адресные,"Акция привилегированная, 2-01-55084-E, RU000A0ET156",,https://www.e-disclosure.ru/portal/company.aspx?id=7344,09.06.2014 00:00:00,,,,,,
181,24.03.2025 00:00:00,304,Третий уровень,2843,Акции,Акция привилегированная,акции привилегированные,PMSBP,RU000A0ET156,2-01-55084-E,21.06.2005 00:00:00,"Публичное акционерное общество ""Пермская энергосбытовая компания""",5904123809,"3,25",Рубль,11353500,07.02.2006 00:00:00,,,,,+,,,,,,,,,09.06.2014 Включение в Третий уровень 07.02.2006 Включение в Перечень внесписочных ценных бумаг,,,,,РПС: Акции - адрес. РЕПО в ин. валюте: USD РЕПО c облигациями Т+ Неполные лоты (акции) РЕПО с ЦК 1 день РЕПО с ЦК Адресное Т+ Акции и ДР РПС с ЦК: Акции и ДР - адрес. РЕПО в ин. валюте: EUR РЕПО с ЦК 1 день (расч. в USD) РЕПО с ЦК 1 день (расч. в EUR) РЕПО с ЦК 7 дн. РЕПО с ЦК адр. (расч. в USD) РЕПО с ЦК адр.(расч. в EUR) РЕПО с ЦК 7 дней c расчетами в долларах США РЕПО с ЦК 7 дней c расчетами в евро Продажа обеспечения бирж.рынок - безадрес. РЕПО с ЦК адр. (расч. в CNY) РЕПО с ЦК 1 день (расч. в CNY) РЕПО в ин. валюте: CNY Урегулирование РЕПО с ЦК Нерезиденты - безадрес. РПС с ЦК Нерезиденты: Акции и ДР - адрес. Урегулирование с ЦК Нерезиденты - безадрес. РЕПО с ЦК 7 дн. (расч. в CNY) ОТС: Акции РПС с ЦК - адресные,"Акция обыкновенная, 1-01-55084-E, RU000A0ET123",,https://www.e-disclosure.ru/portal/company.aspx?id=7344,09.06.2014 00:00:00,,,,,,
182,24.03.2025 00:00:00,3895,Третий уровень,2855,Акции,Акция обыкновенная,акции обыкновенные,CHGZ,RU0009082291,1-01-00185-A,22.05.2007 00:00:00,"Публичное акционерное общество ""РН-Западная Сибирь""",8620003528,"0,1",Рубль,26771420,09.12.2011 00:00:00,,,,,+,,,,,,,,,09.06.2014 Включение в Третий уровень 09.12.2011 Включение в Перечень внесписочных ценных бумаг,,,,,РПС: Акции - адрес. РЕПО в ин. валюте: USD РЕПО c облигациями Т+ Неполные лоты (акции) Т+ Акции и ДР РПС с ЦК: Акции и ДР - адрес. РЕПО в ин. валюте: EUR Продажа обеспечения бирж.рынок - безадрес. РЕПО в ин. валюте: CNY Урегулирование РЕПО с ЦК Нерезиденты - безадрес. РПС с ЦК Нерезиденты: Акции и ДР - адрес. Урегулирование с ЦК Нерезиденты - безадрес. ОТС: Акции РПС с ЦК - адресные,,http://www.e-disclosure.ru/portal/company.aspx?id=3867,http://www.e-disclosure.ru/portal/company.aspx?id=3867,09.06.2014 00:00:00,,,,,,
183,24.03.2025 00:00:00,1561,Третий уровень,2856,Акции,Акция обыкновенная,акции обыкновенные,ROST,RU000A0JP922,1-02-55033-E,26.12.2006 00:00:00,"Публичное акционерное общество ""РОСИНТЕР РЕСТОРАНТС ХОЛДИНГ""",7722514880,"169,7",Рубль,16305334,04.08.2008 00:00:00,,,,,+,,,,,,,,,"09.06.2014 Включение в Третий уровень 08.11.2011 Включение в Котировальный список ""Б"" 06.05.2011 Включение в Котировальный список ""А"" второго уровня 21.01.2011 Включение в Котировальный список ""А"" первого уровня 07.05.2010 Включение в Котировальный список ""А"" второго уровня 04.08.2008 Включение в Перечень внесписочных ценных бумаг",,,,,РПС: Акции - адрес. РЕПО в ин. валюте: USD РЕПО c облигациями Т+ Неполные лоты (акции) Т+ Акции и ДР РПС с ЦК: Акции и ДР - адрес. РЕПО в ин. валюте: EUR Продажа обеспечения бирж.рынок - безадрес. РЕПО в ин. валюте: CNY Урегулирование РЕПО с ЦК Нерезиденты - безадрес. РПС с ЦК Нерезиденты: Акции и ДР - адрес. Урегулирование с ЦК Нерезиденты - безадрес. ОТС: Акции РПС с ЦК - адресные,,http://www.rosinter.ru,http://www.e-disclosure.ru/portal/company.aspx?id=9038,09.06.2014 00:00:00,,,,,,
184,24.03.2025 00:00:00,1317,Третий уровень,2858,Акции,Акция обыкновенная,акции обыкновенные,RKKE,RU0009095939,1-03-01091-A,30.12.1998 00:00:00,"Публичное акционерное общество ""Ракетно-космическая корпорация ""Энергия"" имени С.П. Королёва""",5018033937,1000,Рубль,1811073,19.05.2008 00:00:00,,,,,+,,,,,,,+,,09.06.2014 Включение в Третий уровень 19.05.2008 Включение в Перечень внесписочных ценных бумаг,,,,,РПС: Акции - адрес. РЕПО в ин. валюте: USD РЕПО c облигациями РЕПО с ЦК 1 день РЕПО с ЦК Адресное Т+ Акции и ДР РПС с ЦК: Акции и ДР - адрес. РЕПО в ин. валюте: EUR РЕПО с ЦК 1 день (расч. в USD) РЕПО с ЦК 1 день (расч. в EUR) РЕПО с ЦК 7 дн. РЕПО с ЦК адр. (расч. в USD) РЕПО с ЦК адр.(расч. в EUR) РЕПО с ЦК 7 дней c расчетами в долларах США РЕПО с ЦК 7 дней c расчетами в евро Продажа обеспечения бирж.рынок - безадрес. РЕПО с ЦК адр. (расч. в CNY) РЕПО с ЦК 1 день (расч. в CNY) РЕПО в ин. валюте: CNY Урегулирование РЕПО с ЦК Нерезиденты - безадрес. РПС с ЦК Нерезиденты: Акции и ДР - адрес. Урегулирование с ЦК Нерезиденты - безадрес. РЕПО с ЦК 7 дн. (расч. в CNY) ОТС: Акции РПС с ЦК - адресные,,https://www.energia.ru/ru/disclose/disclosure.html,https://e-disclosure.ru/portal/company.aspx?id=1615,09.06.2014 00:00:00,,,,,,
185,24.03.2025 00:00:00,270,Третий уровень,2863,Акции,Акция обыкновенная,акции обыкновенные,LSNG,RU0009034490,1-01-00073-A,27.06.2003 00:00:00,"Публичное акционерное общество ""Россети Ленэнерго""",7803002209,1,Рубль,8523785320,21.12.2007 00:00:00,,,,,+,,,,,,,,,"31.01.2017 Включение в Третий уровень 09.06.2014 Включение в Второй уровень 21.12.2007 Включение в Котировальный список ""Б""",,,,,РПС: Акции - адрес. РЕПО в ин. валюте: USD РЕПО c облигациями Т+ Неполные лоты (акции) РЕПО с ЦК 1 день РЕПО с ЦК Адресное Т+ Акции и ДР РПС с ЦК: Акции и ДР - адрес. РЕПО в ин. валюте: EUR РЕПО с ЦК 1 день (расч. в USD) РЕПО с ЦК 1 день (расч. в EUR) РЕПО с ЦК 7 дн. РЕПО с ЦК адр. (расч. в USD) РЕПО с ЦК адр.(расч. в EUR) РЕПО с ЦК 7 дней c расчетами в долларах США РЕПО с ЦК 7 дней c расчетами в евро Продажа обеспечения бирж.рынок - безадрес. РЕПО с ЦК адр. (расч. в CNY) РЕПО с ЦК 1 день (расч. в CNY) РЕПО в ин. валюте: CNY Урегулирование РЕПО с ЦК Нерезиденты - безадрес. РПС с ЦК Нерезиденты: Акции и ДР - адрес. Урегулирование с ЦК Нерезиденты - безадрес. РЕПО с ЦК 7 дн. (расч. в CNY) ОТС: Акции РПС с ЦК - адресные,"Акция привилегированная, 2-01-00073-A, RU0009092134 Облигация биржевая, 4B02-02-00073-A Облигация биржевая, 4B02-05-00073-A, RU000A0JVLM3 Облигация биржевая, 4B02-01-00073-A-001P, RU000A107EC7",https://rosseti-lenenergo.ru/shareholders/open_info/,https://www.e-disclosure.ru/portal/company.aspx?id=65,31.01.2017 00:00:00,,,,,,
186,24.03.2025 00:00:00,271,Третий уровень,2864,Акции,Акция привилегированная,акции привилегированные,LSNGP,RU0009092134,2-01-00073-A,27.06.2003 00:00:00,"Публичное акционерное общество ""Россети Ленэнерго""",7803002209,1,Рубль,93264311,21.12.2007 00:00:00,,,,,+,,,,,,,,,"31.01.2017 Включение в Третий уровень 09.06.2014 Включение в Второй уровень 21.12.2007 Включение в Котировальный список ""Б""",,,,,РПС: Акции - адрес. РЕПО в ин. валюте: USD РЕПО c облигациями Т+ Неполные лоты (акции) РЕПО с ЦК 1 день РЕПО с ЦК Адресное Т+ Акции и ДР РПС с ЦК: Акции и ДР - адрес. РЕПО в ин. валюте: EUR РЕПО с ЦК 1 день (расч. в USD) РЕПО с ЦК 1 день (расч. в EUR) РЕПО с ЦК 7 дн. РЕПО с ЦК адр. (расч. в USD) РЕПО с ЦК адр.(расч. в EUR) РЕПО с ЦК 7 дней c расчетами в долларах США РЕПО с ЦК 7 дней c расчетами в евро Продажа обеспечения бирж.рынок - безадрес. РЕПО с ЦК адр. (расч. в CNY) РЕПО с ЦК 1 день (расч. в CNY) РЕПО в ин. валюте: CNY Урегулирование РЕПО с ЦК Нерезиденты - безадрес. РПС с ЦК Нерезиденты: Акции и ДР - адрес. Урегулирование с ЦК Нерезиденты - безадрес. РЕПО с ЦК 7 дн. (расч. в CNY) ОТС: Акции РПС с ЦК - адресные,"Акция обыкновенная, 1-01-00073-A, RU0009034490 Облигация биржевая, 4B02-02-00073-A Облигация биржевая, 4B02-05-00073-A, RU000A0JVLM3 Облигация биржевая, 4B02-01-00073-A-001P, RU000A107EC7",https://rosseti-lenenergo.ru/shareholders/open_info/,https://www.e-disclosure.ru/portal/company.aspx?id=65,31.01.2017 00:00:00,,,,,,
187,24.03.2025 00:00:00,1378,Третий уровень,2867,Акции,Акция обыкновенная,акции обыкновенные,MRKK,RU000A0JPPQ7,1-01-34747-E,27.12.2006 00:00:00,"Публичное акционерное общество ""Россети Северный Кавказ""",2632082033,1,Рубль,2093354170,04.06.2008 00:00:00,,,,,+,,,,,,,,,"09.06.2014 Включение в Третий уровень 04.02.2013 Включение в Перечень внесписочных ценных бумаг 29.12.2009 Включение в Котировальный список ""Б"" 04.06.2008 Включение в Перечень внесписочных ценных бумаг",,,,,РПС: Акции - адрес. РЕПО в ин. валюте: USD РЕПО c облигациями Т+ Неполные лоты (акции) Т+ Акции и ДР РПС с ЦК: Акции и ДР - адрес. РЕПО в ин. валюте: EUR Продажа обеспечения бирж.рынок - безадрес. РЕПО в ин. валюте: CNY Урегулирование РЕПО с ЦК Нерезиденты - безадрес. РПС с ЦК Нерезиденты: Акции и ДР - адрес. Урегулирование с ЦК Нерезиденты - безадрес. ОТС: Акции РПС с ЦК - адресные,,https://www.rossetisk.ru,https://disclosure.skrin.ru/disclosure/2632082033,09.06.2014 00:00:00,,,,,,
188,24.03.2025 00:00:00,1224,Третий уровень,2871,Акции,Акция обыкновенная,акции обыкновенные,TORS,RU000A0ETZF2,1-01-50128-A,28.06.2005 00:00:00,"Публичное акционерное общество ""Россети Томск""",7017114672,"0,4916",Рубль,3819315580,26.12.2005 00:00:00,,,,,+,,,,,,,,,09.06.2014 Включение в Третий уровень 26.12.2005 Включение в Перечень внесписочных ценных бумаг,,,,,РПС: Акции - адрес. РЕПО в ин. валюте: USD РЕПО c облигациями Т+ Неполные лоты (акции) Т+ Акции и ДР РПС с ЦК: Акции и ДР - адрес. РЕПО в ин. валюте: EUR Продажа обеспечения бирж.рынок - безадрес. РЕПО в ин. валюте: CNY Урегулирование РЕПО с ЦК Нерезиденты - безадрес. РПС с ЦК Нерезиденты: Акции и ДР - адрес. Урегулирование с ЦК Нерезиденты - безадрес. ОТС: Акции РПС с ЦК - адресные,"Акция привилегированная, 2-01-50128-A, RU000A0ETZM8",,https://www.e-disclosure.ru/portal/company.aspx?id=7242,09.06.2014 00:00:00,,,,,,
189,24.03.2025 00:00:00,1225,Третий уровень,2872,Акции,Акция привилегированная,акции привилегированные,TORSP,RU000A0ETZM8,2-01-50128-A,28.06.2005 00:00:00,"Публичное акционерное общество ""Россети Томск""",7017114672,"0,4916",Рубль,576693000,26.12.2005 00:00:00,,,,,+,,,,,,,,,09.06.2014 Включение в Третий уровень 26.12.2005 Включение в Перечень внесписочных ценных бумаг,,,,,РПС: Акции - адрес. РЕПО в ин. валюте: USD РЕПО c облигациями Т+ Неполные лоты (акции) Т+ Акции и ДР РПС с ЦК: Акции и ДР - адрес. РЕПО в ин. валюте: EUR Продажа обеспечения бирж.рынок - безадрес. РЕПО в ин. валюте: CNY Урегулирование РЕПО с ЦК Нерезиденты - безадрес. РПС с ЦК Нерезиденты: Акции и ДР - адрес. Урегулирование с ЦК Нерезиденты - безадрес. ОТС: Акции РПС с ЦК - адресные,"Акция обыкновенная, 1-01-50128-A, RU000A0ETZF2",,https://www.e-disclosure.ru/portal/company.aspx?id=7242,09.06.2014 00:00:00,,,,,,
190,24.03.2025 00:00:00,1483,Третий уровень,2875,Акции,Акция обыкновенная,акции обыкновенные,MRKY,RU000A0JPPG8,1-01-34956-E,20.09.2007 00:00:00,"Публичное акционерное общество ""Россети Юг""",6164266561,"0,1",Рубль,151641426354,27.06.2008 00:00:00,,,,,+,,,,,,,,,"26.02.2018 Включение в Третий уровень 09.06.2014 Включение в Второй уровень 12.07.2010 Включение в Котировальный список ""Б"" 15.01.2009 Включение в Перечень внесписочных ценных бумаг 27.06.2008 Включение в Котировальный список ""И""",,,,,РПС: Акции - адрес. РЕПО в ин. валюте: USD РЕПО c облигациями Т+ Неполные лоты (акции) РЕПО с ЦК 1 день РЕПО с ЦК Адресное Т+ Акции и ДР РПС с ЦК: Акции и ДР - адрес. РЕПО в ин. валюте: EUR РЕПО с ЦК 1 день (расч. в USD) РЕПО с ЦК 1 день (расч. в EUR) РЕПО с ЦК 7 дн. РЕПО с ЦК адр. (расч. в USD) РЕПО с ЦК адр.(расч. в EUR) РЕПО с ЦК 7 дней c расчетами в долларах США РЕПО с ЦК 7 дней c расчетами в евро Продажа обеспечения бирж.рынок - безадрес. РЕПО с ЦК адр. (расч. в CNY) РЕПО с ЦК 1 день (расч. в CNY) РЕПО в ин. валюте: CNY Урегулирование РЕПО с ЦК Нерезиденты - безадрес. РПС с ЦК Нерезиденты: Акции и ДР - адрес. Урегулирование с ЦК Нерезиденты - безадрес. РЕПО с ЦК 7 дн. (расч. в CNY) ОТС: Акции РПС с ЦК - адресные,,https://rosseti-yug.ru/,http://www.e-disclosure.ru/portal/company.aspx?id=11999,26.02.2018 00:00:00,,,,,,
191,24.03.2025 00:00:00,5294,Третий уровень,2884,Акции,Акция обыкновенная,акции обыкновенные,ROLO,RU000A0JU1B0,1-01-15065-A,13.08.2012 00:00:00,"Публичное акционерное общество ""Русолово""",7706774915,"0,1",Рубль,30001000000,08.08.2013 00:00:00,,,,,+,,,,,,,,,09.06.2014 Включение в Третий уровень 09.08.2013 Включение в Перечень внесписочных ценных бумаг,,,,,РПС: Акции - адрес. РЕПО в ин. валюте: USD РЕПО c облигациями Т+ Неполные лоты (акции) РЕПО с ЦК 1 день РЕПО с ЦК Адресное Т+ Акции и ДР РПС с ЦК: Акции и ДР - адрес. РЕПО в ин. валюте: EUR РЕПО с ЦК 1 день (расч. в USD) РЕПО с ЦК 1 день (расч. в EUR) РЕПО с ЦК 7 дн. РЕПО с ЦК адр. (расч. в USD) РЕПО с ЦК адр.(расч. в EUR) РЕПО с ЦК 7 дней c расчетами в долларах США РЕПО с ЦК 7 дней c расчетами в евро Продажа обеспечения бирж.рынок - безадрес. РЕПО с ЦК адр. (расч. в CNY) РЕПО с ЦК 1 день (расч. в CNY) РЕПО в ин. валюте: CNY Урегулирование РЕПО с ЦК Нерезиденты - безадрес. РПС с ЦК Нерезиденты: Акции и ДР - адрес. Урегулирование с ЦК Нерезиденты - безадрес. РЕПО с ЦК 7 дн. (расч. в CNY) ОТС: Акции РПС с ЦК - адресные,,http://rus-olovo.ru/,https://www.e-disclosure.ru/portal/company.aspx?id=31422,09.06.2014 00:00:00,,,,,,
192,24.03.2025 00:00:00,1185,Третий уровень,2885,Акции,Акция обыкновенная,акции обыкновенные,RZSB,RU000A0D9AF5,1-01-50092-A,04.03.2005 00:00:00,"Публичное акционерное общество ""Рязанская энергетическая сбытовая компания""",6229049014,"0,05",Рубль,206940220,12.09.2005 00:00:00,,,,,+,,,,,,,,,09.06.2014 Включение в Третий уровень 12.09.2005 Включение в Перечень внесписочных ценных бумаг,,,,,РПС: Акции - адрес. РЕПО в ин. валюте: USD РЕПО c облигациями Т+ Неполные лоты (акции) РЕПО с ЦК 1 день РЕПО с ЦК Адресное Т+ Акции и ДР РПС с ЦК: Акции и ДР - адрес. РЕПО в ин. валюте: EUR РЕПО с ЦК 1 день (расч. в USD) РЕПО с ЦК 1 день (расч. в EUR) РЕПО с ЦК 7 дн. РЕПО с ЦК адр. (расч. в USD) РЕПО с ЦК адр.(расч. в EUR) РЕПО с ЦК 7 дней c расчетами в долларах США РЕПО с ЦК 7 дней c расчетами в евро Продажа обеспечения бирж.рынок - безадрес. РЕПО с ЦК адр. (расч. в CNY) РЕПО с ЦК 1 день (расч. в CNY) РЕПО в ин. валюте: CNY Урегулирование РЕПО с ЦК Нерезиденты - безадрес. РПС с ЦК Нерезиденты: Акции и ДР - адрес. Урегулирование с ЦК Нерезиденты - безадрес. РЕПО с ЦК 7 дн. (расч. в CNY) ОТС: Акции РПС с ЦК - адресные,,,https://www.e-disclosure.ru/portal/company.aspx?id=5422,09.06.2014 00:00:00,,,,,,
193,24.03.2025 00:00:00,16585,Третий уровень,2892,Акции,Акция обыкновенная,акции обыкновенные,SPBE,RU000A0JQ9P9,1-01-55439-E,19.03.2009 00:00:00,"Публичное акционерное общество ""СПБ Биржа""",7801268965,"3,75",Рубль,132843907,15.11.2021 00:00:00,,,,,+,,,,,,,,,15.11.2021 Включение в Третий уровень,,,,,РПС: Акции - адрес. РЕПО в ин. валюте: USD РЕПО c облигациями РЕПО с ЦК 1 день РЕПО с ЦК Адресное Т+ Акции и ДР РПС с ЦК: Акции и ДР - адрес. РЕПО в ин. валюте: EUR Поставка по СК (акции) РЕПО с ЦК 1 день (расч. в USD) РЕПО с ЦК 1 день (расч. в EUR) РЕПО с ЦК 7 дн. РЕПО с ЦК адр. (расч. в USD) РЕПО с ЦК адр.(расч. в EUR) РЕПО с ЦК 7 дней c расчетами в долларах США РЕПО с ЦК 7 дней c расчетами в евро Продажа обеспечения бирж.рынок - безадрес. РЕПО с ЦК адр. (расч. в CNY) РЕПО с ЦК 1 день (расч. в CNY) РЕПО в ин. валюте: CNY Урегулирование РЕПО с ЦК Нерезиденты - безадрес. РПС с ЦК Нерезиденты: Акции и ДР - адрес. Урегулирование с ЦК Нерезиденты - безадрес. РЕПО с ЦК 7 дн. (расч. в CNY) ОТС: Акции РПС с ЦК - адресные,,,https://www.e-disclosure.ru/portal/company.aspx?id=4566,15.11.2021 00:00:00,,,,,,
194,24.03.2025 00:00:00,3913,Третий уровень,2893,Акции,Акция обыкновенная,акции обыкновенные,KRKN,RU0009100408,1-01-00248-A,05.06.2007 00:00:00,"Публичное акционерное общество ""Саратовский нефтеперерабатывающий завод""",6451114900,1,Рубль,748012,02.12.2011 00:00:00,,,,,+,,,,,,,,,09.06.2014 Включение в Третий уровень 02.12.2011 Включение в Перечень внесписочных ценных бумаг,,,,,РПС: Акции - адрес. РЕПО в ин. валюте: USD РЕПО c облигациями Т+ Акции и ДР РПС с ЦК: Акции и ДР - адрес. РЕПО в ин. валюте: EUR Продажа обеспечения бирж.рынок - безадрес. РЕПО в ин. валюте: CNY Урегулирование РЕПО с ЦК Нерезиденты - безадрес. РПС с ЦК Нерезиденты: Акции и ДР - адрес. Урегулирование с ЦК Нерезиденты - безадрес. ОТС: Акции РПС с ЦК - адресные,"Акция привилегированная, 2-01-00248-A, RU0009100416",,https://www.e-disclosure.ru/portal/company.aspx?id=3707,09.06.2014 00:00:00,,,,,,
195,24.03.2025 00:00:00,3914,Третий уровень,2894,Акции,Акция привилегированная,акции привилегированные,KRKNP,RU0009100416,2-01-00248-A,05.06.2007 00:00:00,"Публичное акционерное общество ""Саратовский нефтеперерабатывающий завод""",6451114900,1,Рубль,249337,02.12.2011 00:00:00,,,,,+,,,,,,,,,09.06.2014 Включение в Третий уровень 02.12.2011 Включение в Перечень внесписочных ценных бумаг,,,,,РПС: Акции - адрес. РЕПО в ин. валюте: USD РЕПО c облигациями РЕПО с ЦК 1 день РЕПО с ЦК Адресное Т+ Акции и ДР РПС с ЦК: Акции и ДР - адрес. РЕПО в ин. валюте: EUR РЕПО с ЦК 1 день (расч. в USD) РЕПО с ЦК 1 день (расч. в EUR) РЕПО с ЦК 7 дн. РЕПО с ЦК адр. (расч. в USD) РЕПО с ЦК адр.(расч. в EUR) РЕПО с ЦК 7 дней c расчетами в долларах США РЕПО с ЦК 7 дней c расчетами в евро Продажа обеспечения бирж.рынок - безадрес. РЕПО с ЦК адр. (расч. в CNY) РЕПО с ЦК 1 день (расч. в CNY) РЕПО в ин. валюте: CNY Урегулирование РЕПО с ЦК Нерезиденты - безадрес. РПС с ЦК Нерезиденты: Акции и ДР - адрес. Урегулирование с ЦК Нерезиденты - безадрес. РЕПО с ЦК 7 дн. (расч. в CNY) ОТС: Акции РПС с ЦК - адресные,"Акция обыкновенная, 1-01-00248-A, RU0009100408",,https://www.e-disclosure.ru/portal/company.aspx?id=3707,09.06.2014 00:00:00,,,,,,
196,24.03.2025 00:00:00,3749,Третий уровень,2896,Акции,Акция обыкновенная,акции обыкновенные,SARE,RU0009100754,1-02-00132-A,06.07.2006 00:00:00,"Публичное акционерное общество ""Саратовэнерго""",6450014808,"0,02",Рубль,4865127996,11.11.2011 00:00:00,,,,,+,,,,,,,,,09.06.2014 Включение в Третий уровень 11.11.2011 Включение в Перечень внесписочных ценных бумаг,,,,,РПС: Акции - адрес. РЕПО в ин. валюте: USD РЕПО c облигациями Т+ Неполные лоты (акции) Т+ Акции и ДР РПС с ЦК: Акции и ДР - адрес. РЕПО в ин. валюте: EUR Продажа обеспечения бирж.рынок - безадрес. РЕПО в ин. валюте: CNY Урегулирование РЕПО с ЦК Нерезиденты - безадрес. РПС с ЦК Нерезиденты: Акции и ДР - адрес. Урегулирование с ЦК Нерезиденты - безадрес. ОТС: Акции РПС с ЦК - адресные,"Акция привилегированная, 2-02-00132-A, RU0009100762",https://www.saratovenergo.ru,http://www.e-disclosure.ru/portal/company.aspx?id=3346,09.06.2014 00:00:00,,,,,,
197,24.03.2025 00:00:00,3750,Третий уровень,2897,Акции,Акция привилегированная,акции привилегированные,SAREP,RU0009100762,2-02-00132-A,06.07.2006 00:00:00,"Публичное акционерное общество ""Саратовэнерго""",6450014808,"0,02113",Рубль,1493316000,11.11.2011 00:00:00,,,,,+,,,,,,,,,09.06.2014 Включение в Третий уровень 11.11.2011 Включение в Перечень внесписочных ценных бумаг,,,,,РПС: Акции - адрес. РЕПО в ин. валюте: USD РЕПО c облигациями Т+ Неполные лоты (акции) Т+ Акции и ДР РПС с ЦК: Акции и ДР - адрес. РЕПО в ин. валюте: EUR Продажа обеспечения бирж.рынок - безадрес. РЕПО в ин. валюте: CNY Урегулирование РЕПО с ЦК Нерезиденты - безадрес. РПС с ЦК Нерезиденты: Акции и ДР - адрес. Урегулирование с ЦК Нерезиденты - безадрес. ОТС: Акции РПС с ЦК - адресные,"Акция обыкновенная, 1-02-00132-A, RU0009100754",https://www.saratovenergo.ru,http://www.e-disclosure.ru/portal/company.aspx?id=3346,09.06.2014 00:00:00,,,,,,
198,24.03.2025 00:00:00,12873,Третий уровень,3265,Акции,Акция обыкновенная,акции обыкновенные,SVET,RU000A100592,1-01-24350-J,10.04.2017 00:00:00,"Публичное акционерное общество ""Светофор Групп""",7814693830,1,Рубль,22333500,08.10.2020 00:00:00,,,,,+,,,,,,,,,08.10.2020 Включение в Третий уровень,,,,,РПС: Акции - адрес. РЕПО в ин. валюте: USD РЕПО c облигациями РЕПО с ЦК 1 день РЕПО с ЦК Адресное Т+ Акции и ДР РПС с ЦК: Акции и ДР - адрес. РЕПО в ин. валюте: EUR РЕПО с ЦК 1 день (расч. в USD) РЕПО с ЦК 1 день (расч. в EUR) РЕПО с ЦК 7 дн. РЕПО с ЦК адр. (расч. в USD) РЕПО с ЦК адр.(расч. в EUR) РЕПО с ЦК 7 дней c расчетами в долларах США РЕПО с ЦК 7 дней c расчетами в евро Продажа обеспечения бирж.рынок - безадрес. РЕПО с ЦК адр. (расч. в CNY) РЕПО с ЦК 1 день (расч. в CNY) РЕПО в ин. валюте: CNY Урегулирование РЕПО с ЦК Нерезиденты - безадрес. РПС с ЦК Нерезиденты: Акции и ДР - адрес. Урегулирование с ЦК Нерезиденты - безадрес. РЕПО с ЦК 7 дн. (расч. в CNY) ОТС: Акции РПС с ЦК - адресные,"Облигация биржевая, 4B02-02-24350-J-001P, RU000A1020W2 Акция привилегированная, 2-01-24350-J, RU000A1005A9",https://svetoforgroup.ru/ru/fin-pok,http://www.e-disclosure.ru/portal/company.aspx?id=37412,08.10.2020 00:00:00,,,,,,
199,24.03.2025 00:00:00,18798,Третий уровень,3266,Акции,Акция привилегированная,акции привилегированные,SVETP,RU000A1005A9,2-01-24350-J,10.04.2017 00:00:00,"Публичное акционерное общество ""Светофор Групп""",7814693830,1,Рубль,2481500,24.05.2024 00:00:00,,,,,+,,,,,,,,,24.05.2024 Включение в Третий уровень,,,,,РПС: Акции - адрес. РЕПО в ин. валюте: USD РЕПО c облигациями РЕПО с ЦК 1 день РЕПО с ЦК Адресное Т+ Акции и ДР РПС с ЦК: Акции и ДР - адрес. РЕПО в ин. валюте: EUR РЕПО с ЦК 1 день (расч. в USD) РЕПО с ЦК 1 день (расч. в EUR) РЕПО с ЦК 7 дн. РЕПО с ЦК адр. (расч. в USD) РЕПО с ЦК адр.(расч. в EUR) РЕПО с ЦК 7 дней c расчетами в долларах США РЕПО с ЦК 7 дней c расчетами в евро Продажа обеспечения бирж.рынок - безадрес. РЕПО с ЦК адр. (расч. в CNY) РЕПО с ЦК 1 день (расч. в CNY) РЕПО в ин. валюте: CNY Урегулирование РЕПО с ЦК Нерезиденты - безадрес. РПС с ЦК Нерезиденты: Акции и ДР - адрес. Урегулирование с ЦК Нерезиденты - безадрес. РЕПО с ЦК 7 дн. (расч. в CNY) ОТС: Акции РПС с ЦК - адресные,"Акция обыкновенная, 1-01-24350-J, RU000A100592 Облигация биржевая, 4B02-02-24350-J-001P, RU000A1020W2",https://svetoforgroup.ru/ru/fin-pok,http://www.e-disclosure.ru/portal/company.aspx?id=37412,24.05.2024 00:00:00,,,,,,
200,24.03.2025 00:00:00,338,Третий уровень,3272,Акции,Акция обыкновенная,акции обыкновенные,MFGS,RU0009011126,1-03-00149-A,12.07.1996 00:00:00,"Публичное акционерное общество ""Славнефть - Мегионнефтегаз""",8605003932,25,Рубль,99474705,16.12.2004 00:00:00,,,,,+,,,,,,,,,09.06.2014 Включение в Третий уровень 16.12.2004 Включение в Перечень внесписочных ценных бумаг,,,,,РПС: Акции - адрес. РЕПО в ин. валюте: USD РЕПО c облигациями Т+ Неполные лоты (акции) Т+ Акции и ДР РПС с ЦК: Акции и ДР - адрес. РЕПО в ин. валюте: EUR Продажа обеспечения бирж.рынок - безадрес. РЕПО в ин. валюте: CNY Урегулирование РЕПО с ЦК Нерезиденты - безадрес. РПС с ЦК Нерезиденты: Акции и ДР - адрес. Урегулирование с ЦК Нерезиденты - безадрес. ОТС: Акции РПС с ЦК - адресные,"Акция привилегированная, 2-03-00149-A, RU0009011134",http://www.e-disclosure.ru/portal/company.aspx?id=568,http://www.e-disclosure.ru/portal/company.aspx?id=568,09.06.2014 00:00:00,,,,,,
201,24.03.2025 00:00:00,339,Третий уровень,3273,Акции,Акция привилегированная,акции привилегированные,MFGSP,RU0009011134,2-03-00149-A,12.07.1996 00:00:00,"Публичное акционерное общество ""Славнефть - Мегионнефтегаз""",8605003932,25,Рубль,33056875,16.12.2004 00:00:00,,,,,+,,,,,,,,,09.06.2014 Включение в Третий уровень 16.12.2004 Включение в Перечень внесписочных ценных бумаг,,,,,РПС: Акции - адрес. РЕПО в ин. валюте: USD РЕПО c облигациями Т+ Неполные лоты (акции) Т+ Акции и ДР РПС с ЦК: Акции и ДР - адрес. РЕПО в ин. валюте: EUR Продажа обеспечения бирж.рынок - безадрес. РЕПО в ин. валюте: CNY Урегулирование РЕПО с ЦК Нерезиденты - безадрес. РПС с ЦК Нерезиденты: Акции и ДР - адрес. Урегулирование с ЦК Нерезиденты - безадрес. ОТС: Акции РПС с ЦК - адресные,"Акция обыкновенная, 1-03-00149-A, RU0009011126",http://www.e-disclosure.ru/portal/company.aspx?id=568,http://www.e-disclosure.ru/portal/company.aspx?id=568,09.06.2014 00:00:00,,,,,,
202,24.03.2025 00:00:00,1636,Третий уровень,3274,Акции,Акция обыкновенная,акции обыкновенные,JNOS,RU0009100895,1-01-00199-A,27.06.2003 00:00:00,"Публичное акционерное общество ""Славнефть-Ярославнефтеоргсинтез""",7601001107,1,Рубль,932654723,10.10.2008 00:00:00,,,,,+,,,,,,,,,09.06.2014 Включение в Третий уровень 10.10.2008 Включение в Перечень внесписочных ценных бумаг,,,,,РПС: Акции - адрес. РЕПО в ин. валюте: USD РЕПО c облигациями Т+ Неполные лоты (акции) Т+ Акции и ДР РПС с ЦК: Акции и ДР - адрес. РЕПО в ин. валюте: EUR Продажа обеспечения бирж.рынок - безадрес. РЕПО в ин. валюте: CNY Урегулирование РЕПО с ЦК Нерезиденты - безадрес. РПС с ЦК Нерезиденты: Акции и ДР - адрес. Урегулирование с ЦК Нерезиденты - безадрес. ОТС: Акции РПС с ЦК - адресные,"Акция привилегированная, 2-01-00199-A, RU0009101927",,https://www.e-disclosure.ru/portal/company.aspx?id=947,09.06.2014 00:00:00,,,,,,
203,24.03.2025 00:00:00,2983,Третий уровень,3275,Акции,Акция привилегированная,акции привилегированные,JNOSP,RU0009101927,2-01-00199-A,27.06.2003 00:00:00,"Публичное акционерное общество ""Славнефть-Ярославнефтеоргсинтез""",7601001107,1,Рубль,310884574,21.07.2010 00:00:00,,,,,+,,,,,,,,,09.06.2014 Включение в Третий уровень 21.07.2010 Включение в Перечень внесписочных ценных бумаг,,,,,РПС: Акции - адрес. РЕПО в ин. валюте: USD РЕПО c облигациями Т+ Неполные лоты (акции) Т+ Акции и ДР РПС с ЦК: Акции и ДР - адрес. РЕПО в ин. валюте: EUR Продажа обеспечения бирж.рынок - безадрес. РЕПО в ин. валюте: CNY Урегулирование РЕПО с ЦК Нерезиденты - безадрес. РПС с ЦК Нерезиденты: Акции и ДР - адрес. Урегулирование с ЦК Нерезиденты - безадрес. ОТС: Акции РПС с ЦК - адресные,"Акция обыкновенная, 1-01-00199-A, RU0009100895",,https://www.e-disclosure.ru/portal/company.aspx?id=947,09.06.2014 00:00:00,,,,,,
204,24.03.2025 00:00:00,18758,Третий уровень,3276,Акции,Акция обыкновенная,акции обыкновенные,CARM,RU000A105NV2,1-01-03536-G,27.09.2022 00:00:00,"Публичное акционерное общество ""СмартТехГрупп""",9704168849,1,Рубль,2203330301,20.06.2023 00:00:00,,,,,+,,,,,,,,,03.07.2023 Включение в Третий уровень,,,,,РПС: Акции - адрес. РЕПО в ин. валюте: USD РЕПО c облигациями Т+ Неполные лоты (акции) РЕПО с ЦК 1 день РЕПО с ЦК Адресное Т+ Акции и ДР РПС с ЦК: Акции и ДР - адрес. РЕПО в ин. валюте: EUR РЕПО с ЦК 1 день (расч. в USD) РЕПО с ЦК 1 день (расч. в EUR) РЕПО с ЦК 7 дн. РЕПО с ЦК адр. (расч. в USD) РЕПО с ЦК адр.(расч. в EUR) РЕПО с ЦК 7 дней c расчетами в долларах США РЕПО с ЦК 7 дней c расчетами в евро Продажа обеспечения бирж.рынок - безадрес. РЕПО с ЦК адр. (расч. в CNY) РЕПО с ЦК 1 день (расч. в CNY) РЕПО в ин. валюте: CNY Урегулирование РЕПО с ЦК Нерезиденты - безадрес. РПС с ЦК Нерезиденты: Акции и ДР - адрес. Урегулирование с ЦК Нерезиденты - безадрес. РЕПО с ЦК 7 дн. (расч. в CNY) ОТС: Акции РПС с ЦК - адресные,,https://smarttechgroup.pro/disclosure/adres-stranitsy-raskrytiya-info,https://e-disclosure.ru/portal/company.aspx?id=38808&attempt=1,03.07.2023 00:00:00,,,,,,
205,24.03.2025 00:00:00,1199,Третий уровень,3287,Акции,Акция обыкновенная,акции обыкновенные,STSB,RU000A0ET1W4,1-01-50119-A,02.06.2005 00:00:00,"Публичное акционерное общество ""Ставропольэнергосбыт""",2626033550,"0,00483332218",Рубль,859074636,24.03.2008 00:00:00,,,,,+,,,,,,,+,,09.06.2014 Включение в Третий уровень 24.03.2008 Включение в Перечень внесписочных ценных бумаг,,,,,РПС: Акции - адрес. РЕПО в ин. валюте: USD РЕПО c облигациями Т+ Неполные лоты (акции) Т+ Акции и ДР РПС с ЦК: Акции и ДР - адрес. РЕПО в ин. валюте: EUR Продажа обеспечения бирж.рынок - безадрес. РЕПО в ин. валюте: CNY Урегулирование РЕПО с ЦК Нерезиденты - безадрес. РПС с ЦК Нерезиденты: Акции и ДР - адрес. Урегулирование с ЦК Нерезиденты - безадрес. ОТС: Акции РПС с ЦК - адресные,"Акция привилегированная, 2-01-50119-A, RU000A0ET1Z7",https://www.staves.ru/,http://www.e-disclosure.ru/portal/company.aspx?id=7416,09.06.2014 00:00:00,,,,,,
206,24.03.2025 00:00:00,1200,Третий уровень,3288,Акции,Акция привилегированная,акции привилегированные,STSBP,RU000A0ET1Z7,2-01-50119-A,02.06.2005 00:00:00,"Публичное акционерное общество ""Ставропольэнергосбыт""",2626033550,"0,00483332218",Рубль,262100364,24.03.2008 00:00:00,,,,,+,,,,,,,+,,09.06.2014 Включение в Третий уровень 24.03.2008 Включение в Перечень внесписочных ценных бумаг,,,,,РПС: Акции - адрес. РЕПО в ин. валюте: USD РЕПО c облигациями Т+ Неполные лоты (акции) Т+ Акции и ДР РПС с ЦК: Акции и ДР - адрес. РЕПО в ин. валюте: EUR Продажа обеспечения бирж.рынок - безадрес. РЕПО в ин. валюте: CNY Урегулирование РЕПО с ЦК Нерезиденты - безадрес. РПС с ЦК Нерезиденты: Акции и ДР - адрес. Урегулирование с ЦК Нерезиденты - безадрес. ОТС: Акции РПС с ЦК - адресные,"Акция обыкновенная, 1-01-50119-A, RU000A0ET1W4",https://www.staves.ru/,http://www.e-disclosure.ru/portal/company.aspx?id=7416,09.06.2014 00:00:00,,,,,,
207,24.03.2025 00:00:00,1255,Третий уровень,3289,Акции,Акция обыкновенная,акции обыкновенные,VRSB,RU000A0DPG67,1-01-55029-E,30.11.2004 00:00:00,"Публичное акционерное общество ""ТНС энерго Воронеж""",3663050467,"0,4",Рубль,56151024,02.12.2011 00:00:00,,,,,+,,,,,,,,,09.06.2014 Включение в Третий уровень 02.12.2011 Включение в Перечень внесписочных ценных бумаг 10.10.2005 Включение в Перечень внесписочных ценных бумаг,,,,,РПС: Акции - адрес. РЕПО в ин. валюте: USD РЕПО c облигациями Т+ Неполные лоты (акции) РЕПО с ЦК 1 день РЕПО с ЦК Адресное Т+ Акции и ДР РПС с ЦК: Акции и ДР - адрес. РЕПО в ин. валюте: EUR РЕПО с ЦК 1 день (расч. в USD) РЕПО с ЦК 1 день (расч. в EUR) РЕПО с ЦК 7 дн. РЕПО с ЦК адр. (расч. в USD) РЕПО с ЦК адр.(расч. в EUR) РЕПО с ЦК 7 дней c расчетами в долларах США РЕПО с ЦК 7 дней c расчетами в евро Продажа обеспечения бирж.рынок - безадрес. РЕПО с ЦК адр. (расч. в CNY) РЕПО с ЦК 1 день (расч. в CNY) РЕПО в ин. валюте: CNY Урегулирование РЕПО с ЦК Нерезиденты - безадрес. РПС с ЦК Нерезиденты: Акции и ДР - адрес. Урегулирование с ЦК Нерезиденты - безадрес. РЕПО с ЦК 7 дн. (расч. в CNY) ОТС: Акции РПС с ЦК - адресные,"Акция привилегированная, 2-01-55029-E, RU000A0DPG75",,https://www.e-disclosure.ru/portal/company.aspx?id=4717,09.06.2014 00:00:00,,,,,,
208,24.03.2025 00:00:00,1256,Третий уровень,3290,Акции,Акция привилегированная,акции привилегированные,VRSBP,RU000A0DPG75,2-01-55029-E,30.11.2004 00:00:00,"Публичное акционерное общество ""ТНС энерго Воронеж""",3663050467,"0,4",Рубль,18716678,02.12.2011 00:00:00,,,,,+,,,,,,,,,09.06.2014 Включение в Третий уровень 02.12.2011 Включение в Перечень внесписочных ценных бумаг 10.10.2005 Включение в Перечень внесписочных ценных бумаг,,,,,РПС: Акции - адрес. РЕПО в ин. валюте: USD РЕПО c облигациями Т+ Неполные лоты (акции) Т+ Акции и ДР РПС с ЦК: Акции и ДР - адрес. РЕПО в ин. валюте: EUR Продажа обеспечения бирж.рынок - безадрес. РЕПО в ин. валюте: CNY Урегулирование РЕПО с ЦК Нерезиденты - безадрес. РПС с ЦК Нерезиденты: Акции и ДР - адрес. Урегулирование с ЦК Нерезиденты - безадрес. ОТС: Акции РПС с ЦК - адресные,"Акция обыкновенная, 1-01-55029-E, RU000A0DPG67",,https://www.e-disclosure.ru/portal/company.aspx?id=4717,09.06.2014 00:00:00,,,,,,
209,24.03.2025 00:00:00,248,Третий уровень,3291,Акции,Акция обыкновенная,акции обыкновенные,KBSB,RU000A0JNJ11,1-01-55218-E,14.09.2006 00:00:00,"Публичное акционерное общество ""ТНС энерго Кубань""",2308119595,"0,56",Рубль,17869440,04.02.2008 00:00:00,,,,,+,,,,,,,,,09.06.2014 Включение в Третий уровень 04.02.2008 Включение в Перечень внесписочных ценных бумаг,,,,,РПС: Акции - адрес. РЕПО в ин. валюте: USD РЕПО c облигациями Т+ Неполные лоты (акции) Т+ Акции и ДР РПС с ЦК: Акции и ДР - адрес. РЕПО в ин. валюте: EUR Продажа обеспечения бирж.рынок - безадрес. РЕПО в ин. валюте: CNY Урегулирование РЕПО с ЦК Нерезиденты - безадрес. РПС с ЦК Нерезиденты: Акции и ДР - адрес. Урегулирование с ЦК Нерезиденты - безадрес. ОТС: Акции РПС с ЦК - адресные,,,https://www.e-disclosure.ru/portal/company.aspx?id=10624,09.06.2014 00:00:00,,,,,,
210,24.03.2025 00:00:00,274,Третий уровень,3292,Акции,Акция обыкновенная,акции обыкновенные,MISB,RU000A0D8K33,1-01-50086-A,01.03.2005 00:00:00,"Публичное акционерное общество ""ТНС энерго Марий Эл""",1215099739,"0,1",Рубль,121847780,23.11.2011 00:00:00,,,,,+,,,,,,,,,09.06.2014 Включение в Третий уровень 23.11.2011 Включение в Перечень внесписочных ценных бумаг 22.08.2005 Включение в Перечень внесписочных ценных бумаг,,,,,РПС: Акции - адрес. РЕПО в ин. валюте: USD РЕПО c облигациями Т+ Неполные лоты (акции) Т+ Акции и ДР РПС с ЦК: Акции и ДР - адрес. РЕПО в ин. валюте: EUR Продажа обеспечения бирж.рынок - безадрес. РЕПО в ин. валюте: CNY Урегулирование РЕПО с ЦК Нерезиденты - безадрес. РПС с ЦК Нерезиденты: Акции и ДР - адрес. Урегулирование с ЦК Нерезиденты - безадрес. ОТС: Акции РПС с ЦК - адресные,"Акция привилегированная, 2-01-50086-A, RU000A0D8K41",,https://www.e-disclosure.ru/portal/company.aspx?id=6070,09.06.2014 00:00:00,,,,,,
211,24.03.2025 00:00:00,275,Третий уровень,3293,Акции,Акция привилегированная,акции привилегированные,MISBP,RU000A0D8K41,2-01-50086-A,01.03.2005 00:00:00,"Публичное акционерное общество ""ТНС энерго Марий Эл""",1215099739,"0,1",Рубль,10652220,23.11.2011 00:00:00,,,,,+,,,,,,,,,09.06.2014 Включение в Третий уровень 23.11.2011 Включение в Перечень внесписочных ценных бумаг 22.08.2005 Включение в Перечень внесписочных ценных бумаг,,,,,РПС: Акции - адрес. РЕПО в ин. валюте: USD РЕПО c облигациями Т+ Неполные лоты (акции) Т+ Акции и ДР РПС с ЦК: Акции и ДР - адрес. РЕПО в ин. валюте: EUR Продажа обеспечения бирж.рынок - безадрес. РЕПО в ин. валюте: CNY Урегулирование РЕПО с ЦК Нерезиденты - безадрес. РПС с ЦК Нерезиденты: Акции и ДР - адрес. Урегулирование с ЦК Нерезиденты - безадрес. ОТС: Акции РПС с ЦК - адресные,"Акция обыкновенная, 1-01-50086-A, RU000A0D8K33",,https://www.e-disclosure.ru/portal/company.aspx?id=6070,09.06.2014 00:00:00,,,,,,
212,24.03.2025 00:00:00,287,Третий уровень,3294,Акции,Акция обыкновенная,акции обыкновенные,NNSB,RU000A0ET5A1,1-01-55072-E,26.05.2005 00:00:00,"Публичное акционерное общество ""ТНС энерго Нижний Новгород""",5260148520,"11,88",Рубль,3919400,07.11.2005 00:00:00,,,,,+,,,,,,,,,09.06.2014 Включение в Третий уровень 07.11.2005 Включение в Перечень внесписочных ценных бумаг,,,,,РПС: Акции - адрес. РЕПО в ин. валюте: USD РЕПО c облигациями Т+ Акции и ДР РПС с ЦК: Акции и ДР - адрес. РЕПО в ин. валюте: EUR Продажа обеспечения бирж.рынок - безадрес. РЕПО в ин. валюте: CNY Урегулирование РЕПО с ЦК Нерезиденты - безадрес. РПС с ЦК Нерезиденты: Акции и ДР - адрес. Урегулирование с ЦК Нерезиденты - безадрес. ОТС: Акции РПС с ЦК - адресные,"Акция привилегированная, 2-01-55072-E, RU000A0ET5B9",https://nn.tns-e.ru/disclosure/,https://www.e-disclosure.ru/portal/company.aspx?id=7022,09.06.2014 00:00:00,,,,,,
213,24.03.2025 00:00:00,288,Третий уровень,3295,Акции,Акция привилегированная,акции привилегированные,NNSBP,RU000A0ET5B9,2-01-55072-E,26.05.2005 00:00:00,"Публичное акционерное общество ""ТНС энерго Нижний Новгород""",5260148520,"11,88",Рубль,1063512,07.11.2005 00:00:00,,,,,+,,,,,,,,,09.06.2014 Включение в Третий уровень 07.11.2005 Включение в Перечень внесписочных ценных бумаг,,,,,РПС: Акции - адрес. РЕПО в ин. валюте: USD РЕПО c облигациями Т+ Акции и ДР РПС с ЦК: Акции и ДР - адрес. РЕПО в ин. валюте: EUR Продажа обеспечения бирж.рынок - безадрес. РЕПО в ин. валюте: CNY Урегулирование РЕПО с ЦК Нерезиденты - безадрес. РПС с ЦК Нерезиденты: Акции и ДР - адрес. Урегулирование с ЦК Нерезиденты - безадрес. ОТС: Акции РПС с ЦК - адресные,"Акция обыкновенная, 1-01-55072-E, RU000A0ET5A1",https://nn.tns-e.ru/disclosure/,https://www.e-disclosure.ru/portal/company.aspx?id=7022,09.06.2014 00:00:00,,,,,,
214,24.03.2025 00:00:00,316,Третий уровень,3296,Акции,Акция обыкновенная,акции обыкновенные,RTSB,RU000A0D8PB4,1-01-50095-A,10.03.2005 00:00:00,"Публичное акционерное общество ""ТНС энерго Ростов-на-Дону""",6168002922,"0,02",Рубль,8128764676,19.12.2005 00:00:00,,,,,+,,,,,,,,,09.06.2014 Включение в Третий уровень 19.12.2005 Включение в Перечень внесписочных ценных бумаг,,,,,РПС: Акции - адрес. РЕПО в ин. валюте: USD РЕПО c облигациями Т+ Неполные лоты (акции) Т+ Акции и ДР РПС с ЦК: Акции и ДР - адрес. РЕПО в ин. валюте: EUR Продажа обеспечения бирж.рынок - безадрес. РЕПО в ин. валюте: CNY Урегулирование РЕПО с ЦК Нерезиденты - безадрес. РПС с ЦК Нерезиденты: Акции и ДР - адрес. Урегулирование с ЦК Нерезиденты - безадрес. ОТС: Акции РПС с ЦК - адресные,"Акция привилегированная, 2-01-50095-A, RU000A0D8PC2",https://rostov.tns-e.ru/population/,https://www.e-disclosure.ru/portal/company.aspx?id=6930,09.06.2014 00:00:00,,,,,,
215,24.03.2025 00:00:00,317,Третий уровень,3297,Акции,Акция привилегированная,акции привилегированные,RTSBP,RU000A0D8PC2,2-01-50095-A,10.03.2005 00:00:00,"Публичное акционерное общество ""ТНС энерго Ростов-на-Дону""",6168002922,"0,02",Рубль,925737256,19.12.2005 00:00:00,,,,,+,,,,,,,,,09.06.2014 Включение в Третий уровень 19.12.2005 Включение в Перечень внесписочных ценных бумаг,,,,,РПС: Акции - адрес. РЕПО в ин. валюте: USD РЕПО c облигациями Т+ Неполные лоты (акции) Т+ Акции и ДР РПС с ЦК: Акции и ДР - адрес. РЕПО в ин. валюте: EUR Продажа обеспечения бирж.рынок - безадрес. РЕПО в ин. валюте: CNY Урегулирование РЕПО с ЦК Нерезиденты - безадрес. РПС с ЦК Нерезиденты: Акции и ДР - адрес. Урегулирование с ЦК Нерезиденты - безадрес. ОТС: Акции РПС с ЦК - адресные,"Акция обыкновенная, 1-01-50095-A, RU000A0D8PB4",https://rostov.tns-e.ru/population/,https://www.e-disclosure.ru/portal/company.aspx?id=6930,09.06.2014 00:00:00,,,,,,
216,24.03.2025 00:00:00,1274,Третий уровень,3298,Акции,Акция обыкновенная,акции обыкновенные,YRSB,RU000A0D8760,1-01-50099-A,10.03.2005 00:00:00,"Публичное акционерное общество ""ТНС энерго Ярославль""",7606052264,1,Рубль,17143584,02.12.2011 00:00:00,,,,,+,,,,,,,,,09.06.2014 Включение в Третий уровень 02.12.2011 Включение в Перечень внесписочных ценных бумаг 22.08.2005 Включение в Перечень внесписочных ценных бумаг,,,,,РПС: Акции - адрес. РЕПО в ин. валюте: USD РЕПО c облигациями Т+ Неполные лоты (акции) Т+ Акции и ДР РПС с ЦК: Акции и ДР - адрес. РЕПО в ин. валюте: EUR Продажа обеспечения бирж.рынок - безадрес. РЕПО в ин. валюте: CNY Урегулирование РЕПО с ЦК Нерезиденты - безадрес. РПС с ЦК Нерезиденты: Акции и ДР - адрес. Урегулирование с ЦК Нерезиденты - безадрес. ОТС: Акции РПС с ЦК - адресные,"Акция привилегированная, 2-01-50099-A, RU000A0D88B3",,https://www.e-disclosure.ru/portal/company.aspx?id=6050,09.06.2014 00:00:00,,,,,,
217,24.03.2025 00:00:00,1275,Третий уровень,3299,Акции,Акция привилегированная,акции привилегированные,YRSBP,RU000A0D88B3,2-01-50099-A,10.03.2005 00:00:00,"Публичное акционерное общество ""ТНС энерго Ярославль""",7606052264,1,Рубль,4507320,02.12.2011 00:00:00,,,,,+,,,,,,,,,09.06.2014 Включение в Третий уровень 02.12.2011 Включение в Перечень внесписочных ценных бумаг 22.08.2005 Включение в Перечень внесписочных ценных бумаг,,,,,РПС: Акции - адрес. РЕПО в ин. валюте: USD РЕПО c облигациями Т+ Неполные лоты (акции) Т+ Акции и ДР РПС с ЦК: Акции и ДР - адрес. РЕПО в ин. валюте: EUR Продажа обеспечения бирж.рынок - безадрес. РЕПО в ин. валюте: CNY Урегулирование РЕПО с ЦК Нерезиденты - безадрес. РПС с ЦК Нерезиденты: Акции и ДР - адрес. Урегулирование с ЦК Нерезиденты - безадрес. ОТС: Акции РПС с ЦК - адресные,"Акция обыкновенная, 1-01-50099-A, RU000A0D8760",,https://www.e-disclosure.ru/portal/company.aspx?id=6050,09.06.2014 00:00:00,,,,,,
218,24.03.2025 00:00:00,3916,Третий уровень,3301,Акции,Акция привилегированная,акции привилегированные,KRKOP,RU0009098131,2-01-30301-E,05.11.2004 00:00:00,"Публичное акционерное общество ""Таганрогский котлостроительный завод ""Красный котельщик""",6154023009,1,Рубль,71086000,02.12.2011 00:00:00,,,,,+,,,,,,,+,,09.06.2014 Включение в Третий уровень 02.12.2011 Включение в Перечень внесписочных ценных бумаг,,,,,РПС: Акции - адрес. РЕПО в ин. валюте: USD РЕПО c облигациями Т+ Неполные лоты (акции) Т+ Акции и ДР РПС с ЦК: Акции и ДР - адрес. РЕПО в ин. валюте: EUR Продажа обеспечения бирж.рынок - безадрес. РЕПО в ин. валюте: CNY Урегулирование РЕПО с ЦК Нерезиденты - безадрес. РПС с ЦК Нерезиденты: Акции и ДР - адрес. Урегулирование с ЦК Нерезиденты - безадрес. ОТС: Акции РПС с ЦК - адресные,,,https://www.e-disclosure.ru/portal/company.aspx?id=222,09.06.2014 00:00:00,,,,,,
219,24.03.2025 00:00:00,1205,Третий уровень,3302,Акции,Акция обыкновенная,акции обыкновенные,TASB,RU000A0D8NG8,1-01-65100-D,31.03.2005 00:00:00,"Публичное акционерное общество ""Тамбовская энергосбытовая компания""",6829010210,"0,02",Рубль,1525986880,03.08.2005 00:00:00,,,,,+,,,,,,,,,09.06.2014 Включение в Третий уровень 03.08.2005 Включение в Перечень внесписочных ценных бумаг,,,,,РПС: Акции - адрес. РЕПО в ин. валюте: USD РЕПО c облигациями Т+ Неполные лоты (акции) Т+ Акции и ДР РПС с ЦК: Акции и ДР - адрес. РЕПО в ин. валюте: EUR Продажа обеспечения бирж.рынок - безадрес. РЕПО в ин. валюте: CNY Урегулирование РЕПО с ЦК Нерезиденты - безадрес. РПС с ЦК Нерезиденты: Акции и ДР - адрес. Урегулирование с ЦК Нерезиденты - безадрес. ОТС: Акции РПС с ЦК - адресные,"Акция привилегированная, 2-01-65100-D, RU000A0D8NH6",,https://www.e-disclosure.ru/portal/company.aspx?id=5121,09.06.2014 00:00:00,,,,,,
220,24.03.2025 00:00:00,1206,Третий уровень,3303,Акции,Акция привилегированная,акции привилегированные,TASBP,RU000A0D8NH6,2-01-65100-D,31.03.2005 00:00:00,"Публичное акционерное общество ""Тамбовская энергосбытовая компания""",6829010210,"0,02",Рубль,217961420,03.08.2005 00:00:00,,,,,+,,,,,,,,,09.06.2014 Включение в Третий уровень 03.08.2005 Включение в Перечень внесписочных ценных бумаг,,,,,РПС: Акции - адрес. РЕПО в ин. валюте: USD РЕПО c облигациями Т+ Неполные лоты (акции) Т+ Акции и ДР РПС с ЦК: Акции и ДР - адрес. РЕПО в ин. валюте: EUR Продажа обеспечения бирж.рынок - безадрес. РЕПО в ин. валюте: CNY Урегулирование РЕПО с ЦК Нерезиденты - безадрес. РПС с ЦК Нерезиденты: Акции и ДР - адрес. Урегулирование с ЦК Нерезиденты - безадрес. ОТС: Акции РПС с ЦК - адресные,"Акция обыкновенная, 1-01-65100-D, RU000A0D8NG8",,https://www.e-disclosure.ru/portal/company.aspx?id=5121,09.06.2014 00:00:00,,,,,,
221,24.03.2025 00:00:00,1231,Третий уровень,3304,Акции,Акция обыкновенная,акции обыкновенные,TTLK,RU000A0HM5C1,1-02-50049-A,12.01.2006 00:00:00,"Публичное акционерное общество ""Таттелеком""",1681000024,"0,1",Рубль,20843976400,19.03.2007 00:00:00,,,,,+,,,,,,,,,"09.06.2014 Включение в Третий уровень 13.02.2009 Включение в Перечень внесписочных ценных бумаг 28.07.2008 Включение в Котировальный список ""Б"" 19.03.2007 Включение в Перечень внесписочных ценных бумаг",,,,,РПС: Акции - адрес. РЕПО в ин. валюте: USD РЕПО c облигациями Т+ Неполные лоты (акции) РЕПО с ЦК 1 день РЕПО с ЦК Адресное Т+ Акции и ДР РПС с ЦК: Акции и ДР - адрес. РЕПО в ин. валюте: EUR РЕПО с ЦК 1 день (расч. в USD) РЕПО с ЦК 1 день (расч. в EUR) РЕПО с ЦК 7 дн. РЕПО с ЦК адр. (расч. в USD) РЕПО с ЦК адр.(расч. в EUR) РЕПО с ЦК 7 дней c расчетами в долларах США РЕПО с ЦК 7 дней c расчетами в евро Продажа обеспечения бирж.рынок - безадрес. РЕПО с ЦК адр. (расч. в CNY) РЕПО с ЦК 1 день (расч. в CNY) РЕПО в ин. валюте: CNY Урегулирование РЕПО с ЦК Нерезиденты - безадрес. РПС с ЦК Нерезиденты: Акции и ДР - адрес. Урегулирование с ЦК Нерезиденты - безадрес. РЕПО с ЦК 7 дн. (расч. в CNY) ОТС: Акции РПС с ЦК - адресные,,https://www.e-disclosure.ru/portal/company.aspx?id=814,https://www.e-disclosure.ru/portal/company.aspx?id=814,09.06.2014 00:00:00,,,,,,
222,24.03.2025 00:00:00,1210,Третий уровень,3309,Акции,Акция обыкновенная,акции обыкновенные,TGKB,RU000A0JNGS7,1-01-10420-A,14.05.2005 00:00:00,"Публичное акционерное общество ""Территориальная генерирующая компания №2""",7606053324,"0,01",Рубль,1458404850747,20.03.2007 00:00:00,,,,,+,,,,+,+,,,,"31.01.2017 Включение в Третий уровень 09.06.2014 Включение в Второй уровень 20.03.2007 Включение в Котировальный список ""Б""",,,,,РПС: Акции - адрес. РЕПО в ин. валюте: USD РЕПО c облигациями Т+ Неполные лоты (акции) РЕПО с ЦК 1 день РЕПО с ЦК Адресное Т+ Акции и ДР РПС с ЦК: Акции и ДР - адрес. РЕПО в ин. валюте: EUR РЕПО с ЦК 1 день (расч. в USD) РЕПО с ЦК 1 день (расч. в EUR) РЕПО с ЦК 7 дн. РЕПО с ЦК адр. (расч. в USD) РЕПО с ЦК адр.(расч. в EUR) РЕПО с ЦК 7 дней c расчетами в долларах США РЕПО с ЦК 7 дней c расчетами в евро Продажа обеспечения бирж.рынок - безадрес. РЕПО с ЦК адр. (расч. в CNY) РЕПО с ЦК 1 день (расч. в CNY) РЕПО в ин. валюте: CNY Урегулирование РЕПО с ЦК Нерезиденты - безадрес. РПС с ЦК Нерезиденты: Акции и ДР - адрес. Урегулирование с ЦК Нерезиденты - безадрес. РЕПО с ЦК 7 дн. (расч. в CNY) ОТС: Акции РПС с ЦК - адресные,"Акция привилегированная, 2-01-10420-A, RU000A0JNGT5",http://www.tgc-2.ru/investors/disclosure/,http://www.e-disclosure.ru/portal/company.aspx?id=7968,31.01.2017 00:00:00,,,,,,
223,24.03.2025 00:00:00,1211,Третий уровень,3310,Акции,Акция привилегированная,акции привилегированные,TGKBP,RU000A0JNGT5,2-01-10420-A,29.06.2006 00:00:00,"Публичное акционерное общество ""Территориальная генерирующая компания №2""",7606053324,"0,01",Рубль,16500533681,13.10.2006 00:00:00,,,,,+,,,,+,+,,,,09.06.2014 Включение в Третий уровень 13.10.2006 Включение в Перечень внесписочных ценных бумаг,,,,,РПС: Акции - адрес. РЕПО в ин. валюте: USD РЕПО c облигациями Т+ Неполные лоты (акции) РЕПО с ЦК 1 день РЕПО с ЦК Адресное Т+ Акции и ДР РПС с ЦК: Акции и ДР - адрес. РЕПО в ин. валюте: EUR РЕПО с ЦК 1 день (расч. в USD) РЕПО с ЦК 1 день (расч. в EUR) РЕПО с ЦК 7 дн. РЕПО с ЦК адр. (расч. в USD) РЕПО с ЦК адр.(расч. в EUR) РЕПО с ЦК 7 дней c расчетами в долларах США РЕПО с ЦК 7 дней c расчетами в евро Продажа обеспечения бирж.рынок - безадрес. РЕПО с ЦК адр. (расч. в CNY) РЕПО с ЦК 1 день (расч. в CNY) РЕПО в ин. валюте: CNY Урегулирование РЕПО с ЦК Нерезиденты - безадрес. РПС с ЦК Нерезиденты: Акции и ДР - адрес. Урегулирование с ЦК Нерезиденты - безадрес. РЕПО с ЦК 7 дн. (расч. в CNY) ОТС: Акции РПС с ЦК - адресные,"Акция обыкновенная, 1-01-10420-A, RU000A0JNGS7",http://www.tgc-2.ru/investors/disclosure/,http://www.e-disclosure.ru/portal/company.aspx?id=7968,09.06.2014 00:00:00,,,,,,
224,24.03.2025 00:00:00,1548,Третий уровень,3316,Акции,Акция обыкновенная,акции обыкновенные,TUZA,RU000A0HL7A2,1-01-30455-D,13.09.2006 00:00:00,"Публичное акционерное общество ""Туймазинский завод автобетоновозов""",0269008334,10,Рубль,8220000,04.08.2008 00:00:00,,,,,+,,,,,,,+,,09.06.2014 Включение в Третий уровень 04.08.2008 Включение в Перечень внесписочных ценных бумаг,,,,,РПС: Акции - адрес. РЕПО в ин. валюте: USD РЕПО c облигациями Т+ Неполные лоты (акции) Т+ Акции и ДР РПС с ЦК: Акции и ДР - адрес. РЕПО в ин. валюте: EUR Продажа обеспечения бирж.рынок - безадрес. РЕПО в ин. валюте: CNY Урегулирование РЕПО с ЦК Нерезиденты - безадрес. РПС с ЦК Нерезиденты: Акции и ДР - адрес. Урегулирование с ЦК Нерезиденты - безадрес. ОТС: Акции РПС с ЦК - адресные,,http://www.e-disclosure.ru/portal/company.aspx?id=1355,http://www.e-disclosure.ru/portal/company.aspx?id=1355,09.06.2014 00:00:00,,,,,,
225,24.03.2025 00:00:00,1537,Третий уровень,3317,Акции,Акция обыкновенная,акции обыкновенные,UKUZ,RU0005294775,1-02-10591-F,11.12.2003 00:00:00,"Публичное акционерное общество ""Угольная компания ""Южный Кузбасс""",4214000608,"0,04",Рубль,36149002,04.08.2008 00:00:00,,,,,+,,,,,,,+,,09.06.2014 Включение в Третий уровень 04.08.2008 Включение в Перечень внесписочных ценных бумаг,,,,,РПС: Акции - адрес. РЕПО в ин. валюте: USD РЕПО c облигациями Т+ Акции и ДР РПС с ЦК: Акции и ДР - адрес. РЕПО в ин. валюте: EUR Продажа обеспечения бирж.рынок - безадрес. РЕПО в ин. валюте: CNY Урегулирование РЕПО с ЦК Нерезиденты - безадрес. РПС с ЦК Нерезиденты: Акции и ДР - адрес. Урегулирование с ЦК Нерезиденты - безадрес. ОТС: Акции РПС с ЦК - адресные,,http://www.ukuzbass.ru,http://www.e-disclosure.ru/portal/company.aspx?id=1411,09.06.2014 00:00:00,,,,,,
226,24.03.2025 00:00:00,4257,Третий уровень,3318,Акции,Акция обыкновенная,акции обыкновенные,URKZ,RU000A0JPFY2,1-01-32341-D,22.05.2009 00:00:00,"Публичное акционерное общество ""Уральская кузница""",7420000133,1,Рубль,547761,04.05.2012 00:00:00,,,,,+,,,,,,,,,09.06.2014 Включение в Третий уровень 04.05.2012 Включение в Перечень внесписочных ценных бумаг,,,,,РПС: Акции - адрес. РЕПО в ин. валюте: USD РЕПО c облигациями Т+ Акции и ДР РПС с ЦК: Акции и ДР - адрес. РЕПО в ин. валюте: EUR Продажа обеспечения бирж.рынок - безадрес. РЕПО в ин. валюте: CNY Урегулирование РЕПО с ЦК Нерезиденты - безадрес. РПС с ЦК Нерезиденты: Акции и ДР - адрес. Урегулирование с ЦК Нерезиденты - безадрес. ОТС: Акции РПС с ЦК - адресные,,http://www.e-disclosure.ru/portal/company.aspx?id=5234,http://www.e-disclosure.ru/portal/company.aspx?id=5234,09.06.2014 00:00:00,,,,,,
227,24.03.2025 00:00:00,3198,Третий уровень,3320,Акции,Акция обыкновенная,акции обыкновенные,LIFE,RU000A0JR514,1-02-09669-J,09.08.2004 00:00:00,"Публичное акционерное общество ""Фармсинтез""",7801075160,5,Рубль,440394854,22.11.2010 00:00:00,,,,,+,,,,,,,+,,09.06.2014 Включение в Третий уровень 22.11.2010 Включение в Перечень внесписочных ценных бумаг,,,,,РПС: Акции - адрес. РЕПО в ин. валюте: USD РЕПО c облигациями Т+ Неполные лоты (акции) РЕПО с ЦК 1 день РЕПО с ЦК Адресное Т+ Акции и ДР РПС с ЦК: Акции и ДР - адрес. РЕПО в ин. валюте: EUR РЕПО с ЦК 1 день (расч. в USD) РЕПО с ЦК 1 день (расч. в EUR) РЕПО с ЦК 7 дн. РЕПО с ЦК адр. (расч. в USD) РЕПО с ЦК адр.(расч. в EUR) РЕПО с ЦК 7 дней c расчетами в долларах США РЕПО с ЦК 7 дней c расчетами в евро Продажа обеспечения бирж.рынок - безадрес. РЕПО с ЦК адр. (расч. в CNY) РЕПО с ЦК 1 день (расч. в CNY) РЕПО в ин. валюте: CNY Урегулирование РЕПО с ЦК Нерезиденты - безадрес. РПС с ЦК Нерезиденты: Акции и ДР - адрес. Урегулирование с ЦК Нерезиденты - безадрес. РЕПО с ЦК 7 дн. (расч. в CNY) ОТС: Акции РПС с ЦК - адресные,,http://www.pharmsynthez.com,http://www.e-disclosure.ru/portal/company.aspx?id=4378,09.06.2014 00:00:00,,,,,,
228,24.03.2025 00:00:00,3901,Третий уровень,3343,Акции,Акция привилегированная,акции привилегированные,HIMCP,RU0009099006,2-01-55076-D,04.06.2007 00:00:00,"Публичное акционерное общество ""Химпром""",2124009521,1,Рубль,229631402,09.12.2011 00:00:00,,,,,+,,,,,,,+,,09.06.2014 Включение в Третий уровень 09.12.2011 Включение в Перечень внесписочных ценных бумаг,,,,,РПС: Акции - адрес. РЕПО в ин. валюте: USD РЕПО c облигациями Т+ Неполные лоты (акции) Т+ Акции и ДР РПС с ЦК: Акции и ДР - адрес. РЕПО в ин. валюте: EUR Продажа обеспечения бирж.рынок - безадрес. РЕПО в ин. валюте: CNY Урегулирование РЕПО с ЦК Нерезиденты - безадрес. РПС с ЦК Нерезиденты: Акции и ДР - адрес. Урегулирование с ЦК Нерезиденты - безадрес. ОТС: Акции РПС с ЦК - адресные,,,https://www.e-disclosure.ru/portal/company.aspx?id=5727,09.06.2014 00:00:00,,,,,,
229,24.03.2025 00:00:00,18155,Третий уровень,3344,Акции,Акция обыкновенная,акции обыкновенные,GECO,RU000A105BN4,1-01-87198-H,13.04.2021 00:00:00,"Публичное акционерное общество ""Центр Генетики и Репродуктивной Медицины ""ГЕНЕТИКО""",9731078633,"0,01",Рубль,83000000,25.11.2022 00:00:00,,,,,+,,,,,,,,,25.11.2022 Включение в Третий уровень,,,,,РПС: Акции - адрес. РЕПО в ин. валюте: USD РЕПО c облигациями Т+ Неполные лоты (акции) РЕПО с ЦК 1 день РЕПО с ЦК Адресное Т+ Акции и ДР РПС с ЦК: Акции и ДР - адрес. РЕПО в ин. валюте: EUR РЕПО с ЦК 1 день (расч. в USD) РЕПО с ЦК 1 день (расч. в EUR) РЕПО с ЦК 7 дн. РЕПО с ЦК адр. (расч. в USD) РЕПО с ЦК адр.(расч. в EUR) РЕПО с ЦК 7 дней c расчетами в долларах США РЕПО с ЦК 7 дней c расчетами в евро Продажа обеспечения бирж.рынок - безадрес. РЕПО с ЦК адр. (расч. в CNY) РЕПО с ЦК 1 день (расч. в CNY) РЕПО в ин. валюте: CNY Урегулирование РЕПО с ЦК Нерезиденты - безадрес. РПС с ЦК Нерезиденты: Акции и ДР - адрес. Урегулирование с ЦК Нерезиденты - безадрес. РЕПО с ЦК 7 дн. (расч. в CNY) ОТС: Акции РПС с ЦК - адресные,"Облигация биржевая, 4B02-01-00549-R, RU000A101UL7",https://genetico.ru/investors,http://www.e-disclosure.ru/portal/company.aspx?id=38201,25.11.2022 00:00:00,,,,,,
230,24.03.2025 00:00:00,1267,Третий уровень,3346,Акции,Акция обыкновенная,акции обыкновенные,WTCM,RU0008137070,1-01-01837-A,21.11.2006 00:00:00,"Публичное акционерное общество ""Центр международной торговли""",7703034574,1,Рубль,1083000000,24.09.2007 00:00:00,,,,,+,,,,,,,,,"20.07.2021 Включение в Третий уровень 31.01.2017 Включение в Второй уровень 09.06.2014 Включение в Первый уровень 03.06.2014 Включение в Котировальный список ""А"" второго уровня 30.11.2011 Включение в Котировальный список ""Б"" 24.09.2007 Включение в Перечень внесписочных ценных бумаг",,,,,РПС: Акции - адрес. РЕПО в ин. валюте: USD РЕПО c облигациями Т+ Неполные лоты (акции) Т+ Акции и ДР РПС с ЦК: Акции и ДР - адрес. РЕПО в ин. валюте: EUR Продажа обеспечения бирж.рынок - безадрес. РЕПО в ин. валюте: CNY Урегулирование РЕПО с ЦК Нерезиденты - безадрес. РПС с ЦК Нерезиденты: Акции и ДР - адрес. Урегулирование с ЦК Нерезиденты - безадрес. ОТС: Акции РПС с ЦК - адресные,"Акция привилегированная, 2-01-01837-A, RU0008137088",https://corp.wtcmoscow.ru/about/sharers/,http://www.e-disclosure.ru/portal/company.aspx?id=9304,20.07.2021 00:00:00,,,,,,
231,24.03.2025 00:00:00,1268,Третий уровень,3347,Акции,Акция привилегированная,акции привилегированные,WTCMP,RU0008137088,2-01-01837-A,21.11.2006 00:00:00,"Публичное акционерное общество ""Центр международной торговли""",7703034574,1,Рубль,162000000,24.09.2007 00:00:00,,,,,+,,,,,,,,,"20.07.2021 Включение в Третий уровень 09.06.2014 Включение в Второй уровень 30.11.2011 Включение в Котировальный список ""Б"" 24.09.2007 Включение в Перечень внесписочных ценных бумаг",,,,,РПС: Акции - адрес. РЕПО в ин. валюте: USD РЕПО c облигациями Т+ Неполные лоты (акции) РЕПО с ЦК 1 день РЕПО с ЦК Адресное Т+ Акции и ДР РПС с ЦК: Акции и ДР - адрес. РЕПО в ин. валюте: EUR РЕПО с ЦК 1 день (расч. в USD) РЕПО с ЦК 1 день (расч. в EUR) РЕПО с ЦК 7 дн. РЕПО с ЦК адр. (расч. в USD) РЕПО с ЦК адр.(расч. в EUR) РЕПО с ЦК 7 дней c расчетами в долларах США РЕПО с ЦК 7 дней c расчетами в евро Продажа обеспечения бирж.рынок - безадрес. РЕПО с ЦК адр. (расч. в CNY) РЕПО с ЦК 1 день (расч. в CNY) РЕПО в ин. валюте: CNY Урегулирование РЕПО с ЦК Нерезиденты - безадрес. РПС с ЦК Нерезиденты: Акции и ДР - адрес. Урегулирование с ЦК Нерезиденты - безадрес. РЕПО с ЦК 7 дн. (расч. в CNY) ОТС: Акции РПС с ЦК - адресные,"Акция обыкновенная, 1-01-01837-A, RU0008137070",https://corp.wtcmoscow.ru/about/sharers/,http://www.e-disclosure.ru/portal/company.aspx?id=9304,20.07.2021 00:00:00,,,,,,
232,24.03.2025 00:00:00,1582,Третий уровень,3348,Акции,Акция обыкновенная,акции обыкновенные,CNTL,RU0007665147,1-03-00327-A,20.12.2002 00:00:00,"Публичное акционерное общество ""Центральный телеграф""",7710146208,1,Рубль,166167000,11.12.2008 00:00:00,,,,,+,,,,,,,,,09.06.2014 Включение в Третий уровень 11.12.2008 Включение в Перечень внесписочных ценных бумаг,,,,,РПС: Акции - адрес. РЕПО в ин. валюте: USD РЕПО c облигациями Т+ Неполные лоты (акции) РЕПО с ЦК 1 день РЕПО с ЦК Адресное Т+ Акции и ДР РПС с ЦК: Акции и ДР - адрес. РЕПО в ин. валюте: EUR РЕПО с ЦК 1 день (расч. в USD) РЕПО с ЦК 1 день (расч. в EUR) РЕПО с ЦК 7 дн. РЕПО с ЦК адр. (расч. в USD) РЕПО с ЦК адр.(расч. в EUR) РЕПО с ЦК 7 дней c расчетами в долларах США РЕПО с ЦК 7 дней c расчетами в евро Продажа обеспечения бирж.рынок - безадрес. РЕПО с ЦК адр. (расч. в CNY) РЕПО с ЦК 1 день (расч. в CNY) РЕПО в ин. валюте: CNY Урегулирование РЕПО с ЦК Нерезиденты - безадрес. РПС с ЦК Нерезиденты: Акции и ДР - адрес. Урегулирование с ЦК Нерезиденты - безадрес. РЕПО с ЦК 7 дн. (расч. в CNY) ОТС: Акции РПС с ЦК - адресные,"Акция привилегированная, 2-03-00327-A, RU0007665139",,https://www.e-disclosure.ru/portal/company.aspx?id=369,09.06.2014 00:00:00,,,,,,
233,24.03.2025 00:00:00,3720,Третий уровень,3349,Акции,Акция привилегированная,акции привилегированные,CNTLP,RU0007665139,2-03-00327-A,20.12.2002 00:00:00,"Публичное акционерное общество ""Центральный телеграф""",7710146208,1,Рубль,55389000,20.10.2011 00:00:00,,,,,+,,,,,,,,,09.06.2014 Включение в Третий уровень 20.10.2011 Включение в Перечень внесписочных ценных бумаг,,,,,РПС: Акции - адрес. РЕПО в ин. валюте: USD РЕПО c облигациями Т+ Неполные лоты (акции) РЕПО с ЦК 1 день РЕПО с ЦК Адресное Т+ Акции и ДР РПС с ЦК: Акции и ДР - адрес. РЕПО в ин. валюте: EUR РЕПО с ЦК 1 день (расч. в USD) РЕПО с ЦК 1 день (расч. в EUR) РЕПО с ЦК 7 дн. РЕПО с ЦК адр. (расч. в USD) РЕПО с ЦК адр.(расч. в EUR) РЕПО с ЦК 7 дней c расчетами в долларах США РЕПО с ЦК 7 дней c расчетами в евро Продажа обеспечения бирж.рынок - безадрес. РЕПО с ЦК адр. (расч. в CNY) РЕПО с ЦК 1 день (расч. в CNY) РЕПО в ин. валюте: CNY Урегулирование РЕПО с ЦК Нерезиденты - безадрес. РПС с ЦК Нерезиденты: Акции и ДР - адрес. Урегулирование с ЦК Нерезиденты - безадрес. РЕПО с ЦК 7 дн. (расч. в CNY) ОТС: Акции РПС с ЦК - адресные,"Акция обыкновенная, 1-03-00327-A, RU0007665147",,https://www.e-disclosure.ru/portal/company.aspx?id=369,09.06.2014 00:00:00,,,,,,
234,24.03.2025 00:00:00,4212,Третий уровень,3350,Акции,Акция обыкновенная,акции обыкновенные,PRFN,RU000A0JNXF9,1-01-45194-D,21.04.2005 00:00:00,"Публичное акционерное общество ""Челябинский завод профилированного стального настила""",7447014976,"0,1",Рубль,838287450,14.08.2006 00:00:00,,,,,+,,,,,,,+,,09.06.2014 Включение в Третий уровень 14.08.2006 Включение в Перечень внесписочных ценных бумаг,,,,,РПС: Акции - адрес. РЕПО в ин. валюте: USD РЕПО c облигациями Т+ Неполные лоты (акции) РЕПО с ЦК 1 день РЕПО с ЦК Адресное Т+ Акции и ДР РПС с ЦК: Акции и ДР - адрес. РЕПО в ин. валюте: EUR РЕПО с ЦК 1 день (расч. в USD) РЕПО с ЦК 1 день (расч. в EUR) РЕПО с ЦК 7 дн. РЕПО с ЦК адр. (расч. в USD) РЕПО с ЦК адр.(расч. в EUR) РЕПО с ЦК 7 дней c расчетами в долларах США РЕПО с ЦК 7 дней c расчетами в евро Продажа обеспечения бирж.рынок - безадрес. РЕПО с ЦК адр. (расч. в CNY) РЕПО с ЦК 1 день (расч. в CNY) РЕПО в ин. валюте: CNY Урегулирование РЕПО с ЦК Нерезиденты - безадрес. РПС с ЦК Нерезиденты: Акции и ДР - адрес. Урегулирование с ЦК Нерезиденты - безадрес. РЕПО с ЦК 7 дн. (расч. в CNY) ОТС: Акции РПС с ЦК - адресные,"Облигация биржевая, 4B02-02-45194-D-001P, RU000A101NJ6 Облигация биржевая, 4B02-02-45194-D",https://www.стройсистема.рф/aktsioneru-i-investoru/chzpsn-profnastil/,https://www.e-disclosure.ru/portal/company.aspx?id=4744,09.06.2014 00:00:00,,,,,,
235,24.03.2025 00:00:00,1688,Третий уровень,3353,Акции,Акция обыкновенная,акции обыкновенные,CHKZ,RU000A0JNST0,1-03-45058-D,04.09.1998 00:00:00,"Публичное акционерное общество ""Челябинский кузнечно-прессовый завод""",7449006184,200,Рубль,600216,11.12.2008 00:00:00,,,,,+,,,,,,,+,,09.06.2014 Включение в Третий уровень 11.12.2008 Включение в Перечень внесписочных ценных бумаг,,,,,РПС: Акции - адрес. РЕПО в ин. валюте: USD РЕПО c облигациями Т+ Акции и ДР РПС с ЦК: Акции и ДР - адрес. РЕПО в ин. валюте: EUR Продажа обеспечения бирж.рынок - безадрес. РЕПО в ин. валюте: CNY Урегулирование РЕПО с ЦК Нерезиденты - безадрес. РПС с ЦК Нерезиденты: Акции и ДР - адрес. Урегулирование с ЦК Нерезиденты - безадрес. ОТС: Акции РПС с ЦК - адресные,,,https://www.e-disclosure.ru/portal/company.aspx?id=3306,09.06.2014 00:00:00,,,,,,
236,24.03.2025 00:00:00,1689,Третий уровень,3354,Акции,Акция обыкновенная,акции обыкновенные,CHMK,RU0007665170,1-01-00080-A,22.05.2007 00:00:00,"Публичное акционерное общество ""Челябинский металлургический комбинат""",7450001007,1,Рубль,3161965,11.12.2008 00:00:00,,,,,+,,,,,,,,,09.06.2014 Включение в Третий уровень 11.12.2008 Включение в Перечень внесписочных ценных бумаг,,,,,РПС: Акции - адрес. РЕПО в ин. валюте: USD РЕПО c облигациями РЕПО с ЦК 1 день РЕПО с ЦК Адресное Т+ Акции и ДР РПС с ЦК: Акции и ДР - адрес. РЕПО в ин. валюте: EUR РЕПО с ЦК 1 день (расч. в USD) РЕПО с ЦК 1 день (расч. в EUR) РЕПО с ЦК 7 дн. РЕПО с ЦК адр. (расч. в USD) РЕПО с ЦК адр.(расч. в EUR) РЕПО с ЦК 7 дней c расчетами в долларах США РЕПО с ЦК 7 дней c расчетами в евро Продажа обеспечения бирж.рынок - безадрес. РЕПО с ЦК адр. (расч. в CNY) РЕПО с ЦК 1 день (расч. в CNY) РЕПО в ин. валюте: CNY Урегулирование РЕПО с ЦК Нерезиденты - безадрес. РПС с ЦК Нерезиденты: Акции и ДР - адрес. Урегулирование с ЦК Нерезиденты - безадрес. РЕПО с ЦК 7 дн. (расч. в CNY) ОТС: Акции РПС с ЦК - адресные,,,https://www.e-disclosure.ru/portal/company.aspx?id=2116,09.06.2014 00:00:00,,,,,,
237,24.03.2025 00:00:00,20892,Третий уровень,3355,Акции,Акция обыкновенная,акции обыкновенные,ELMT,RU000A102093,1-01-16673-A,04.06.2020 00:00:00,"Публичное акционерное общество ""Элемент""",9703014282,"0,05",Рубль,469725539040,05.06.2024 00:00:00,,,,,+,,,,,,,,,05.06.2024 Включение в Третий уровень,,,,,РПС: Акции - адрес. РЕПО в ин. валюте: USD РЕПО c облигациями Т+ Неполные лоты (акции) РЕПО с ЦК 1 день РЕПО с ЦК Адресное Т+ Акции и ДР РПС с ЦК: Акции и ДР - адрес. РЕПО в ин. валюте: EUR РЕПО с ЦК 1 день (расч. в USD) РЕПО с ЦК 1 день (расч. в EUR) РЕПО с ЦК 7 дн. РЕПО с ЦК адр. (расч. в USD) РЕПО с ЦК адр.(расч. в EUR) РЕПО с ЦК 7 дней c расчетами в долларах США РЕПО с ЦК 7 дней c расчетами в евро Продажа обеспечения бирж.рынок - безадрес. РЕПО с ЦК адр. (расч. в CNY) РЕПО с ЦК 1 день (расч. в CNY) РЕПО в ин. валюте: CNY Урегулирование РЕПО с ЦК Нерезиденты - безадрес. РПС с ЦК Нерезиденты: Акции и ДР - адрес. Урегулирование с ЦК Нерезиденты - безадрес. РЕПО с ЦК 7 дн. (расч. в CNY) ОТС: Акции РПС с ЦК - адресные,,,https://www.e-disclosure.ru/portal/company.aspx?id=38265,05.06.2024 00:00:00,,,,,,
238,24.03.2025 00:00:00,4226,Третий уровень,3357,Акции,Акция обыкновенная,акции обыкновенные,UNKL,RU0004887991,1-01-00197-A,06.05.2008 00:00:00,"Публичное акционерное общество ""Южно-Уральский никелевый комбинат""",5613000143,1,Рубль,599737,13.04.2012 00:00:00,,,,,+,,,,,,,,,09.06.2014 Включение в Третий уровень 13.04.2012 Включение в Перечень внесписочных ценных бумаг,,,,,РПС: Акции - адрес. РЕПО в ин. валюте: USD РЕПО c облигациями РЕПО с ЦК 1 день РЕПО с ЦК Адресное Т+ Акции и ДР РПС с ЦК: Акции и ДР - адрес. РЕПО в ин. валюте: EUR РЕПО с ЦК 1 день (расч. в USD) РЕПО с ЦК 1 день (расч. в EUR) РЕПО с ЦК 7 дн. РЕПО с ЦК адр. (расч. в USD) РЕПО с ЦК адр.(расч. в EUR) РЕПО с ЦК 7 дней c расчетами в долларах США РЕПО с ЦК 7 дней c расчетами в евро Продажа обеспечения бирж.рынок - безадрес. РЕПО с ЦК адр. (расч. в CNY) РЕПО с ЦК 1 день (расч. в CNY) РЕПО в ин. валюте: CNY Урегулирование РЕПО с ЦК Нерезиденты - безадрес. РПС с ЦК Нерезиденты: Акции и ДР - адрес. Урегулирование с ЦК Нерезиденты - безадрес. РЕПО с ЦК 7 дн. (расч. в CNY) ОТС: Акции РПС с ЦК - адресные,,,https://www.e-disclosure.ru/portal/company.aspx?id=3987,09.06.2014 00:00:00,,,,,,
239,24.03.2025 00:00:00,244,Третий уровень,3358,Акции,Акция обыкновенная,акции обыкновенные,IRKT,RU0006752979,1-03-00040-A,15.08.2002 00:00:00,"Публичное акционерное общество ""Яковлев""",3807002509,3,Рубль,12051279624,03.12.2004 00:00:00,,,,,+,,,,,,,,,"09.06.2014 Включение в Третий уровень 08.08.2008 Включение в Перечень внесписочных ценных бумаг 03.12.2004 Включение в Котировальный список ""Б""",,,,,РПС: Акции - адрес. РЕПО в ин. валюте: USD РЕПО c облигациями Т+ Неполные лоты (акции) РЕПО с ЦК 1 день РЕПО с ЦК Адресное Т+ Акции и ДР РПС с ЦК: Акции и ДР - адрес. РЕПО в ин. валюте: EUR РЕПО с ЦК 1 день (расч. в USD) РЕПО с ЦК 1 день (расч. в EUR) РЕПО с ЦК 7 дн. РЕПО с ЦК адр. (расч. в USD) РЕПО с ЦК адр.(расч. в EUR) РЕПО с ЦК 7 дней c расчетами в долларах США РЕПО с ЦК 7 дней c расчетами в евро Продажа обеспечения бирж.рынок - безадрес. РЕПО с ЦК адр. (расч. в CNY) РЕПО с ЦК 1 день (расч. в CNY) РЕПО в ин. валюте: CNY Урегулирование РЕПО с ЦК Нерезиденты - безадрес. РПС с ЦК Нерезиденты: Акции и ДР - адрес. Урегулирование с ЦК Нерезиденты - безадрес. РЕПО с ЦК 7 дн. (расч. в CNY) ОТС: Акции РПС с ЦК - адресные,"Облигация биржевая, 4B02-05-00040-A Облигация биржевая, 4B02-06-00040-A Облигация биржевая, 4B02-06-21927-H",https://yakovlev.ru/investors/,https://www.e-disclosure.ru/portal/company.aspx?id=76,09.06.2014 00:00:00,,,,,,
240,24.03.2025 00:00:00,3957,Третий уровень,3362,Акции,Акция обыкновенная,акции обыкновенные,YAKG,RU0007796819,1-01-20510-F,23.07.2003 00:00:00,"Публичное акционерное общество ""Якутская топливно-энергетическая компания""",1435032049,1,Рубль,826919375,02.12.2011 00:00:00,,,,,+,,,,,,,+,,09.06.2014 Включение в Третий уровень 02.12.2011 Включение в Перечень внесписочных ценных бумаг,,,,,РПС: Акции - адрес. РЕПО в ин. валюте: USD РЕПО c облигациями Т+ Неполные лоты (акции) РЕПО с ЦК 1 день РЕПО с ЦК Адресное Т+ Акции и ДР РПС с ЦК: Акции и ДР - адрес. РЕПО в ин. валюте: EUR РЕПО с ЦК 1 день (расч. в USD) РЕПО с ЦК 1 день (расч. в EUR) РЕПО с ЦК 7 дн. РЕПО с ЦК адр. (расч. в USD) РЕПО с ЦК адр.(расч. в EUR) РЕПО с ЦК 7 дней c расчетами в долларах США РЕПО с ЦК 7 дней c расчетами в евро Продажа обеспечения бирж.рынок - безадрес. РЕПО с ЦК адр. (расч. в CNY) РЕПО с ЦК 1 день (расч. в CNY) РЕПО в ин. валюте: CNY Урегулирование РЕПО с ЦК Нерезиденты - безадрес. РПС с ЦК Нерезиденты: Акции и ДР - адрес. Урегулирование с ЦК Нерезиденты - безадрес. РЕПО с ЦК 7 дн. (расч. в CNY) ОТС: Акции РПС с ЦК - адресные,"Облигация биржевая, 4B02-02-20510-F-001P, RU000A102ZH2 Облигация биржевая, 4B02-03-20510-F-001P, RU000A1070L0 Облигация биржевая, 4B02-04-20510-F-001P, RU000A109NF7",http://www.yatec.ru/aktsioneram/raskrytie-informatsii,https://www.e-disclosure.ru/portal/company.aspx?id=4994,09.06.2014 00:00:00,,,,,,
241,24.03.2025 00:00:00,1273,Третий уровень,3363,Акции,Акция обыкновенная,акции обыкновенные,YKEN,RU0009257075,1-01-00304-A,18.11.2004 00:00:00,"Публичное акционерное общество ""Якутскэнерго""",1435028701,"2,22",Рубль,10187741424,30.11.2005 00:00:00,,,,,+,,,,,,,,,"09.06.2014 Включение в Третий уровень 16.12.2013 Включение в Перечень внесписочных ценных бумаг 20.01.2012 Включение в Котировальный список ""Б"" 02.08.2010 Включение в Котировальный список ""А"" второго уровня 26.07.2010 Включение в Перечень внесписочных ценных бумаг 22.04.2010 Включение в Котировальный список ""А"" второго уровня 13.02.2009 Включение в Перечень внесписочных ценных бумаг 14.11.2008 Включение в Котировальный список ""Б"" 30.11.2005 Включение в Котировальный список ""А"" второго уровня",,,,,РПС: Акции - адрес. РЕПО в ин. валюте: USD РЕПО c облигациями Т+ Неполные лоты (акции) Т+ Акции и ДР РПС с ЦК: Акции и ДР - адрес. РЕПО в ин. валюте: EUR Продажа обеспечения бирж.рынок - безадрес. РЕПО в ин. валюте: CNY Урегулирование РЕПО с ЦК Нерезиденты - безадрес. РПС с ЦК Нерезиденты: Акции и ДР - адрес. Урегулирование с ЦК Нерезиденты - безадрес. ОТС: Акции РПС с ЦК - адресные,"Акция привилегированная, 2-01-00304-A, RU0007796827",https://yakutskenergo.ru/shareholders_and_investors/,https://e-disclosure.ru/portal/company.aspx?id=169,09.06.2014 00:00:00,,,,,,
242,24.03.2025 00:00:00,1512,Третий уровень,3364,Акции,Акция привилегированная,акции привилегированные,YKENP,RU0007796827,2-01-00304-A,18.11.2004 00:00:00,"Публичное акционерное общество ""Якутскэнерго""",1435028701,"2,22",Рубль,1332635125,14.07.2008 00:00:00,,,,,+,,,,,,,,,09.06.2014 Включение в Третий уровень 14.07.2008 Включение в Перечень внесписочных ценных бумаг,,,,,РПС: Акции - адрес. РЕПО в ин. валюте: USD РЕПО c облигациями Т+ Неполные лоты (акции) Т+ Акции и ДР РПС с ЦК: Акции и ДР - адрес. РЕПО в ин. валюте: EUR Продажа обеспечения бирж.рынок - безадрес. РЕПО в ин. валюте: CNY Урегулирование РЕПО с ЦК Нерезиденты - безадрес. РПС с ЦК Нерезиденты: Акции и ДР - адрес. Урегулирование с ЦК Нерезиденты - безадрес. ОТС: Акции РПС с ЦК - адресные,"Акция обыкновенная, 1-01-00304-A, RU0009257075",https://yakutskenergo.ru/shareholders_and_investors/,https://e-disclosure.ru/portal/company.aspx?id=169,09.06.2014 00:00:00,,,,,,
243,24.03.2025 00:00:00,4398,Третий уровень,3365,Акции,Акция обыкновенная,акции обыкновенные,KUZB,RU000A0JSQ66,10100609B,01.03.2012 00:00:00,"Публичное акционерное общество Банк ""Кузнецкий""",5836900162,"0,01",Рубль,22503490875,09.08.2012 00:00:00,,,,,+,,,,,,,,,09.06.2014 Включение в Третий уровень 10.08.2012 Включение в Перечень внесписочных ценных бумаг,,,,,РПС: Акции - адрес. РЕПО в ин. валюте: USD РЕПО c облигациями Т+ Неполные лоты (акции) РЕПО с ЦК 1 день РЕПО с ЦК Адресное Т+ Акции и ДР РПС с ЦК: Акции и ДР - адрес. РЕПО в ин. валюте: EUR РЕПО с ЦК 1 день (расч. в USD) РЕПО с ЦК 1 день (расч. в EUR) РЕПО с ЦК 7 дн. РЕПО с ЦК адр. (расч. в USD) РЕПО с ЦК адр.(расч. в EUR) РЕПО с ЦК 7 дней c расчетами в долларах США РЕПО с ЦК 7 дней c расчетами в евро Продажа обеспечения бирж.рынок - безадрес. РЕПО с ЦК адр. (расч. в CNY) РЕПО с ЦК 1 день (расч. в CNY) РЕПО в ин. валюте: CNY Урегулирование РЕПО с ЦК Нерезиденты - безадрес. РПС с ЦК Нерезиденты: Акции и ДР - адрес. Урегулирование с ЦК Нерезиденты - безадрес. РЕПО с ЦК 7 дн. (расч. в CNY) ОТС: Акции РПС с ЦК - адресные,,,https://www.e-disclosure.ru/portal/company.aspx?id=30898,09.06.2014 00:00:00,,,,,,
244,24.03.2025 00:00:00,8587,Третий уровень,3376,Акции,Акция обыкновенная,акции обыкновенные,TNSE,RU000A0JUCQ5,1-01-15521-A,18.07.2013 00:00:00,"Публичное акционерное общество Группа компаний ""ТНС энерго""",7705541227,1,Рубль,13668239,17.12.2014 00:00:00,,,,,+,,,,,,,+,,01.06.2020 Включение в Третий уровень 10.11.2015 Включение в Второй уровень 17.12.2014 Включение в Третий уровень,,,,,РПС: Акции - адрес. РЕПО в ин. валюте: USD РЕПО c облигациями Т+ Акции и ДР РПС с ЦК: Акции и ДР - адрес. РЕПО в ин. валюте: EUR Продажа обеспечения бирж.рынок - безадрес. РЕПО в ин. валюте: CNY Урегулирование РЕПО с ЦК Нерезиденты - безадрес. РПС с ЦК Нерезиденты: Акции и ДР - адрес. Урегулирование с ЦК Нерезиденты - безадрес. ОТС: Акции РПС с ЦК - адресные,,https://corp.tns-e.ru/investors/,http://www.e-disclosure.ru/portal/company.aspx?id=33277,01.06.2020 00:00:00,,,,,,
245,24.03.2025 00:00:00,2923,Третий уровень,3377,Акции,Акция обыкновенная,акции обыкновенные,DIOD,RU000A0JQWC1,1-03-06923-A,20.01.2010 00:00:00,"Публичное акционерное общество Завод экологической техники и экопитания ""ДИОД""",7725024805,"0,01",Рубль,91500000,03.06.2010 00:00:00,,,,,+,,,,,,,,,"09.06.2014 Включение в Третий уровень 25.10.2012 Включение в Перечень внесписочных ценных бумаг 27.04.2011 Включение в Котировальный список ""Б"" 25.10.2010 Включение в Котировальный список ""А"" второго уровня 03.06.2010 Включение в Котировальный список ""В""",,,,,РПС: Акции - адрес. РЕПО в ин. валюте: USD РЕПО c облигациями Т+ Неполные лоты (акции) Т+ Акции и ДР РПС с ЦК: Акции и ДР - адрес. РЕПО в ин. валюте: EUR Продажа обеспечения бирж.рынок - безадрес. РЕПО в ин. валюте: CNY Урегулирование РЕПО с ЦК Нерезиденты - безадрес. РПС с ЦК Нерезиденты: Акции и ДР - адрес. Урегулирование с ЦК Нерезиденты - безадрес. ОТС: Акции РПС с ЦК - адресные,,,https://www.e-disclosure.ru/portal/company.aspx?id=10180,09.06.2014 00:00:00,,,,,,
246,24.03.2025 00:00:00,20090,Третий уровень,3378,Акции,Акция обыкновенная,акции обыкновенные,ZAYM,RU000A107RM8,1-01-16767-A,02.11.2023 00:00:00,"Публичное акционерное общество Микрофинансовая компания ""Займер""",5406836941,"0,1",Рубль,100000000,04.04.2024 00:00:00,,,,,+,,,,,,,,,12.04.2024 Включение в Третий уровень,,,,,РПС: Акции - адрес. РЕПО в ин. валюте: USD РЕПО c облигациями Т+ Неполные лоты (акции) РЕПО с ЦК 1 день РЕПО с ЦК Адресное Т+ Акции и ДР РПС с ЦК: Акции и ДР - адрес. РЕПО в ин. валюте: EUR Поставка по СК (акции) РЕПО с ЦК 1 день (расч. в USD) РЕПО с ЦК 1 день (расч. в EUR) РЕПО с ЦК 7 дн. РЕПО с ЦК адр. (расч. в USD) РЕПО с ЦК адр.(расч. в EUR) РЕПО с ЦК 7 дней c расчетами в долларах США РЕПО с ЦК 7 дней c расчетами в евро Продажа обеспечения бирж.рынок - безадрес. РЕПО с ЦК адр. (расч. в CNY) РЕПО с ЦК 1 день (расч. в CNY) РЕПО в ин. валюте: CNY Урегулирование РЕПО с ЦК Нерезиденты - безадрес. РПС с ЦК Нерезиденты: Акции и ДР - адрес. Урегулирование с ЦК Нерезиденты - безадрес. РЕПО с ЦК 7 дн. (расч. в CNY) ОТС: Акции РПС с ЦК - адресные,,https://www.zaymer.ru,https://e-disclosure.ru/portal/company.aspx?id=38344,12.04.2024 00:00:00,,,,,,
247,24.03.2025 00:00:00,3925,Третий уровень,3379,Акции,Акция обыкновенная,акции обыкновенные,NAUK,RU000A0JRPX9,1-01-04440-A,05.01.2004 00:00:00,"Публичное акционерное общество Научно-производственное объединение ""Наука""",7714005350,"0,2",Рубль,11789500,12.12.2011 00:00:00,,,,,+,,,,,,,,,09.06.2014 Включение в Третий уровень 12.12.2011 Включение в Перечень внесписочных ценных бумаг,,,,,РПС: Акции - адрес. РЕПО в ин. валюте: USD РЕПО c облигациями Т+ Неполные лоты (акции) Т+ Акции и ДР РПС с ЦК: Акции и ДР - адрес. РЕПО в ин. валюте: EUR Продажа обеспечения бирж.рынок - безадрес. РЕПО в ин. валюте: CNY Урегулирование РЕПО с ЦК Нерезиденты - безадрес. РПС с ЦК Нерезиденты: Акции и ДР - адрес. Урегулирование с ЦК Нерезиденты - безадрес. ОТС: Акции РПС с ЦК - адресные,,http://npo-nauka.ru/,https://disclosure.1prime.ru/Portal/Default.aspx?emId=7714005350,09.06.2014 00:00:00,,,,,,
248,24.03.2025 00:00:00,297,Третий уровень,3380,Акции,Акция привилегированная,акции привилегированные,OMZZP,RU0009090559,2-01-30174-D,23.04.2004 00:00:00,Публичное акционерное общество Объединенные машиностроительные заводы (Группа Уралмаш-Ижора),6663059899,"0,1",Рубль,2750000,26.11.2004 00:00:00,,,,,+,,,,,,,,,09.06.2014 Включение в Третий уровень 26.11.2004 Включение в Перечень внесписочных ценных бумаг,,,,,РПС: Акции - адрес. РЕПО в ин. валюте: USD РЕПО c облигациями Т+ Акции и ДР РПС с ЦК: Акции и ДР - адрес. РЕПО в ин. валюте: EUR Продажа обеспечения бирж.рынок - безадрес. РЕПО в ин. валюте: CNY Урегулирование РЕПО с ЦК Нерезиденты - безадрес. РПС с ЦК Нерезиденты: Акции и ДР - адрес. Урегулирование с ЦК Нерезиденты - безадрес. ОТС: Акции РПС с ЦК - адресные,,http://www.omz.ru/,http://www.e-disclosure.ru/portal/company.aspx?id=249,09.06.2014 00:00:00,,,,,,
249,24.03.2025 00:00:00,5511,Третий уровень,3381,Акции,Акция обыкновенная,акции обыкновенные,RGSS,RU0008010855,1-03-10003-Z,18.08.2004 00:00:00,"Публичное акционерное общество Страховая Компания ""Росгосстрах""",7707067683,"0,03",Рубль,489503740915,06.11.2013 00:00:00,,,,,+,,,,,,,,,"18.10.2017 Включение в Третий уровень 09.06.2014 Включение в Первый уровень 26.12.2013 Включение в Котировальный список ""А"" первого уровня 07.11.2013 Включение в Котировальный список ""В""",,,,,РПС: Акции - адрес. РЕПО в ин. валюте: USD РЕПО c облигациями Т+ Неполные лоты (акции) РЕПО с ЦК 1 день РЕПО с ЦК Адресное Т+ Акции и ДР РПС с ЦК: Акции и ДР - адрес. РЕПО в ин. валюте: EUR РЕПО с ЦК 1 день (расч. в USD) РЕПО с ЦК 1 день (расч. в EUR) РЕПО с ЦК 7 дн. РЕПО с ЦК адр. (расч. в USD) РЕПО с ЦК адр.(расч. в EUR) РЕПО с ЦК 7 дней c расчетами в долларах США РЕПО с ЦК 7 дней c расчетами в евро Продажа обеспечения бирж.рынок - безадрес. РЕПО с ЦК адр. (расч. в CNY) РЕПО с ЦК 1 день (расч. в CNY) РЕПО в ин. валюте: CNY Урегулирование РЕПО с ЦК Нерезиденты - безадрес. РПС с ЦК Нерезиденты: Акции и ДР - адрес. Урегулирование с ЦК Нерезиденты - безадрес. РЕПО с ЦК 7 дн. (расч. в CNY) ОТС: Акции РПС с ЦК - адресные,,http://www.rgs.ru/about/investors/oao/index.wbp,http://www.e-disclosure.ru/portal/company.aspx?id=214,18.10.2017 00:00:00,,,,,,
250,24.03.2025 00:00:00,249,Третий уровень,3383,Акции,Акция обыкновенная,акции обыкновенные,KCHE,RU0006753498,1-02-00235-A,13.12.2005 00:00:00,"Публичное акционерное общество энергетики и электрификации ""Камчатскэнерго""",4100000668,"0,1",Рубль,58294409860,11.03.2008 00:00:00,,,,,+,,,,,,,+,,09.06.2014 Включение в Третий уровень 11.03.2008 Включение в Перечень внесписочных ценных бумаг,,,,,РПС: Акции - адрес. РЕПО в ин. валюте: USD РЕПО c облигациями Т+ Неполные лоты (акции) Т+ Акции и ДР РПС с ЦК: Акции и ДР - адрес. РЕПО в ин. валюте: EUR Продажа обеспечения бирж.рынок - безадрес. РЕПО в ин. валюте: CNY Урегулирование РЕПО с ЦК Нерезиденты - безадрес. РПС с ЦК Нерезиденты: Акции и ДР - адрес. Урегулирование с ЦК Нерезиденты - безадрес. ОТС: Акции РПС с ЦК - адресные,"Акция привилегированная, 2-02-00235-A, RU0006753480",https://kamenergo.ru/,http://www.e-disclosure.ru/portal/company.aspx?id=1409,09.06.2014 00:00:00,,,,,,
251,24.03.2025 00:00:00,1504,Третий уровень,3384,Акции,Акция привилегированная,акции привилегированные,KCHEP,RU0006753480,2-02-00235-A,13.12.2005 00:00:00,"Публичное акционерное общество энергетики и электрификации ""Камчатскэнерго""",4100000668,"0,1",Рубль,183062052,07.07.2008 00:00:00,,,,,+,,,,,,,+,,09.06.2014 Включение в Третий уровень 07.07.2008 Включение в Перечень внесписочных ценных бумаг,,,,,РПС: Акции - адрес. РЕПО в ин. валюте: USD РЕПО c облигациями Т+ Неполные лоты (акции) Т+ Акции и ДР РПС с ЦК: Акции и ДР - адрес. РЕПО в ин. валюте: EUR Продажа обеспечения бирж.рынок - безадрес. РЕПО в ин. валюте: CNY Урегулирование РЕПО с ЦК Нерезиденты - безадрес. РПС с ЦК Нерезиденты: Акции и ДР - адрес. Урегулирование с ЦК Нерезиденты - безадрес. ОТС: Акции РПС с ЦК - адресные,"Акция обыкновенная, 1-02-00235-A, RU0006753498",https://kamenergo.ru/,http://www.e-disclosure.ru/portal/company.aspx?id=1409,09.06.2014 00:00:00,,,,,,
252,24.03.2025 00:00:00,3164,Третий уровень,3385,Акции,Акция обыкновенная,акции обыкновенные,MAGE,RU0006758919,1-01-00254-A,26.12.1995 00:00:00,"Публичное акционерное общество энергетики и электрификации ""Магаданэнерго""",4909047148,1,Рубль,463838268,20.10.2010 00:00:00,,,,,+,,,,,,,,,09.06.2014 Включение в Третий уровень 20.10.2010 Включение в Перечень внесписочных ценных бумаг,,,,,РПС: Акции - адрес. РЕПО в ин. валюте: USD РЕПО c облигациями Т+ Неполные лоты (акции) Т+ Акции и ДР РПС с ЦК: Акции и ДР - адрес. РЕПО в ин. валюте: EUR Продажа обеспечения бирж.рынок - безадрес. РЕПО в ин. валюте: CNY Урегулирование РЕПО с ЦК Нерезиденты - безадрес. РПС с ЦК Нерезиденты: Акции и ДР - адрес. Урегулирование с ЦК Нерезиденты - безадрес. ОТС: Акции РПС с ЦК - адресные,"Акция привилегированная, 2-01-00254-A, RU0006758893",,https://www.e-disclosure.ru/portal/company.aspx?id=3566,09.06.2014 00:00:00,,,,,,
253,24.03.2025 00:00:00,3170,Третий уровень,3386,Акции,Акция привилегированная,акции привилегированные,MAGEP,RU0006758893,2-01-00254-A,26.12.1995 00:00:00,"Публичное акционерное общество энергетики и электрификации ""Магаданэнерго""",4909047148,1,Рубль,145673254,25.10.2010 00:00:00,,,,,+,,,,,,,,,09.06.2014 Включение в Третий уровень 25.10.2010 Включение в Перечень внесписочных ценных бумаг,,,,,РПС: Акции - адрес. РЕПО в ин. валюте: USD РЕПО c облигациями Т+ Неполные лоты (акции) Т+ Акции и ДР РПС с ЦК: Акции и ДР - адрес. РЕПО в ин. валюте: EUR Продажа обеспечения бирж.рынок - безадрес. РЕПО в ин. валюте: CNY Урегулирование РЕПО с ЦК Нерезиденты - безадрес. РПС с ЦК Нерезиденты: Акции и ДР - адрес. Урегулирование с ЦК Нерезиденты - безадрес. ОТС: Акции РПС с ЦК - адресные,"Акция обыкновенная, 1-01-00254-A, RU0006758919",,https://www.e-disclosure.ru/portal/company.aspx?id=3566,09.06.2014 00:00:00,,,,,,
254,24.03.2025 00:00:00,3706,Третий уровень,3387,Акции,Акция обыкновенная,акции обыкновенные,SAGO,RU0009098255,1-02-00127-A,02.11.2006 00:00:00,"Публичное акционерное общество энергетики и электрификации ""Самараэнерго""",6315222985,"0,25",Рубль,3538928532,14.10.2011 00:00:00,,,,,+,,,,,,,,,09.06.2014 Включение в Третий уровень 14.10.2011 Включение в Перечень внесписочных ценных бумаг,,,,,РПС: Акции - адрес. РЕПО в ин. валюте: USD РЕПО c облигациями Т+ Неполные лоты (акции) Т+ Акции и ДР РПС с ЦК: Акции и ДР - адрес. РЕПО в ин. валюте: EUR Продажа обеспечения бирж.рынок - безадрес. РЕПО в ин. валюте: CNY Урегулирование РЕПО с ЦК Нерезиденты - безадрес. РПС с ЦК Нерезиденты: Акции и ДР - адрес. Урегулирование с ЦК Нерезиденты - безадрес. ОТС: Акции РПС с ЦК - адресные,"Акция привилегированная, 2-02-00127-A, RU0009084495",,http://disclosure.1prime.ru/portal/default.aspx?emId=6315222985,09.06.2014 00:00:00,,,,,,
255,24.03.2025 00:00:00,3707,Третий уровень,3388,Акции,Акция привилегированная,акции привилегированные,SAGOP,RU0009084495,2-02-00127-A,02.11.2006 00:00:00,"Публичное акционерное общество энергетики и электрификации ""Самараэнерго""",6315222985,"0,01",Рубль,521993080,14.10.2011 00:00:00,,,,,+,,,,,,,,,09.06.2014 Включение в Третий уровень 14.10.2011 Включение в Перечень внесписочных ценных бумаг,,,,,РПС: Акции - адрес. РЕПО в ин. валюте: USD РЕПО c облигациями Т+ Неполные лоты (акции) Т+ Акции и ДР РПС с ЦК: Акции и ДР - адрес. РЕПО в ин. валюте: EUR Продажа обеспечения бирж.рынок - безадрес. РЕПО в ин. валюте: CNY Урегулирование РЕПО с ЦК Нерезиденты - безадрес. РПС с ЦК Нерезиденты: Акции и ДР - адрес. Урегулирование с ЦК Нерезиденты - безадрес. ОТС: Акции РПС с ЦК - адресные,"Акция обыкновенная, 1-02-00127-A, RU0009098255",,http://disclosure.1prime.ru/portal/default.aspx?emId=6315222985,09.06.2014 00:00:00,,,,,,
256,24.03.2025 00:00:00,8324,Третий уровень,3389,Акции,Акция обыкновенная,акции обыкновенные,SLEN,RU0009280465,1-03-00272-A,08.04.2008 00:00:00,"Публичное акционерное общество энергетики и электрификации ""Сахалинэнерго""",6500000024,10,Рубль,1237175444,31.01.2017 00:00:00,,,,,+,,,,,,,,,31.01.2017 Включение в Третий уровень,,,,,РПС: Акции - адрес. РЕПО в ин. валюте: USD РЕПО c облигациями Т+ Неполные лоты (акции) Т+ Акции и ДР РПС с ЦК: Акции и ДР - адрес. РЕПО в ин. валюте: EUR Продажа обеспечения бирж.рынок - безадрес. РЕПО в ин. валюте: CNY Урегулирование РЕПО с ЦК Нерезиденты - безадрес. РПС с ЦК Нерезиденты: Акции и ДР - адрес. Урегулирование с ЦК Нерезиденты - безадрес. ОТС: Акции РПС с ЦК - адресные,,http://sakhalinenergo.ru/aktsioneram-i-investoram/Raskrytie-informatsii/,http://www.e-disclosure.ru/portal/company.aspx?id=4842,31.01.2017 00:00:00,,,,,,
257,24.03.2025 00:00:00,1177,Третий уровень,3432,Акции,Акция обыкновенная,акции обыкновенные,PRMB,RU000A0DPNQ5,10103001B,09.08.1994 00:00:00,"акционерный коммерческий банк ""Приморье""  (публичное акционерное общество)",2536020789,1000,Рубль,250000,13.01.2005 00:00:00,,,,,+,,,,,,,,,09.06.2014 Включение в Третий уровень 13.01.2005 Включение в Перечень внесписочных ценных бумаг,,,,,РПС: Акции - адрес. РЕПО в ин. валюте: USD РЕПО c облигациями Т+ Акции и ДР РПС с ЦК: Акции и ДР - адрес. РЕПО в ин. валюте: EUR Продажа обеспечения бирж.рынок - безадрес. РЕПО в ин. валюте: CNY Урегулирование РЕПО с ЦК Нерезиденты - безадрес. РПС с ЦК Нерезиденты: Акции и ДР - адрес. Урегулирование с ЦК Нерезиденты - безадрес. ОТС: Акции РПС с ЦК - адресные,,,https://www.e-disclosure.ru/portal/company.aspx?id=2839,09.06.2014 00:00:00,,,,,,
258,24.03.2025 00:00:00,265,Третий уровень,3536,Акции,Акция обыкновенная,акции обыкновенные,KMEZ,RU0006753613,1-02-05376-A,30.06.2009 00:00:00,"публичное акционерное общество ""Ковровский механический завод""",3305004397,250,Рубль,3764600,27.12.2012 00:00:00,,,,,+,,,,,,,+,,09.06.2014 Включение в Третий уровень 28.12.2012 Включение в Перечень внесписочных ценных бумаг 16.12.2004 Включение в Перечень внесписочных ценных бумаг,,,,,РПС: Акции - адрес. РЕПО в ин. валюте: USD РЕПО c облигациями Т+ Акции и ДР РПС с ЦК: Акции и ДР - адрес. РЕПО в ин. валюте: EUR Продажа обеспечения бирж.рынок - безадрес. РЕПО в ин. валюте: CNY Урегулирование РЕПО с ЦК Нерезиденты - безадрес. РПС с ЦК Нерезиденты: Акции и ДР - адрес. Урегулирование с ЦК Нерезиденты - безадрес. ОТС: Акции РПС с ЦК - адресные,,http://www.kvmz.ru/raskrytie-informatsii/,http://www.e-disclosure.ru/portal/company.aspx?id=8976,09.06.2014 00:00:00,,,,,,
259,24.03.2025 00:00:00,183,Третий уровень,3554,Акции,Акция обыкновенная,акции обыкновенные,ARSA,RU000A0JP0Q7,1-01-03163-D,18.10.2004 00:00:00,"публичное акционерное общество ""Управляющая компания ""Арсагера""",7840303927,1,Рубль,123817165,04.02.2008 00:00:00,,,,,+,,,,,,,,,09.06.2014 Включение в Третий уровень 04.02.2008 Включение в Перечень внесписочных ценных бумаг,,,,,РПС: Акции - адрес. РЕПО в ин. валюте: USD РЕПО c облигациями Т+ Неполные лоты (акции) Т+ Акции и ДР РПС с ЦК: Акции и ДР - адрес. РЕПО в ин. валюте: EUR Продажа обеспечения бирж.рынок - безадрес. РЕПО в ин. валюте: CNY Урегулирование РЕПО с ЦК Нерезиденты - безадрес. РПС с ЦК Нерезиденты: Акции и ДР - адрес. Урегулирование с ЦК Нерезиденты - безадрес. ОТС: Акции РПС с ЦК - адресные,"Пай открытого ПИФа, 0363-75409054, RU000A0HGNG6 Пай открытого ПИФа, 0364-75409132, RU000A0HGNH4 Пай открытого ПИФа, 0439-75408664, RU000A0JPMD2 Пай открытого ПИФа, 2721, RU000A0JXWF0",www.arsagera.ru,https://www.e-disclosure.ru/portal/company.aspx?id=7220,09.06.2014 00:00:00,,,,,,
