,TRADE_CODE,issue_date,stopped_date
0,RU000A101Z74,2020-07-31,
1,RU000A102DB2,2020-11-20,
2,RU000A102GJ8,2020-12-11,
3,RU000A102LU5,2020-12-28,
4,RU000A104B46,2021-12-27,
5,RU000A105GW4,2022-11-24,
6,RU000A1064G3,2023-04-18,
7,CBOM,2015-06-22,
8,RU000A10A6J1,2024-11-28,
9,ALRS,2011-11-29,
10,RU000A108TV3,2024-06-26,
11,RU000A109L49,2024-09-23,
12,RU000A10DY92,2025-12-23,
13,CASH,2024-11-07,
14,RU000A1035Y6,2021-06-10,
15,RU000A0JRJB8,2011-06-07,
16,RU000A0JRJL7,2011-06-07,
17,RU000A0JS4J1,2012-03-02,
18,RU000A0JS4K9,2012-03-02,
19,RU000A0JS4L7,2012-03-02,
20,SILA,2025-11-05,
21,SMCF,2025-02-17,
22,SUGB,2020-09-25,
23,MKBD,2021-07-28,
24,SBMX,2018-09-17,
25,SBGB,2019-01-25,
26,SBCB,2019-02-08,
27,SBRB,2019-09-06,
28,SBRI,2020-09-24,
29,SBRS,2021-06-09,
30,SBPS,2021-06-09,
31,SBDS,2021-06-09,
32,STME,2021-06-09,
33,SAFE,2021-06-09,
34,SBMM,2021-10-05,
35,SBHI,2021-11-18,
36,SBGD,2022-09-06,
37,SBCN,2023-01-16,
38,SBBY,2023-07-21,
39,SBSC,2023-10-10,
40,SBFR,2024-01-31,
41,SBLB,2024-04-05,
42,SIPO,2024-07-22,
43,SBBC,2025-04-24,
44,FLOW,2025-07-10,
45,SPRN,2026-03-26,
46,OBLG,2019-02-21,
47,LQDT,2020-01-20,
48,EQMX,2020-03-02,
49,GOLD,2020-06-08,
50,ESGE,2021-09-27,
51,CNYM,2023-12-27,
52,SCFT,2022-02-02,
53,SCLI,2024-07-22,
54,BCSB,2021-03-15,
55,BCSD,2024-07-25,
56,BCSR,2024-11-15,
57,BCSW,2025-04-11,
58,BCSG,2025-05-22,
59,BCSE,2025-09-05,
60,INGO,2021-07-28,
61,INFL,2021-12-20,
62,YUAN,2023-05-19,
63,VTBR,2007-05-28,
64,RU000A10ENU1,2026-03-26,
65,RU000A104636,,
66,RU000A10AC75,2024-12-17,
67,RU000A10BW70,2025-06-27,
68,RU000A10DEN7,2025-11-14,
69,RU000A10DWQ2,2025-12-18,
70,RU000A1024L7,2020-09-17,
71,RU000A10DZL6,2025-12-26,
72,RU000A10DZN2,2025-12-26,
73,RU000A10DLP7,2025-11-27,
74,RU000A0ZZDB0,2018-07-24,
75,RU000A107W63,2024-03-11,
76,RU000A107EA1,2023-12-20,
77,RU000A106JX4,2023-07-14,
78,RU000A1064L3,2023-04-27,
79,RU000A105KW6,2022-12-07,
80,RU000A105EV1,2022-11-11,
81,RU000A1057B8,2022-09-19,
82,RU000A104TQ2,2022-06-01,
83,RU000A0ZYKJ1,2017-12-15,
84,RU000A102A15,2020-10-27,
85,RU000A102K88,2020-12-23,
86,MDMG,2020-11-09,
87,GEMC,2021-07-15,
88,VKCO,2020-07-02,
89,OZON,2020-11-24,
90,RU000A10EXZ9,2026-04-24,
91,LENT,2021-12-01,
92,RUAL,2015-03-30,
93,T,2019-10-28,
94,HEAD,2024-08-16,
95,CNRU,2025-02-07,
96,ENPG,2020-02-18,
97,YDEX,2024-07-08,
98,RU000A10AAU6,2024-12-12,
99,RU000A10D4D6,2025-10-17,
100,RU000A102KN2,2020-12-23,
101,RU000A104BC0,2021-12-23,
102,RU000A1011B5,2019-11-14,
103,RU000A10DJA3,2025-11-20,
104,RU000A102DS6,2020-11-24,
105,RU000A1043K9,2021-11-23,
106,RU000A0ZYKH5,2017-12-14,
107,RU000A10DWF5,2025-12-18,
108,RU000A103DN5,2021-07-13,
109,RU000A106FT0,2023-07-04,
110,RU000A10AC91,2024-12-17,
111,RU000A10BV22,2025-06-24,
112,RU000A10CSP4,2025-09-22,
113,RU000A10BP38,2025-05-27,
114,RU000A100CN3,2019-05-22,
115,RU000A1010D3,2019-11-11,
116,RU000A101P27,2020-05-20,
117,RU000A1033B9,2021-05-17,
118,RU000A109L72,2024-09-24,
119,RU000A10DQB6,2025-12-08,
120,RU000A10DQA8,2025-12-08,
121,XS0767473852,2012-04-04,
122,XS0971721963,2013-09-16,
123,RU000A0JWHA4,2016-05-27,
124,RU000A0JXTS9,2017-06-23,
125,RU000A0JXU14,2017-06-23,
126,RU000A0ZYYN4,2018-03-21,
127,RU000A1006S9,2019-03-28,
128,RU000A10A810,2024-11-27,
129,RU000A10A851,2024-06-23,
130,RU000A10A869,2024-06-24,
131,RU000A10A8A6,2024-09-21,
132,RU000A10A8E8,2024-09-30,
133,RU000A10A7Y8,2024-09-28,
134,RU000A10A802,2024-10-04,
135,RU000A10A877,2024-09-16,
136,RU000A10A844,2024-06-23,
137,RU000A102CK5,2020-11-20,
138,RU000A102CL3,2020-11-20,
139,RU000A1034K8,2021-05-27,
140,RU000A10A828,2024-11-20,
141,RU000A10A836,2024-11-20,
142,RU000A10A893,2024-05-27,
143,SU26207RMFS9,2012-02-22,
144,SU26212RMFS9,2013-01-23,
145,SU26218RMFS6,2015-10-28,
146,SU26219RMFS4,2016-06-29,
147,SU26221RMFS0,2017-02-15,
148,SU26224RMFS4,2018-02-21,
149,SU26225RMFS1,2018-02-21,
150,SU26226RMFS9,2018-12-19,
151,SU26228RMFS5,2019-04-24,
152,SU26230RMFS1,2019-06-05,
153,SU26231RMFS9,2019-07-26,
154,SU26232RMFS7,2019-12-04,
155,SU26233RMFS5,2020-02-19,
156,SU26235RMFS0,2020-10-14,
157,SU26236RMFS8,2020-11-11,
158,SU26237RMFS6,2021-06-16,
159,SU26238RMFS4,2021-06-16,
160,SU26239RMFS2,2021-06-16,
161,SU26240RMFS0,2021-06-30,
162,SU26241RMFS8,2022-11-16,
163,SU26242RMFS6,2023-01-25,
164,SU26243RMFS4,2023-06-21,
165,SU26244RMFS2,2023-10-25,
166,SU26245RMFS9,2024-05-15,
167,SU26246RMFS7,2024-05-15,
168,SU26247RMFS5,2024-05-15,
169,SU26248RMFS3,2024-05-15,
170,SU26249RMFS1,2025-06-25,
171,SU26250RMFS9,2025-06-25,
172,SU26251RMFS7,2025-08-27,
173,SU26252RMFS5,2025-10-22,
174,SU26253RMFS3,2025-10-22,
175,SU26254RMFS1,2025-10-22,
176,SU29007RMFS0,2014-12-31,
177,SU29008RMFS8,2014-12-31,
178,SU29009RMFS6,2014-12-31,
179,SU29010RMFS4,2014-12-31,
180,SU29013RMFS8,2020-04-08,
181,SU29015RMFS3,2020-09-23,
182,SU29016RMFS1,2020-09-23,
183,SU29017RMFS9,2020-10-14,
184,SU29018RMFS7,2020-10-28,
185,SU29019RMFS5,2020-10-28,
186,SU29020RMFS3,2020-11-11,
187,SU29021RMFS1,2022-10-19,
188,SU29022RMFS9,2022-11-16,
189,SU29023RMFS7,2022-12-07,
190,SU29024RMFS5,2023-05-03,
191,SU29025RMFS2,2023-10-04,
192,SU29026RMFS0,2024-12-04,
193,SU29027RMFS8,2024-12-11,
194,SU29028RMFS6,2025-10-22,
195,SU29029RMFS4,2025-10-22,
196,SU46012RMFS9,2003-02-14,
197,SU46020RMFS2,2006-02-15,
198,SU46023RMFS6,2011-09-30,
199,SU52002RMFS1,2018-03-21,
200,SU52003RMFS9,2020-08-12,
201,SU52004RMFS7,2021-09-08,
202,SU52005RMFS4,2023-03-15,
203,US78307AAE38,1998-06-24,
204,XS0088543193,1998-06-24,
205,US78307ACZ49,2000-08-25,
206,XS0114288789,2000-08-25,
207,RU000A10DWW0,2025-12-19,
208,RU000A0ZZ9P8,2018-06-14,
209,RU000A1020L5,2020-08-11,
210,RU000A0ZZQH9,2018-10-25,
211,RU000A1016N9,2019-12-17,
212,RU000A101Z17,2020-07-30,
213,RU000A102CT6,2020-11-18,
214,RU000A102H34,2020-12-15,
215,RU000A102FV5,2020-12-08,
216,RU000A102L61,2020-12-25,
217,RU000A102L79,2020-12-25,
218,RU000A1099S4,2024-08-23,
219,RU000A10ABC2,2024-12-13,
220,RU000A10DG60,2025-11-18,
221,RU000A10DSG1,2025-12-12,
222,RU000A1043E2,2021-11-23,
223,RU000A107B19,2023-12-01,
224,RU000A102CR0,2020-11-17,
225,RU000A102G35,2020-12-08,
226,RU000A0JWHW8,2016-05-30,
227,RU000A0ZYH93,2017-11-29,
228,RU000A100WF7,2019-10-10,
229,RU000A0JX3M0,2016-12-28,
230,RU000A0JXRM6,2017-05-26,
231,RU000A0ZYLX0,2017-12-26,
232,RU000A0ZYL89,2017-12-20,
233,RU000A1019A0,2019-12-27,
234,RU000A0ZZNW5,2018-10-08,
235,RU000A101JD7,2020-03-18,
236,RU000A0ZZCH9,2018-07-11,
237,RU000A0ZZV86,2018-11-26,
238,RU000A0ZZZ58,2018-12-21,
239,RU000A0ZZZ09,2018-12-20,
240,RU000A100DQ4,2019-05-29,
241,RU000A100ZB9,2019-10-30,
242,RU000A100YY4,2019-10-25,
243,RU000A1016B4,2019-12-13,
244,RU000A1018T2,2019-12-25,
245,RU000A101U95,2020-06-26,
246,RU000A101TD6,2020-06-18,
247,RU000A102AP8,2020-10-30,
248,RU000A102D46,2020-11-19,
249,RU000A102GV3,2020-12-11,
250,RU000A102JB9,2020-12-18,
251,RU000A102GD1,2020-12-10,
252,RU000A102K13,2020-12-21,
253,RU000A102L87,2020-12-25,
254,RU000A102L53,2020-12-24,
255,RU000A103125,2021-04-22,
256,RU000A1031K4,2021-04-23,
257,RU000A103N43,2021-09-07,
258,RU000A103W42,2021-10-18,
259,RU000A103YG5,2021-10-28,
260,RU000A103YK7,2021-10-29,
261,RU000A1041Q0,2021-11-17,
262,RU000A104511,2021-11-26,
263,RU000A104B79,2021-12-23,
264,RU000A104AM1,2021-12-21,
265,RU000A104C45,2021-12-24,
266,RU000A104UV0,2022-06-03,
267,RU000A104X32,2022-07-01,
268,RU000A105344,2022-08-12,
269,RU000A105898,2022-09-22,
270,RU000A1058R2,2022-09-29,
271,RU000A105AV9,2022-10-18,
272,RU000A105CB7,2022-10-28,
273,RU000A105H23,2022-11-23,
274,RU000A105JF3,2022-11-30,
275,RU000A105LN3,2022-12-12,
276,RU000A105NN9,2022-12-22,
277,RU000A105NY6,2022-12-23,
278,RU000A105NP4,2022-12-22,
279,RU000A105NZ3,2022-12-23,
280,RU000A105P72,2022-12-26,
281,RU000A1065R7,2023-04-26,
282,RU000A106FM5,2023-06-29,
283,RU000A106HE8,2023-07-07,
284,RU000A106YR5,2023-09-29,
285,RU000A1074A5,2023-10-23,
286,RU000A107G55,2023-12-22,
287,RU000A107GL3,2023-12-25,
288,RU000A107EQ7,2023-12-19,
289,RU000A107GM1,2023-12-25,
290,RU000A107SY1,2024-02-16,
291,RU000A108GC0,2024-05-22,
292,RU000A1093G2,2024-07-26,
293,RU000A109L98,2024-09-23,
294,RU000A109NH3,2024-09-30,
295,RU000A109MG7,2024-09-26,
296,RU000A109NG5,2024-09-30,
297,RU000A109NJ9,2024-09-30,
298,RU000A10AQC0,2025-01-27,
299,RU000A10AQE6,2025-01-27,
300,RU000A10BP53,2025-05-27,
301,RU000A10BVS4,2025-06-26,
302,RU000A10C1N2,2025-07-11,
303,RU000A10C1P7,2025-07-11,
304,RU000A10C8J5,2025-08-01,
305,RU000A10DEA4,2025-11-13,
306,RU000A10DX10,2025-12-19,
307,RU000A10DWX8,2025-12-19,
308,RU000A10DYJ3,2025-12-24,
309,RU000A10EL21,2026-03-17,
310,RU000A10EQG3,2026-03-31,
311,RU000A10B0J3,2025-03-06,
312,RU000A10DHT7,2025-11-19,
313,RU000A1075S4,2023-11-02,
314,RU000A107AJ0,2023-12-05,
315,RU000A107WL0,2024-03-12,
316,RU000A108LU2,2024-06-07,
317,RU000A109KC0,2025-11-26,
318,RU000A10AHA3,2024-12-26,
319,RU000A10AT27,2025-02-28,
320,RU000A10AT35,2025-03-24,
321,RU000A10BUK3,2025-06-26,
322,RU000A10C5Y0,2025-07-28,
323,RU000A10CSX8,2025-09-24,
324,RU000A10DYP0,2025-12-25,
325,RU000A10E6Q2,2026-02-05,
326,RU000A10E6V2,2026-02-03,
327,RU000A10EL70,2026-04-21,
328,RU000A10EL88,2026-04-22,
329,RU000A0JVF98,2015-05-29,
330,RU000A0JVLA8,2015-07-08,
331,RSHU,2019-12-12,
332,ESGR,2020-06-29,
333,PRIE,2021-04-26,
334,RU000A10BPQ0,2025-05-29,
335,RU000A10DTV8,2025-12-17,
336,RU000A10ETE2,2026-04-13,
337,RU000A105LY0,2022-12-21,
338,RU000A1068T7,2023-05-26,
339,RU000A106P97,2023-08-31,
340,RU000A107TK8,2024-02-28,
341,RU000A107TL6,2024-02-28,
342,RU000A109N54,2024-09-27,
343,RU000A10DBE2,2025-10-30,
344,RU000A10F140,2026-04-30,
345,TUSD,2019-12-09,
346,TEUR,2019-12-09,
347,TRUR,2019-12-09,
348,TGLD,2020-08-26,
349,TMOS,2020-08-26,
350,TBRU,2021-07-12,
351,TBEU,2021-11-23,
352,TMON,2023-07-12,
353,TDIV,2023-11-23,
354,TLCB,2023-11-23,
355,TITR,2024-05-20,
356,TPAY,2024-08-12,
357,TOFZ,2024-12-09,
358,TRND,2025-03-24,
359,AKMB,2020-06-02,
360,AKME,2020-12-18,
361,AKQU,2021-10-04,
362,AKGD,2021-12-21,
363,AKMM,2022-07-14,
364,AKUP,2024-01-31,
365,AKIE,2024-09-26,
366,AKAI,2024-10-16,
367,AKFB,2024-10-23,
368,AKHT,2024-11-11,
369,AKPP,2025-02-26,
370,AKMP,2025-02-25,
371,AKBC,2025-04-07,
372,AKGP,2025-06-25,
373,AKFN,2025-09-10,
374,AKCN,2025-09-10,
375,AMRE,2021-04-15,
376,AMRH,2021-08-12,
377,AMNR,2024-01-16,
378,AMNY,2024-06-24,
379,AMFL,2024-12-27,
380,AMGB,2024-12-27,
381,AMGL,2025-07-15,
382,DIVD,2021-01-19,
383,GROD,2021-06-16,
384,BOND,2022-08-18,
385,GOOD,2024-12-11,
386,BNDB,2025-04-22,
387,BNDC,2025-04-29,
388,BNDA,2025-05-15,
389,WILD,2025-05-22,
390,FMMM,2024-10-04,
391,FMBR,2025-10-21,
392,FINC,2024-09-02,
393,PSMM,2024-05-27,
394,PSRB,2024-11-20,
395,PSGM,2025-04-15,
396,PSRE,2025-07-18,
397,VDOR,2026-04-21,
398,RU000A0JT4S1,2022-08-19,
399,RU000A102N77,2021-02-10,
400,BSPB,2008-03-19,
401,RU000A1033Z8,2021-05-27,
402,AQUA,2010-04-16,
403,RU000A107W48,2024-03-01,
404,RU000A10B8R9,2025-04-07,
405,RU000A10B8P3,2025-04-07,
406,RU000A10DHV3,2025-11-19,
407,AFKS,2007-12-12,
408,RU000A10B024,2025-03-04,
409,RU000A10BPZ1,2025-05-30,
410,RU000A10BY94,2025-07-02,
411,RU000A0JWYQ5,2016-11-11,
412,RU000A10CU48,2025-09-26,
413,RU000A0JWZY6,2016-11-25,
414,RU000A10CU55,2025-09-26,
415,RU000A0JXN21,2017-04-07,
416,RU000A10DPW4,2025-12-04,
417,RU000A0ZYQY7,2018-02-02,
418,RU000A10DPV6,2025-12-04,
419,RU000A0ZYWU3,2018-03-07,
420,RU000A1005L6,2019-03-06,
421,RU000A1008J4,2019-04-05,
422,RU000A100N12,2019-07-29,
423,RU000A101012,2019-11-05,
424,RU000A10EE87,2026-02-27,
425,RU000A101Q26,2020-05-27,
426,RU000A101XN7,2020-07-22,
427,RU000A1023K1,2020-09-07,
428,RU000A102FS1,2020-12-07,
429,RU000A102FT9,2020-12-07,
430,RU000A102SV8,2021-03-01,
431,RU000A102SX4,2021-03-01,
432,RU000A103372,2021-05-12,
433,RU000A103C95,2021-07-05,
434,RU000A103P33,2021-09-13,
435,RU000A104693,2021-12-03,
436,RU000A105L27,2022-12-07,
437,RU000A106Z46,2023-10-03,
438,RU000A107GX8,2023-12-26,
439,RU000A107SM6,2024-02-15,
440,RU000A108GL1,2024-05-23,
441,RU000A108GN7,2024-05-23,
442,RU000A1098F3,2024-08-14,
443,AFLT,2004-02-13,
444,RU000A103943,2021-06-17,
445,RU000A10BGJ4,2025-04-24,
446,RU000A10CS75,2025-09-19,
447,VSEH,2024-07-05,
448,GAZP,2006-01-23,
449,GMKN,2006-12-26,
450,RAGR,2025-02-17,
451,LSRG,2007-11-09,
452,RU000A10EYH5,2026-04-28,
453,RU000A103PX8,2021-09-17,
454,RU000A106888,2023-05-17,
455,RU000A1082X0,2024-03-22,
456,RU000A10B0B0,2025-03-05,
457,RU000A10CKY3,2025-08-27,
458,POSI,2021-12-17,
459,RENI,2021-10-20,
460,RU000A10B4V0,2025-03-24,
461,RU000A10C5F9,2025-07-22,
462,RU000A1094F2,2024-07-30,
463,RU000A10B420,2025-03-19,
464,DOMRF,2025-11-20,
465,RU000A0JQAM6,2009-08-27,
466,RU000A0JTW83,2013-04-29,
467,RU000A0JTZF1,2013-06-25,
468,RU000A0JUKX4,2014-04-28,
469,RU000A0JV4R9,2015-01-13,
470,RU000A0ZYLU6,2017-12-25,
471,RU000A105MN1,2022-12-19,
472,RU000A0ZYQU5,2018-02-02,
473,RU000A0ZZ1N0,2018-04-06,
474,RU000A107GC2,2023-12-22,
475,RU000A0ZZ7C0,2018-05-23,
476,RU000A108FC2,2024-05-24,
477,RU000A0JX2R1,2016-12-23,
478,RU000A1004W6,2019-03-01,
479,RU000A109U97,2024-10-22,
480,RU000A0ZYF20,2017-11-08,
481,RU000A100ET6,2019-06-06,
482,RU000A10CM22,2025-08-29,
483,RU000A0ZYF38,2017-11-08,
484,RU000A101590,2019-12-06,
485,RU000A10CT58,2025-09-23,
486,RU000A0ZYFM5,2017-11-14,
487,RU000A10DXL1,2025-12-22,
488,RU000A0ZYFN3,2017-11-14,
489,EUTR,2023-11-21,
490,IRAO,2009-12-01,
491,X5,2025-01-09,
492,LEAS,2024-03-29,
493,RU000A103KJ8,2021-08-20,
494,RU000A100W60,2019-10-03,
495,RU000A100DG5,2019-05-28,
496,RU000A108Y86,2024-07-09,
497,RU000A0JWVL2,2016-10-11,
498,RU000A10A7C4,2024-12-03,
499,RU000A0ZZBV2,2018-07-03,
500,RU000A10ASC6,2025-01-31,
501,MVID,2007-11-01,
502,MBNK,2024-04-26,
503,RU000A10BJ85,2025-04-30,
504,RU000A10EDW8,2026-02-27,
505,RU000A10AXH5,2025-02-18,
506,RU000A10ERV0,2026-04-07,
507,RU000A10B0A2,2025-03-05,
508,RU000A10DDU4,2025-11-12,
509,RU000A10A9Z1,2024-12-09,
510,RU000A10DPM5,2025-12-03,
511,RU000A10C618,2025-07-24,
512,RU000A10CL07,2025-08-27,
513,MAGN,2005-12-26,
514,MTLR,2008-12-26,
515,MTLRP,2011-04-21,
516,MTSS,2004-02-11,
517,RU000A10F124,2026-04-30,
518,RU000A0JWRV9,2016-09-02,
519,RU000A1078S8,2023-11-22,
520,RU000A10AF49,2024-12-20,
521,RU000A1083U4,2024-03-28,
522,RU000A1083W0,2024-03-28,
523,RU000A109312,2024-07-25,
524,RU000A10B1N3,2025-03-10,
525,RU000A10B5F0,2025-03-25,
526,RU000A10BGY3,2025-04-25,
527,RU000A100L55,2019-07-17,
528,RU000A10BP79,2025-05-27,
529,RU000A10BW62,2025-06-27,
530,RU000A10D459,2025-10-16,
531,RU000A101FH6,2020-02-20,
532,RU000A10DFN4,2025-11-17,
533,RU000A101NG2,2020-05-14,
534,RU000A10E8N5,2026-02-11,
535,RU000A101NH0,2020-05-14,
536,RU000A10ECH1,2026-02-24,
537,RU000A10ELF6,2026-03-18,
538,RU000A10ESM7,2026-04-10,
539,RU000A10EV78,2026-04-16,
540,RU000A104WJ1,2022-06-27,
541,RU000A10C2J8,2025-07-21,
542,RU000A10AV98,2025-02-14,
543,RU000A10CQ85,2025-09-12,
544,MOEX,2013-02-04,
545,LKOH,2003-08-20,
546,BELU,2007-11-20,
547,RU000A10CSQ2,2025-09-22,
548,RU000A10E7G1,2026-02-05,
549,RU000A104Y15,2022-07-12,
550,RU000A10EMG2,2026-03-20,
551,RU000A1099A2,2024-08-20,
552,NLMK,2006-04-06,
553,OZPH,2024-10-17,
554,PIKK,2007-06-13,
555,RU000A0ZZ1M2,2018-04-06,
556,RU000A0ZZ3S5,,
557,PLZL,2006-05-12,
558,RU000A107PA7,2024-01-26,
559,RU000A1054W1,2022-08-30,
560,RU000A105VC5,2023-02-17,
561,RU000A108L81,2024-06-04,
562,RU000A10EYG7,2026-04-27,
563,RTKM,2005-01-11,
564,RTKMP,2005-01-11,
565,RU000A0JWTN2,2016-09-22,
566,RU000A0JXPN8,2017-04-26,
567,RU000A0ZYG52,2017-11-21,
568,RU000A101FG8,2020-02-19,
569,RU000A0ZYYE3,2018-03-16,
570,RU000A100881,2019-04-03,
571,RU000A103EZ7,2021-07-23,
572,SBER,2007-07-20,
573,SBERP,2007-07-20,
574,RU000A103661,2021-06-21,
575,RU000A1038U8,2021-06-21,
576,RU000A103G42,2021-08-06,
577,RU000A103G59,2021-08-06,
578,RU000A103H66,2021-08-06,
579,RU000A103YV4,2023-05-31,
580,RU000A10BL99,2025-05-23,
581,RU000A10BZH8,2025-07-11,
582,RU000A10C8S6,2025-08-07,
583,RU000A10CBA2,2025-09-29,
584,RU000A10DS74,2025-12-16,
585,RU000A10EF52,2026-03-13,
586,RU000A10EJ90,2026-03-13,
587,CHMF,2005-06-02,
588,SELG,2011-09-22,
589,SVCB,2023-12-15,
590,RU000A0ZYX28,2018-03-07,
591,RU000A0ZYWZ2,2018-03-07,
592,RU000A101MB5,2020-04-29,
593,RU000A109VL8,2024-10-25,
594,RU000A100DZ5,2019-05-30,
595,RU000A103760,2021-06-07,
596,RU000A0ZYJR6,2017-12-07,
597,TGKA,2007-03-26,
598,RU000A105NB4,2022-12-22,
599,TRNFP,2008-01-14,
600,RU000A1010B7,2019-11-08,
601,HYDR,2008-05-22,
602,FEES,2008-07-16,
603,RU000A0JX090,2016-11-29,
604,RU000A1028T1,2020-10-20,
605,RU000A1036S6,2021-06-09,
606,RU000A101CL5,2020-01-30,
607,FIXR,2025-07-09,
608,PHOR,2011-07-18,
609,RU000A106G56,2023-07-03,
610,RU000A10A4S7,2024-11-22,
611,RU000A10AXK9,2025-02-18,
612,RU000A108LP2,2024-06-06,
613,RU000A10B7J8,2025-04-01,
614,RU000A109K40,2024-09-18,
615,RU000A10CZ68,2025-10-02,
616,RU000A10EER6,2026-03-03,
617,RU000A10ER66,2026-04-02,
618,ELFV,2014-12-01,
619,SFIN,2015-12-04,
620,UPRO,2007-05-24,
621,ASTR,2023-10-13,
622,SGZH,2021-04-28,
623,RNFT,2016-11-18,
624,MSNG,2005-01-11,
625,RU000A101RV2,2020-09-23,
626,RU000A101RW0,2021-06-28,
627,RU000A101S16,2021-06-28,
628,RU000A101S08,2021-06-28,
629,RU000A101RT6,2021-06-28,
630,RU000A101RZ3,2020-09-23,
631,RU000A0JWTV5,2016-09-23,
632,RU000A102VR0,2021-03-22,
633,RU000A0JX199,2016-12-12,
634,RU000A0JXE06,2017-02-09,
635,RU000A0JXPG2,2017-04-25,
636,RU000A10A3Z4,2024-11-20,
637,RU000A0ZYAP9,2017-09-20,
638,RU000A10A5H7,2024-11-27,
639,RU000A0ZYNY4,2018-01-19,
640,RU000A10AU73,2025-02-10,
641,RU000A0JWST1,2016-09-13,
642,RU000A0ZYR91,2018-02-06,
643,RU000A10BQB0,2025-06-03,
644,RU000A0ZZ1J8,2018-04-06,
645,RU000A10C6F7,2025-07-25,
646,RU000A0ZZ984,2018-06-08,
647,RU000A10CR50,2025-09-15,
648,RU000A0ZZAL5,2018-06-22,
649,RU000A10DP51,2025-12-02,
650,RU000A0ZZV11,2018-11-23,
651,RU000A10EMU3,2026-03-23,
652,RU000A1003A4,2019-02-08,
653,RU000A100FE5,2019-06-13,
654,RU000A101GD3,2020-02-27,
655,RU000A101QL5,2020-06-01,
656,RU000A101SC0,2020-06-10,
657,RU000A101SD8,2020-06-10,
658,RU000A1038M5,2021-06-16,
659,RU000A108DE3,2024-05-03,
660,RU000A10EAM5,2026-02-17,
661,RU000A0JT403,2012-10-12,
662,RU000A0JT6B2,2012-10-18,
663,RU000A0JS4Z7,2012-03-13,
664,RU000A1042W6,2021-11-23,
665,RU000A1013P1,2019-11-26,
666,RU000A101TB0,2020-06-18,
667,RU000A1031S7,2021-04-27,
668,RU000A1031T5,2021-04-27,
669,RU000A1031U3,2021-04-27,
670,RU000A1031Z2,2021-05-07,
671,RU000A103FY7,2021-07-29,
672,RU000A10DMS9,2025-12-02,
673,RU000A105NT6,2022-12-23,
674,RU000A106YE3,2023-09-27,
675,RU000A0JXS83,2017-06-01,
676,RU000A101WD0,2020-07-15,
677,RU000A0JSGV0,2012-07-20,
678,RU000A0JXN05,2017-04-07,
679,RU000A0JXQ44,2017-04-27,
680,RU000A0JXR84,2017-05-18,
681,RU000A0JXZB2,2017-08-17,
682,RU000A0ZYU05,2018-02-20,
683,RU000A0ZZ9R4,2018-06-14,
684,RU000A1007Z2,2019-04-01,
685,RU000A1008D7,2019-04-04,
686,RU000A100HY9,2019-07-04,
687,RU000A102QP4,2021-02-08,
688,RU000A102R40,2021-02-12,
689,SMLT,2020-10-29,
690,RU000A104JQ3,2022-02-15,
691,RU000A107RZ0,2024-02-09,
692,RU000A1095L7,2024-08-06,
693,RU000A109874,2024-08-14,
694,RU000A10BFX7,2025-04-22,
695,RU000A10BW96,2025-06-27,
696,RU000A10E6U4,2026-02-03,
697,RU000A10CZA1,2025-10-03,
698,NVTK,2006-08-18,
699,ROSN,2006-07-19,
700,RU000A0JX132,2016-12-07,
701,RU000A0ZYJH7,2017-12-06,
702,RU000A0ZYJJ3,2017-12-06,
703,RU000A0ZYLG5,2017-12-21,
704,RU000A0JXQK2,2017-05-04,
705,RU000A0ZYT40,2018-02-15,
706,RU000A0ZYVU5,2018-03-02,
707,RU000A0JXXD3,2017-07-26,
708,RU000A1008P1,2019-04-05,
709,RU000A0JXXE1,2017-07-26,
710,RU000A1008Q9,2019-04-05,
711,RU000A0ZYCP5,2017-10-12,
712,RU000A100KY3,2019-07-15,
713,RU000A100YQ0,2019-10-24,
714,RU000A101SF3,2020-06-10,
715,FLOT,2020-10-07,
716,TATN,2005-01-11,
717,TATNP,2005-01-11,
718,RU000A107HR8,2023-12-28,
719,RU000A108RP9,2024-06-21,
720,RU000A109KY4,2024-09-20,
721,RU000A10B0U0,2025-03-06,
722,RU000A10C6P6,2025-07-25,
723,RU000A10D9K0,2025-10-27,
724,RU000A10D9L8,2025-10-27,
725,RU000A10EQ34,2026-03-30,
726,RU000A109PP1,2024-10-09,
727,RU000A10B263,2025-03-12,
728,RU000A10BNM4,2025-05-23,
729,RU000A10DCK7,2025-11-01,
730,RU000A1070X5,2023-10-16,
731,RU000A10DQK7,2025-12-12,
732,RU000A10BXW2,2025-07-01,
733,RU000A106JZ9,2023-07-14,
734,RU000A10EHC1,2026-03-11,
735,RU000A1089G0,2024-04-12,
736,RU000A1026H0,2020-10-02,
737,RU000A10BQF1,2025-06-04,
738,RU000A10C5T0,2025-07-23,
739,RU000A10C5U8,2025-07-23,
740,RU000A10EMT5,2026-03-23,
741,RU000A105YB1,2023-03-16,
742,RU000A106K27,2023-07-17,
743,RU000A10EG28,2026-03-06,
744,RU000A10DY01,2025-12-26,
745,RU000A10EHJ6,2026-03-11,
746,RU000A106Z38,2023-10-03,
747,RU000A108TU5,2024-06-25,
748,RU000A109981,2024-08-16,
749,RU000A10B1Q6,2025-03-10,
750,RU000A104A39,2021-12-17,
751,XHOUSE,2024-12-27,
752,RU000A10BYZ3,2025-07-04,
753,RU000A10EYY0,2026-04-28,
754,RU000A10ES32,2026-04-07,
755,RU000A10ES16,2026-04-07,
756,RU000A10CWF7,2025-09-30,
757,RU000A10DSL1,2025-12-12,
758,RU000A10DSM9,2025-12-12,
759,RU000A10EYV6,2026-04-28,
760,RU000A10EYW4,2026-04-28,
761,RU000A10AEG7,2024-12-20,
762,RU000A10AYW2,2025-02-25,
763,RU000A10B4J5,2025-03-21,
764,RU000A10BFJ6,2025-04-18,
765,RU000A10BPN7,2025-05-29,
766,RU000A10BU07,2025-06-20,
767,RU000A10BV71,2025-06-24,
768,RU000A10C8A4,2025-07-31,
769,RU000A10CH11,2025-08-21,
770,RU000A10CQA0,2025-09-12,
771,RU000A10CTH9,2025-09-25,
772,RU000A10DEQ0,2025-11-14,
773,RU000A10DZK8,2025-12-26,
774,RU000A10ECX8,2026-02-25,
775,RU000A109LC8,2024-09-24,
776,RU000A10A6W4,2024-11-29,
777,RU000A10ASE2,2025-01-31,
778,RU000A10BQ60,2025-06-02,
779,RU000A106R95,2023-08-18,
780,RU000A10A7S0,2024-12-04,
781,RU000A10CU89,2025-09-26,
782,RU000A10EEZ9,2026-03-04,
783,RU000A103G00,2021-07-28,
784,RU000A105M91,2022-12-16,
785,RU000A1082Y8,2024-04-05,
786,RU000A10B2X0,2025-03-21,
787,RU000A0JWUB5,2016-09-29,
788,RU000A0JX2F6,2016-12-20,
789,RU000A0JX2D1,2016-12-20,
790,RU000A0JWGS8,2016-05-18,
791,RU000A0JWNB0,2016-07-21,
792,RU000A10AC18,2024-12-16,
793,RU000A10DYC8,2025-12-23,
794,RU000A0ZZTL5,2018-11-15,
795,RU000A10C725,2025-07-28,
796,RU000A10CSG3,2025-09-19,
797,RU000A10DQL5,2025-12-08,
798,RU000A10E7W8,2026-02-09,
799,RU000A10ENS5,2026-03-26,
800,RU000A108WY1,2024-07-05,
801,RU000A10AFX9,2024-12-24,
802,RU000A10B0C8,2025-03-05,
803,RU000A10B4D8,2025-03-20,
804,RU000A10BQD6,2025-06-03,
805,RU000A1087A7,2024-04-09,
806,RU000A10AFT7,2024-12-24,
807,RU000A10B0Z9,2025-03-07,
808,RU000A10C0V7,2025-07-08,
809,RU000A10EQ42,2026-03-30,
810,RU000A105VU7,2023-02-22,
811,RU000A109SP5,2024-10-15,
812,RU000A103QH9,2021-09-21,
813,RU000A10BAP4,2025-04-11,
814,RU000A10DA74,2025-11-21,
815,RU000A10EST2,2026-04-10,
816,RU000A10E291,2025-12-29,
817,RU000A10EA40,2026-02-20,
818,RU000A10DCF7,2025-11-01,
819,RU000A10DCG5,2025-11-01,
820,RU000A105CM4,2022-11-01,
821,RU000A106SP1,2023-08-29,
822,RU000A107W06,2024-03-07,
823,RU000A10BBE6,2025-04-11,
824,RU000A108Z93,2024-07-12,
825,RU000A10CQE2,2025-09-12,
826,RU000A10DTG9,2025-12-16,
827,RU000A10EML2,2026-03-20,
828,RU000A0JVD66,2015-04-29,
829,RU000A0JXZC0,2017-08-18,
830,RU000A100030,2018-12-27,
831,RU000A103NU9,2021-09-14,
832,RU000A106FR4,2023-06-29,
833,RU000A104XR2,2022-07-07,
834,RU000A106J20,2023-07-12,
835,RU000A106R53,2023-08-16,
836,RU000A106C92,2023-06-06,
837,RU000A106XM8,2023-09-22,
838,RU000A10EPR2,2026-03-27,
839,RU000A10EPQ4,2026-03-27,
840,RU000A101T56,2020-06-16,
841,RU000A101UE2,2020-06-29,
842,RU000A101780,2019-12-19,
843,RU000A10DY84,2025-12-23,
844,RU000A1076U8,2023-11-10,
845,RU000A107RH8,2024-02-07,
846,RU000A1089K2,2024-04-12,
847,RU000A1094G0,2024-07-30,
848,RU000A108VW7,2024-07-02,
849,RU000A109JZ3,2024-09-17,
850,RU000A109JY6,2024-09-17,
851,RU000A10BLH8,2025-05-16,
852,RU000A10CSD0,2025-09-19,
853,RU000A10ERG1,2026-04-03,
854,ETLN,2020-02-03,
855,RU000A10BF48,2025-04-21,
856,RU000A10CMT9,2025-09-09,
857,RU000A10DDR0,2025-11-18,
858,RU000A105ND0,2022-12-22,
859,RU000A108U72,2024-06-26,
860,RU000A10E804,2026-02-13,
861,RU000A10EMF4,2026-03-20,
862,RU000A108KU4,2024-05-31,
863,RU000A10DZU7,2025-12-26,
864,RU000A10DZT9,2025-12-26,
865,XACCSK,2025-12-23,
866,RU000A10DJ18,2025-11-24,
867,RU000A10DJ00,2025-11-24,
868,RU000A10EK71,2026-03-16,
869,RU000A107UU5,2024-03-07,
870,RU000A10A3C3,2024-11-18,
871,RU000A10C8F3,2025-08-08,
872,RU000A10B313,2025-03-19,
873,RU000A10EC63,2026-02-26,
874,RU000A10EPW2,2026-03-27,
875,RU000A102952,2020-10-20,
876,RU000A106EZ0,2023-06-30,
877,RU000A107D33,2023-12-14,
878,RU000A109KX6,2024-09-25,
879,RU000A10AV15,2025-02-13,
880,RU000A10B2T8,2025-03-14,
881,RU000A10C634,2025-07-24,
882,RU000A10DA41,2025-10-28,
883,RU000A10EES4,2026-03-03,
884,RU000A10EYJ1,2026-04-28,
885,RU000A106HB4,2023-07-06,
886,RU000A109HX2,2024-09-12,
887,RU000A10BS76,2025-06-11,
888,RU000A10E6D0,2026-01-29,
889,RU000A10EYU8,2026-04-28,
890,RU000A106375,2023-04-12,
891,RU000A108BN8,2024-04-24,
892,RU000A108JV4,2024-05-28,
893,RU000A108MZ9,2024-06-10,
894,RU000A101QN1,2020-06-02,
895,RU000A109K65,2024-09-18,
896,RU000A106672,2023-04-27,
897,RU000A106AT1,2023-05-30,
898,RU000A10D2Q2,2025-10-10,
899,RU000A10DLE1,2025-11-26,
900,RU000A107050,2023-10-10,
901,RU000A107084,2023-10-10,
902,RU000A107ET1,2023-12-19,
903,RU000A10BBW8,2025-04-15,
904,RU000A107T27,2024-02-19,
905,RU000A10BFM0,2025-04-18,
906,RU000A1087J8,2024-04-09,
907,RU000A10BPP2,2025-05-29,
908,RU000A109080,2024-07-19,
909,RU000A10BY03,2025-07-01,
910,RU000A1094X5,2024-08-01,
911,RU000A10CSZ3,2025-09-23,
912,RU000A10CT25,2025-09-23,
913,RU000A10CP52,2025-09-09,
914,RU000A10E9Y0,2026-02-13,
915,RU000A10DT08,2025-12-15,
916,RU000A10ECM1,2026-02-24,
917,RU000A10ES57,2026-04-08,
918,RU000A10EFX1,2026-03-05,
919,RU000A10CTB2,2025-09-24,
920,RU000A10B487,2025-03-20,
921,RU000A109U06,2024-10-22,
922,RU000A108G05,2024-05-21,
923,RU000A10B3Z3,2025-03-18,
924,RU000A10CKZ0,2025-08-27,
925,RU000A10D806,2025-10-24,
926,RU000A10EQ75,2026-03-30,
927,RU000A10BQV8,2025-06-05,
928,RU000A103RL9,2021-09-24,
929,RU000A109DV5,2024-09-03,
930,RU000A10A4N8,2024-11-22,
931,RU000A10B4A4,2025-03-20,
932,RU000A1022E6,2020-08-27,
933,RU000A10DJY3,2025-11-24,
934,RU000A106EP1,2023-06-23,
935,RU000A10CJ92,2025-08-26,
936,RU000A10D7Z2,2025-10-24,
937,RU000A10AFB5,2024-12-23,
938,RU000A103QK3,2021-09-21,
939,RU000A10EXJ3,2026-04-22,
940,RU000A10EXK1,2026-04-22,
941,RU000A10AHB1,2024-12-26,
942,RU000A10AHE5,2024-12-26,
943,RU000A10AYD2,2025-02-21,
944,RU000A10AYF7,2025-02-21,
945,RU000A10BFL2,2025-04-18,
946,RU000A10BY45,2025-07-02,
947,RU000A10CMQ5,2025-09-03,
948,RU000A102BK7,2020-11-06,
949,RU000A106AH6,2023-05-29,
950,RU000A1084E6,2024-03-29,
951,RU000A10B2J9,2025-03-13,
952,RU000A10CCN3,2025-08-13,
953,RU000A105146,2022-08-05,
954,RU000A10AA10,2024-12-09,
955,RU000A1035H1,2021-05-31,
956,RU000A104V26,2022-06-07,
957,RU000A105HH3,2022-11-28,
958,RU000A0JWVT5,2016-10-14,
959,RU000A1075J3,2023-11-01,
960,RU000A102K39,2020-12-21,
961,RU000A106GH3,2023-07-04,
962,RU000A103C53,2021-07-02,
963,RU000A106DP3,2023-06-16,
964,RU000A10AHC9,2024-12-26,
965,RU000A108C74,2024-04-26,
966,RU000A108UR9,2024-06-28,
967,RU000A10E1Z4,2025-12-26,
968,RU000A10BVR6,2025-06-26,
969,RU000A10D4W6,2025-10-21,
970,RU000A10DQ68,2025-12-05,
971,RU000A10EMS7,2026-03-23,
972,RU000A1099V8,2024-08-23,
973,RU000A10AHM8,2024-12-27,
974,RU000A10B3W0,2025-03-18,
975,RU000A10BPV0,2025-05-30,
976,RU000A10BXX0,2025-07-01,
977,RU000A10C899,2025-07-31,
978,RU000A10CSL3,2025-09-22,
979,RU000A10DSV0,2025-12-15,
980,RU000A10E4H6,2026-01-20,
981,RU000A10D4G9,2025-10-17,
982,RU000A10DTS4,2025-12-17,
983,RU000A10DTT2,2025-12-17,
984,RU000A10E9W4,2026-02-13,
985,RU000A10EPP6,2026-03-27,
986,RU000A10AHN6,2024-12-27,
987,RU000A10BLQ9,2025-05-20,
988,RU000A10BV48,2025-06-24,
989,RU000A10D4H7,2025-10-17,
990,RU000A10F0V4,2026-04-29,
991,RU000A1084B2,2024-03-29,
992,RU000A10B8M0,2025-04-07,
993,RU000A10BZQ9,2025-07-07,
994,RU000A10C2L4,2025-07-15,
995,RU000A10EK06,2026-03-16,
996,RU000A101NK4,2020-07-23,
997,RU000A10EJZ8,2026-03-16,
998,RU000A10EKY9,2026-03-17,
999,RU000A106KW4,2023-07-20,
1000,RU000A1071U9,2023-10-18,
1001,RU000A108C58,2024-04-26,
1002,RU000A1092S9,2024-07-25,
1003,RU000A10D3A4,2025-10-14,
1004,RU000A10EX68,2026-04-21,
1005,RU000A10AHP1,2024-12-27,
1006,RU000A10BVY2,2025-06-26,
1007,RU000A10BWA0,2025-06-27,
1008,PRMD,2024-07-12,
1009,HNFG,2023-11-02,
1010,RU000A10BQC8,2025-06-03,
1011,RU000A105RW1,2023-01-25,
1012,RU000A106169,2023-03-30,
1013,RU000A10DHX9,2025-11-19,
1014,RU000A103QQ0,2021-09-22,
1015,RU000A109KW8,2024-09-20,
1016,AKRN,2006-10-11,
1017,RU000A0JWV89,2016-10-06,
1018,RU000A10DBZ7,2025-10-31,
1019,RU000A0JXSS1,2017-06-06,
1020,RU000A10E6T6,2026-02-03,
1021,RU000A10F108,2026-04-30,
1022,RU000A108JH3,2024-05-24,
1023,RU000A109XR1,2024-10-29,
1024,RU000A10AA28,2024-12-09,
1025,RU000A10B347,2025-03-14,
1026,RU000A10BGH8,2025-04-24,
1027,RU000A10BRM5,2025-06-06,
1028,APTK,2005-12-21,
1029,RU000A1015T8,2019-12-13,
1030,RU000A101T72,2020-06-16,
1031,RU000A10B7H2,2025-04-01,
1032,ABIO,2006-05-23,
1033,BTBR,2026-04-17,
1034,WUSH,2022-12-14,
1035,OGKB,2007-06-22,
1036,RU000A101WR0,2020-07-15,
1037,RU000A105XE7,2023-03-10,
1038,RU000A105YK2,2023-03-17,
1039,RU000A105WK6,2023-03-02,
1040,RU000A105W81,2023-02-27,
1041,RU000A105TY3,2023-02-10,
1042,RU000A105WP5,2023-03-03,
1043,RU000A105X80,2023-03-09,
1044,RU000A105YV9,2023-03-17,
1045,GLRX,2025-10-31,
1046,BAZA,2025-12-10,
1047,RU000A10D483,2025-10-16,
1048,RU000A10DA66,2025-10-28,
1049,RU000A10DRF5,2025-12-09,
1050,RU000A10E630,2026-01-28,
1051,RU000A10EJA1,2026-03-12,
1052,RU000A10EVJ7,2026-04-16,
1053,RU000A10F4F9,2026-05-07,
1054,RU000A109B33,2024-08-28,
1055,RU000A10BK09,2025-05-07,
1056,RU000A10BK17,2025-05-07,
1057,RU000A105NL3,2022-12-22,
1058,RU000A1083A6,2024-03-26,
1059,RU000A10B4K3,2025-03-21,
1060,RU000A10BQU0,2025-06-05,
1061,RU000A10BU23,2025-06-20,
1062,RU000A10BTU4,2025-06-19,
1063,RU000A10C8Q0,2025-08-01,
1064,RU000A10CRC4,2025-09-16,
1065,RU000A10CRD2,2025-09-16,
1066,RU000A10DLV5,2025-11-27,
1067,DATA,2024-10-01,
1068,RU000A109098,2024-07-19,
1069,RU000A10AHJ4,2024-12-27,
1070,RU000A10BWC6,2025-06-27,
1071,FESH,2008-08-28,
1072,DIAS,2024-02-13,
1073,IVAT,2024-06-04,
1074,RU000A10B3T6,2025-03-17,
1075,RU000A10CZ43,2025-10-02,
1076,KMAZ,2004-02-26,
1077,RU000A0ZZ7G1,2018-05-24,
1078,RU000A0ZZ7H9,2018-05-24,
1079,RU000A0ZZ885,2018-05-29,
1080,RU000A0ZZ877,2018-05-29,
1081,RU000A0ZZ893,2018-05-29,
1082,RU000A0JVP39,2015-08-06,
1083,RU000A0JW126,2015-12-24,
1084,RU000A0JX1C5,2016-12-12,
1085,RU000A0JX2B5,2016-12-20,
1086,RU000A10BU31,2025-06-20,
1087,RU000A10CQ77,2025-09-12,
1088,RU000A10CQ93,2025-09-12,
1089,RU000A10DP93,2025-12-02,
1090,RU000A10DPB8,2025-12-02,
1091,RU000A10EAC6,2026-02-16,
1092,RU000A10EN37,2026-03-24,
1093,RU000A10EN29,2026-03-24,
1094,DELI,2024-02-06,
1095,RU000A1090K0,2024-07-22,
1096,RU000A108QA3,2024-06-18,
1097,RU000A108Q94,2024-06-18,
1098,RU000A1094E5,2024-07-30,
1099,RU000A109SZ4,2024-10-17,
1100,RU000A10BG05,2025-04-22,
1101,RU000A10BFZ2,2025-04-22,
1102,RU000A10D1W2,2025-10-09,
1103,RU000A10EYX2,2026-04-28,
1104,RU000A10EYZ7,2026-04-28,
1105,RU000A101XS6,2020-07-22,
1106,RU000A101T64,2020-06-16,
1107,RU000A103PD0,2021-09-14,
1108,RU000A1007H0,2019-03-28,
1109,RU000A103PG3,2021-09-14,
1110,RU000A1013U1,2019-11-28,
1111,RU000A1043J1,2021-11-23,
1112,RU000A10EW44,2026-04-17,
1113,RASP,2006-11-14,
1114,MRKV,2008-05-23,
1115,RU000A10DYB0,2025-12-23,
1116,RU000A107EC7,2023-12-18,
1117,MSRS,2006-02-09,
1118,RU000A107DP1,2023-12-14,
1119,RU000A108P61,2024-06-14,
1120,RU000A109S91,2024-10-11,
1121,RU000A10AFW1,2024-12-24,
1122,MRKZ,2008-05-29,
1123,RU000A10BQX4,2025-06-05,
1124,MRKU,2008-06-18,
1125,MRKP,2008-04-07,
1126,MRKC,2008-05-21,
1127,RU000A108GR8,2024-05-23,
1128,RU000A108LF3,2024-06-06,
1129,RU000A1095W4,2024-08-07,
1130,RU000A109916,2024-08-16,
1131,RU000A109JS8,2024-09-16,
1132,RU000A10ASS2,2025-02-03,
1133,RU000A10B214,2025-03-12,
1134,RU000A10BG13,2025-04-22,
1135,RU000A10BSL5,2025-06-11,
1136,RU000A10BTC2,2025-06-18,
1137,RU000A10CMD3,2025-09-02,
1138,RU000A10CT41,2025-09-23,
1139,RU000A10DCJ9,2025-11-01,
1140,RU000A10E739,2026-02-04,
1141,RU000A10EBE0,2026-02-18,
1142,RU000A10EN60,2026-03-25,
1143,RU000A10ETL7,2026-04-14,
1144,RU000A103DS4,2021-07-13,
1145,RU000A103T70,2021-10-04,
1146,RU000A103T96,2021-10-04,
1147,RU000A103TA8,2021-10-04,
1148,RU000A103TC4,2021-10-04,
1149,RU000A103TB6,2021-10-04,
1150,RU000A103T88,2021-10-04,
1151,RU000A103T54,2021-10-04,
1152,SVAV,2005-04-22,
1153,RU000A109LG9,2024-09-30,
1154,RU000A109X37,2024-11-11,
1155,RU000A10AS85,2025-02-11,
1156,RU000A10B0E4,2025-03-12,
1157,RU000A1062M5,2023-04-07,
1158,RU000A106XD7,2023-10-12,
1159,RU000A10B1X2,2025-03-11,
1160,RU000A10B933,2025-04-08,
1161,RU000A10C5L7,2025-07-22,
1162,RU000A10C5K9,2025-07-22,
1163,RU000A10D3S6,2025-10-15,
1164,RU000A10D3X6,2025-10-15,
1165,RU000A10DTF1,2025-12-16,
1166,RU000A10DTA2,2025-12-16,
1167,RU000A10EC22,2026-02-19,
1168,RU000A10EXW6,2026-04-23,
1169,SOFL,2023-09-25,
1170,RU000A10EA08,2026-02-13,
1171,SNGS,2005-01-11,
1172,SNGSP,2005-01-11,
1173,RU000A10DZJ0,2025-12-26,
1174,TGKN,2007-01-25,
1175,RU000A109E71,2024-09-04,
1176,RU000A10DG86,2025-11-18,
1177,RU000A10F470,2026-05-06,
1178,RU000A0JXK99,2017-03-06,
1179,RU000A0JXVB1,2017-07-10,
1180,RU000A10ECG3,2026-02-20,
1181,RU000A0ZYEB1,2017-10-26,
1182,RU000A103M36,2021-08-30,
1183,RU000A103WM7,2021-10-21,
1184,RU000A106J38,2023-07-12,
1185,TRMK,2007-04-10,
1186,RU000A10EAS2,2026-02-17,
1187,RU000A0JXTY7,2017-06-20,
1188,RU000A10A349,2024-11-14,
1189,RU000A10A6B8,2024-11-28,
1190,RU000A10A6C6,2024-11-28,
1191,RU000A10A8H1,2024-12-05,
1192,RU000A10AEB8,2024-12-19,
1193,RU000A10BRR4,2025-06-09,
1194,RU000A10CC24,2025-08-11,
1195,RU000A10D3C0,2025-10-14,
1196,RU000A10D3B2,2025-10-14,
1197,RU000A10D9M6,2025-10-28,
1198,RU000A10E5X0,2026-01-27,
1199,RU000A10EPX0,2026-03-27,
1200,RU000A10BNF8,2025-05-23,
1201,RU000A0JSQ58,2012-08-08,
1202,RU000A0ZYJ91,2017-12-06,
1203,RU000A1056S4,2022-09-23,
1204,RU000A105DN0,2022-11-08,
1205,RU000A105DR1,2022-11-08,
1206,RU000A109528,2024-08-02,
1207,RU000A109ZQ8,2024-11-01,
1208,RU000A10ASB8,2025-01-31,
1209,RU000A10BT34,2025-06-17,
1210,RU000A10D4F1,2025-10-17,
1211,RU000A10DM96,2025-11-28,
1212,UGLD,2023-11-22,
1213,RU000A10B008,2025-03-04,
1214,RU000A10D4P0,2025-10-20,
1215,RU000A1070L0,2023-10-13,
1216,RU000A109NF7,2024-09-30,
1217,RU000A10BBD8,2025-04-11,
1218,RU000A103AT8,2021-06-25,
1219,RU000A109UD7,2024-10-23,
1220,RU000A10B3A6,2025-03-17,
1221,RU000A10BFG2,2025-04-17,
1222,RU000A10C3M0,2025-07-18,
1223,RU000A10C6L5,2025-07-25,
1224,RU000A10CT33,2025-09-23,
1225,RU000A10DPS2,2025-12-04,
1226,RU000A10DYG9,2025-12-24,
1227,RU000A10EJQ7,2026-03-13,
1228,RU000A108NS2,2024-06-11,
1229,RU000A1099E4,2024-08-20,
1230,RU000A1038D4,2021-06-11,
1231,RU000A106CU5,2023-06-09,
1232,RU000A106EM8,2023-06-23,
1233,RU000A107CD9,2023-12-27,
1234,RU000A108777,2024-04-23,
1235,RU000A108P46,2024-06-24,
1236,RU000A109551,2024-09-09,
1237,RU000A10A3W1,2024-11-26,
1238,RU000A10ATW2,2025-02-28,
1239,RU000A10BJX9,2025-05-30,
1240,RU000A10BZJ4,2025-07-21,
1241,RU000A10CC32,2025-09-12,
1242,RU000A10D616,2025-11-28,
1243,RU000A10DK98,2025-11-25,
1244,RU000A10DUQ6,2026-03-27,
1245,RU000A10DUR4,2026-02-26,
1246,RU000A0JTU85,2013-04-09,
1247,RU000A0JUAH8,2013-11-26,
1248,RU000A0JVY04,2015-11-16,
1249,RU000A0ZZ4P9,2018-04-23,
1250,RU000A0ZZGT5,2018-08-16,
1251,RU000A0ZZRY2,2018-11-02,
1252,RU000A1009L8,2019-04-17,
1253,RU000A101H84,2020-03-04,
1254,RU000A101LS1,2020-04-23,
1255,RU000A101M04,2020-04-24,
1256,RU000A103EN3,2021-07-19,
1257,RU000A104SX0,2022-05-06,
1258,RU000A104SY8,2022-05-06,
1259,RU000A108Z85,2024-07-15,
1260,RU000A109PF2,2024-10-02,
1261,RU000A10ASY0,2025-02-04,
1262,RU000A10ASZ7,2025-02-04,
1263,RU000A10AUE8,2025-02-11,
1264,RU000A10AZ45,2025-02-26,
1265,RU000A10AZ60,2025-02-26,
1266,RU000A10B0T2,2025-03-06,
1267,RU000A10B115,2025-03-07,
1268,RU000A10B495,2025-03-20,
1269,RU000A10BGF2,2025-04-24,
1270,RU000A10BTA6,2025-06-18,
1271,RU000A10C8C0,2025-07-31,
1272,RU000A10CDZ5,2025-08-14,
1273,RU000A10D1H3,2025-10-07,
1274,RU000A10D541,2025-10-21,
1275,RU000A10D5C5,2025-10-22,
1276,RU000A10DJR7,2025-11-21,
1277,RU000A10DZW3,2025-12-26,
1278,RU000A10E8P0,2026-02-11,
1279,RU000A10EN11,2026-03-24,
1280,RU000A10EQ83,2026-03-30,
1281,RU000A10F0T8,2026-04-29,
1282,RU000A10DCM3,2025-11-01,
1283,VSMO,2004-11-11,
1284,RU000A108G70,2024-05-22,
1285,RU000A0JX355,2016-12-23,
1286,RU000A0JX413,2016-12-29,
1287,RU000A103FC3,2021-07-23,
1288,RU000A0JWB59,2016-03-25,
1289,RU000A101ES6,,
1290,RU000A106ZK7,2023-10-06,
1291,RU000A101EQ0,2021-11-26,
1292,RU000A103K38,2021-11-26,
1293,RU000A0ZZFZ4,2018-08-10,
1294,RU000A106YH6,2023-09-27,
1295,RU000A107AS1,2023-12-28,
1296,RU000A107A28,2023-11-28,
1297,RU000A10CF88,2025-08-26,
1298,RU000A107GG3,2024-01-31,
1299,RU000A107F49,2023-12-20,
1300,RU000A10CQG7,2025-09-25,
1301,RU000A107Q95,2024-02-29,
1302,RU000A107UA7,2024-03-05,
1303,RU000A10D491,2025-10-30,
1304,RU000A107VZ2,2024-03-29,
1305,RU000A1097S8,2024-08-13,
1306,RU000A10DMP5,2025-12-16,
1307,RU000A1084F3,2024-04-26,
1308,RU000A10EH76,2026-03-16,
1309,RU000A1087C3,2024-04-09,
1310,RU000A108CG0,2024-05-31,
1311,RU000A108CH8,2024-05-30,
1312,RU000A108LS6,2024-06-28,
1313,RU000A108UM0,2024-07-31,
1314,RU000A1094P1,2024-08-30,
1315,RU000A109DK8,2024-09-30,
1316,RU000A109EG4,2024-10-31,
1317,RU000A108VL0,2024-07-01,
1318,RU000A109YM0,2024-11-29,
1319,RU000A10AA44,2024-12-26,
1320,RU000A10AG30,2025-01-31,
1321,RU000A10ANY1,2025-02-28,
1322,RU000A10AZ78,2025-03-31,
1323,RU000A10B5S3,2025-04-30,
1324,RU000A10BF63,2025-05-30,
1325,RU000A10BPC0,2025-06-27,
1326,RU000A10BPD8,2025-06-30,
1327,RU000A10BVN5,2025-07-31,
1328,RU000A10C2N0,2025-07-31,
1329,RU000A10C7E8,2025-08-15,
1330,RU000A10CAU2,2025-09-05,
1331,RU000A10CCL7,2025-09-04,
1332,RU000A10CL23,2025-09-16,
1333,RU000A10CQH5,2025-09-30,
1334,RU000A10CQJ1,2025-09-30,
1335,RU000A10CV39,2025-10-16,
1336,RU000A10D2V2,2025-10-31,
1337,RU000A10D2W0,2025-10-31,
1338,RU000A10D6L4,2025-11-28,
1339,RU000A10DFL8,2025-12-29,
1340,RU000A10DQ19,2025-12-26,
1341,RU000A10DZB7,2026-01-30,
1342,RU000A10E3Z0,2026-02-05,
1343,RU000A10E5V4,2026-02-27,
1344,RU000A10E7Y4,2026-02-27,
1345,RU000A10EDE6,2026-03-31,
1346,RU000A10ELA7,2026-03-31,
1347,RU000A0JXT58,2017-06-14,
1348,RU000A107VV1,2024-02-29,
1349,RU000A108NQ6,2024-06-11,
1350,RU000A108LX6,2024-06-07,
1351,RU000A108L24,2024-06-03,
1352,RU000A0ZZE87,2018-07-24,
1353,RU000A101YW6,,
1354,RU000A101YX4,,
1355,RU000A0JV3K6,,
1356,RDRB,2013-10-31,
1357,RU000A1085A1,2024-04-26,
1358,RU000A10CP11,2025-09-26,
1359,RU000A10DQ92,2025-12-10,
1360,OKEY,2020-12-14,
1361,XS1843437036,2019-05-23,
1362,XS2384174228,2021-09-15,
1363,VEON-RX,2021-11-26,
1364,RU000A108BD9,2024-04-23,
1365,RU000A108JQ4,2024-05-27,
1366,RU000A108N55,2024-06-10,
1367,RU000A108Q29,2024-06-17,
1368,RU000A10BFQ1,2025-04-25,
1369,RU000A10DBP8,2025-11-13,
1370,RU000A10DCN1,2025-11-24,
1371,RU000A10EFL6,2026-03-24,
1372,RU000A10EMX7,2026-03-27,
1373,RU000A10EFM4,,
1374,RU000A100GW5,2019-06-27,
1375,RU000A106E33,2023-08-31,
1376,RU000A106VS9,2023-10-31,
1377,RU000A1074T5,2023-11-30,
1378,RU000A107977,2025-01-31,
1379,RU000A107JV6,2024-01-16,
1380,RU000A108314,2025-10-31,
1381,RU000A109K81,2024-09-20,
1382,RU000A109WZ6,2024-10-29,
1383,RU000A109YT5,2024-11-01,
1384,RU000A10A7W2,2024-12-27,
1385,RU000A10B6W3,2025-08-29,
1386,RU000A10B6Y9,2025-09-15,
1387,RU000A10B6Z6,2025-10-10,
1388,RU000A107AM4,2023-11-30,
1389,RU000A10BYA6,2025-07-18,
1390,RU000A107TH4,2024-02-21,
1391,RU000A10BYB4,2026-01-30,
1392,RU000A10CHR3,2026-02-18,
1393,RU000A10CHS1,2026-02-18,
1394,RU000A108BB3,2024-04-22,
1395,RU000A10D3U2,2025-10-17,
1396,RU000A10DS66,2025-12-16,
1397,RU000A10D3V0,2025-10-31,
1398,RU000A10E7Q0,2026-02-06,
1399,RU000A10D3W8,2025-11-28,
1400,RU000A10D3Y4,2025-11-21,
1401,RU000A10D3Z1,2026-02-26,
1402,RU000A10E788,2026-04-08,
1403,RU000A10E7M9,2026-02-20,
1404,RU000A10E7N7,2026-02-20,
1405,RU000A10E7P2,2026-03-19,
1406,RU000A10EJD5,2026-04-08,
1407,RU000A10EJE3,2026-04-30,
1408,RU000A0JX5W4,2017-01-23,
1409,RU000A0ZYBM4,2017-10-02,
1410,RU000A0ZYWB3,2018-03-06,
1411,RU000A0ZYU21,2018-02-21,
1412,RU000A108Y60,2024-07-09,
1413,RU000A10E9V6,2026-02-13,
1414,RU000A103JK8,2021-09-10,
1415,RU000A0ZZVH9,2019-02-12,
1416,RU000A104FB3,2023-12-13,
1417,XHEDGE,2026-04-10,
1418,RU000A1075T2,2023-12-13,
1419,RU000A109QR5,2024-11-11,
1420,RU000A10AQT4,2025-05-20,
1421,XKLUCH,2026-03-20,
1422,RU000A109UE5,2024-10-23,
1423,RU000A10EPU6,2026-03-27,
1424,RU000A103PC2,2021-09-14,
1425,RU000A106K35,2023-07-25,
1426,RU000A108JC4,2024-06-11,
1427,RU000A108JD2,2024-06-24,
1428,RU000A10DC15,2025-11-20,
1429,RU000A10ERE6,2026-04-03,
1430,RU000A10ERH9,2026-04-03,
1431,RU000A107T76,2024-02-19,
1432,RU000A10CTK3,2025-09-25,
1433,RU000A10EK63,2026-03-16,
1434,RU000A105153,2023-09-18,
1435,RU000A107860,2024-02-07,
1436,RU000A106MG3,2024-02-07,
1437,RU000A1079J5,2024-02-07,
1438,RU000A108KP4,2024-08-16,
1439,XEQTRU,2025-11-01,
1440,XXRONE,2025-11-01,
1441,RU000A10EW51,2026-04-17,
1442,RU000A10E4Y1,2026-01-23,
1443,RU000A107AW3,2023-12-01,
1444,RU000A1090N4,2024-07-23,
1445,RU000A10B3S8,2025-03-21,
1446,RU000A10C2E9,2025-07-14,
1447,RU000A10CZC7,2025-10-06,
1448,RU000A106XJ4,2023-09-21,
1449,RU000A107QL2,2024-02-05,
1450,RU000A107QM0,2024-02-05,
1451,RU000A108GM9,2024-05-23,
1452,RU000A109B82,2024-08-29,
1453,RU000A109NR2,2024-10-01,
1454,RU000A10CSA6,2025-09-19,
1455,RU000A10EN78,2026-03-25,
1456,RU0005418747,2021-07-05,
1457,RU000A105XG2,2023-03-10,
1458,RU000A10A539,2024-11-25,
1459,RU000A10A0H8,2024-11-06,
1460,RU000A10DA58,2025-10-28,
1461,RU000A0ZYMN9,2017-12-28,
1462,RU000A0ZYMM1,2017-12-28,
1463,RU000A10CSR0,2025-09-22,
1464,RU000A10DTU0,2025-12-17,
1465,RU000A0JR4U9,2010-11-22,
1466,RU000A0JTFB2,2012-12-12,
1467,RU000A0JTB96,2012-11-20,
1468,RU000A10CRA8,2025-09-16,
1469,RU000A107R29,2024-02-06,
1470,RU000A10B925,2025-04-08,
1471,RU000A10AGA5,2024-12-25,
1472,RU000A106L67,2023-07-24,
1473,RU000A106UB7,2023-09-07,
1474,RU000A105GV6,2022-11-22,
1475,RU000A106862,2023-05-16,
1476,RU000A106SK2,2023-08-29,
1477,RU000A108G88,2024-05-22,
1478,RU000A109791,2024-08-09,
1479,RU000A109JX8,2024-09-17,
1480,RU000A10EFW3,2026-03-05,
1481,RU000A109S83,2024-10-11,
1482,RU000A10AA02,2024-12-09,
1483,RU000A10ARS4,2025-01-30,
1484,RU000A10B396,2025-03-17,
1485,RU000A10BWL7,2025-06-30,
1486,RU000A10C5Z7,2025-07-24,
1487,RU000A10CFH8,2025-08-15,
1488,RU000A101XD8,2020-07-21,
1489,RU000A106F08,2023-06-27,
1490,RU000A1021F5,2020-08-18,
1491,RU000A102RB2,2021-02-12,
1492,RU000A105591,2022-08-31,
1493,RU000A109KG1,2024-09-19,
1494,RU000A0JWK74,2016-06-10,
1495,RU000A1069Y5,2023-05-25,
1496,RU000A10DJH8,2025-11-20,
1497,RU000A10ARR6,2025-01-29,
1498,RU000A10ECW0,2026-02-25,
1499,RU000A100EV2,2019-06-06,
1500,RU000A102HU3,2020-12-16,
1501,RU000A104US6,2022-06-03,
1502,RU000A106CL4,2023-06-08,
1503,RU000A10BLP1,2025-05-20,
1504,RU000A103NE3,2021-09-09,
1505,RU000A1075R6,2023-11-02,
1506,RU000A10A6U8,2024-11-29,
1507,RU000A10ASD4,2025-01-31,
1508,RU000A103QL1,2021-09-22,
1509,RU000A107DM8,2023-12-14,
1510,RU000A108447,2024-03-29,
1511,RU000A108KT6,2024-05-31,
1512,RU000A109DT9,2024-09-03,
1513,RU000A10CS91,2025-09-19,
1514,RU000A10AYJ9,2025-02-24,
1515,RU000A10E721,2026-02-04,
1516,RU000A102HA5,2020-12-15,
1517,RU000A108RM6,2024-06-21,
1518,RU000A109KV0,2024-09-20,
1519,RU000A10CG79,2025-08-19,
1520,RU000A101616,2019-12-12,
1521,RU000A0ZZ4T1,2018-04-25,
1522,RU000A0JWMZ1,2016-07-15,
1523,RU000A0JWN22,2016-07-18,
1524,RU000A0JWV63,2016-10-05,
1525,RU000A0ZZ505,2018-04-26,
1526,RU000A0ZZY59,2018-12-17,
1527,RU000A0ZZUS8,2018-11-22,
1528,RU000A103N84,2021-09-09,
1529,RU000A1068R1,2023-05-19,
1530,RU000A107S10,2024-02-09,
1531,RU000A106FV6,2023-06-30,
1532,RU000A106CA7,2023-06-07,
1533,RU000A10DFJ2,2025-11-19,
1534,RU000A10EQF5,2026-03-31,
1535,RU000A0ZZVQ0,2018-11-29,
1536,RU000A1006X9,2019-03-25,
1537,RU000A1006Y7,2019-03-25,
1538,RU000A1006Z4,2019-03-25,
1539,RU000A107SG8,2024-02-15,
1540,RU000A10EPV4,2026-03-27,
1541,RU000A109GX4,2024-10-25,
1542,RU000A109H37,2024-11-29,
1543,RU000A10ALQ1,2025-03-04,
1544,RU000A10AW48,2025-10-24,
1545,RU000A10AW55,2025-11-12,
1546,RU000A10AW63,2025-11-19,
1547,RU000A10AW71,2026-01-27,
1548,RU000A10AW89,2026-02-06,
1549,RU000A10AW97,2026-02-06,
1550,RU000A10AWA2,2026-03-16,
1551,RU000A10AWB0,2026-03-27,
1552,RU000A10AWC8,2026-04-09,
1553,RU000A10ALR9,2025-03-28,
1554,RU000A10AWE4,,
1555,RU000A10AWF1,,
1556,RU000A10AWG9,,
1557,RU000A10AWH7,,
1558,RU000A10AWJ3,,
1559,RU000A10AWK1,,
1560,RU000A10AWL9,,
1561,RU000A10AWM7,,
1562,RU000A10AWN5,,
1563,RU000A10ALS7,2025-03-28,
1564,RU000A10ALT5,2025-04-08,
1565,RU000A10ALU3,2025-04-17,
1566,RU000A10ALV1,2025-04-28,
1567,RU000A10ALW9,2025-04-29,
1568,RU000A10ALX7,2025-04-24,
1569,RU000A10ALY5,2025-05-12,
1570,RU000A10ALZ2,2025-05-13,
1571,RU000A109H45,2024-12-16,
1572,RU000A10AM08,2025-05-21,
1573,RU000A10AM16,2025-04-18,
1574,RU000A10AM24,2025-05-29,
1575,RU000A10AM32,2025-05-28,
1576,RU000A10AM40,2025-05-30,
1577,RU000A10AM65,2025-06-10,
1578,RU000A10AM73,2025-06-16,
1579,RU000A10AM81,2025-06-27,
1580,RU000A10AM99,2025-06-20,
1581,RU000A109H52,2024-12-16,
1582,RU000A10AMA3,2025-06-19,
1583,RU000A10AMB1,2025-06-27,
1584,RU000A10AMC9,2025-07-10,
1585,RU000A10AMD7,2025-07-15,
1586,RU000A10AME5,2025-07-23,
1587,RU000A10BKN8,,
1588,RU000A10BK33,,
1589,RU000A10BK41,,
1590,RU000A10BK58,,
1591,RU000A10BK66,,
1592,RU000A109H60,2025-01-15,
1593,RU000A10BK74,,
1594,RU000A10BK82,,
1595,RU000A10BK90,,
1596,RU000A10BKA5,,
1597,RU000A10BKB3,,
1598,RU000A10BWR4,2025-07-25,
1599,RU000A10BWS2,2025-07-24,
1600,RU000A10BWT0,2025-07-15,
1601,RU000A10BWU8,2025-07-24,
1602,RU000A10BWV6,2025-07-24,
1603,RU000A10BWW4,2025-08-04,
1604,RU000A10BWX2,2025-08-12,
1605,RU000A10BWY0,2025-08-15,
1606,RU000A10BWZ7,2025-08-15,
1607,RU000A10BX04,2025-08-22,
1608,RU000A10BX12,2025-08-29,
1609,RU000A10BX20,2025-08-26,
1610,RU000A10BX38,2025-08-15,
1611,RU000A10BX46,2025-08-14,
1612,RU000A109H94,2025-03-31,
1613,RU000A10BX53,2025-08-19,
1614,RU000A10BX61,2025-09-08,
1615,RU000A10BX79,2025-09-15,
1616,RU000A10BX87,2025-09-30,
1617,RU000A10BX95,2025-09-18,
1618,RU000A10BXA8,2025-09-15,
1619,RU000A10BXB6,2025-09-05,
1620,RU000A10BXC4,2025-09-19,
1621,RU000A10BXD2,2025-09-29,
1622,RU000A10BXE0,2025-10-01,
1623,RU000A109HA0,,
1624,RU000A10BXG5,2025-10-10,
1625,RU000A10BXH3,2025-09-30,
1626,RU000A10BXJ9,2025-10-15,
1627,RU000A10BXK7,2025-10-16,
1628,RU000A10CCS2,2025-09-26,
1629,RU000A10CCU8,2025-11-07,
1630,RU000A10CCW4,2025-12-12,
1631,RU000A10CCX2,2025-12-11,
1632,RU000A10CCY0,2025-12-11,
1633,RU000A10CCZ7,2026-01-22,
1634,RU000A10CD64,2026-02-02,
1635,RU000A10CD72,2026-02-05,
1636,RU000A10C956,2026-02-13,
1637,RU000A10C972,2026-02-12,
1638,RU000A10C980,2026-02-17,
1639,RU000A10C998,2026-02-17,
1640,RU000A10C9A2,2026-02-24,
1641,RU000A109HD4,2025-04-10,
1642,RU000A104QM7,2023-04-28,
1643,RU000A10C9B0,2026-02-25,
1644,RU000A104QQ8,2023-06-09,
1645,RU000A10C9C8,2026-03-12,
1646,RU000A10C9D6,2026-03-20,
1647,RU000A10C9E4,2026-04-24,
1648,RU000A10C9F1,2026-04-23,
1649,RU000A103EM5,2021-07-26,
1650,RU000A109HE2,2025-04-11,
1651,RU000A109HF9,2025-04-04,
1652,RU000A104RT0,,
1653,RU000A109HG7,2025-03-26,
1654,RU000A10D1K7,2026-04-23,
1655,RU000A10D1M3,,
1656,RU000A10D1N1,,
1657,RU000A10CA42,2026-02-19,
1658,RU000A10CA59,,
1659,RU000A10CA67,2026-04-20,
1660,RU000A10CA75,2026-05-07,
1661,RU000A10CA83,,
1662,RU000A109HH5,2025-04-30,
1663,RU000A10CA91,,
1664,RU000A10CAA4,,
1665,RU000A10CAB2,,
1666,RU000A10CAC0,,
1667,RU000A10CAD8,,
1668,RU000A109HJ1,2025-04-30,
1669,RU000A10CZD5,2025-10-21,
1670,RU000A10CZE3,2025-10-31,
1671,RU000A10CZF0,2025-10-31,
1672,RU000A10CZG8,2025-10-30,
1673,RU000A10CZH6,2025-11-11,
1674,RU000A10CZJ2,2025-11-17,
1675,RU000A10CZK0,2025-11-05,
1676,RU000A10CZL8,2025-11-14,
1677,RU000A10CZM6,2025-11-21,
1678,RU000A10CZN4,2025-11-28,
1679,RU000A10CZP9,2025-12-12,
1680,RU000A10CZQ7,2025-12-18,
1681,RU000A10CZR5,2025-12-18,
1682,RU000A10CZS3,2025-12-10,
1683,RU000A10CZT1,2025-12-26,
1684,RU000A10CZU9,2025-12-19,
1685,RU000A10CZV7,2025-12-25,
1686,RU000A10CZW5,2026-01-19,
1687,RU000A10CZX3,2026-01-28,
1688,RU000A10CZY1,2026-01-29,
1689,RU000A109HL7,2025-04-21,
1690,RU000A10CZZ8,2026-02-16,
1691,RU000A10D004,2026-02-18,
1692,RU000A10D012,2026-02-09,
1693,RU000A10D020,2026-01-30,
1694,RU000A1050V1,2024-11-22,
1695,RU000A10D038,2026-02-27,
1696,RU000A10D046,2026-03-11,
1697,RU000A10D053,2026-03-19,
1698,RU000A10D061,2026-03-30,
1699,RU000A10D079,2026-04-09,
1700,RU000A10D087,2026-03-30,
1701,RU000A109HM5,2025-04-30,
1702,RU000A10D0B8,2026-03-30,
1703,RU000A10D0C6,2026-03-30,
1704,RU000A10D0D4,2026-03-30,
1705,RU000A10D0E2,2026-03-30,
1706,RU000A10D0F9,2026-03-30,
1707,RU000A10D0G7,2026-04-17,
1708,RU000A109HN3,2025-05-14,
1709,RU000A10D0K9,2026-04-29,
1710,RU000A10D0L7,,
1711,RU000A10D0M5,2026-04-23,
1712,RU000A10D0N3,2026-04-23,
1713,RU000A10D0P8,2026-04-23,
1714,RU000A10D0Q6,2026-05-15,
1715,RU000A10D0R4,,
1716,RU000A10D0S2,,
1717,RU000A10D0T0,,
1718,RU000A10D0U8,,
1719,RU000A10D0V6,,
1720,RU000A10D0W4,,
1721,RU000A1050G2,2025-10-24,
1722,RU000A0NNGT7,,
1723,RU000A0NNGU5,,
1724,RU000A0NNGW1,,
1725,RU000A0NNGX9,,
1726,RU000A0NNGY7,,
1727,RU000A10CX86,2025-10-22,
1728,RU000A10CX94,,
1729,RU000A10CXA6,2025-10-23,
1730,RU000A10CXB4,2025-11-17,
1731,RU000A10CXC2,2025-11-17,
1732,RU000A10CXE8,2025-11-28,
1733,RU000A10CXF5,2025-12-15,
1734,RU000A10CXG3,2025-12-15,
1735,RU000A10CXH1,2025-12-08,
1736,RU000A10CXJ7,2025-12-29,
1737,RU000A0NNHA5,,
1738,RU000A10CXK5,2025-12-29,
1739,RU000A0NNHB3,,
1740,RU000A10CXL3,2025-12-26,
1741,RU000A0NNHC1,,
1742,RU000A10CXM1,2026-01-30,
1743,RU000A10CXN9,2026-01-30,
1744,RU000A10CXP4,2026-01-29,
1745,RU000A10CXR0,2026-02-09,
1746,RU000A10CXS8,2026-02-27,
1747,RU000A10CXT6,2026-03-16,
1748,RU000A10CXU4,2026-03-13,
1749,RU000A10CXV2,2026-03-05,
1750,RU000A10CXW0,2026-03-18,
1751,RU000A10CXX8,2026-03-20,
1752,RU000A10CXY6,2026-04-10,
1753,RU000A10AJS1,2025-05-29,
1754,RU000A10CXZ3,2026-03-27,
1755,RU000A10CY02,,
1756,RU000A10CY10,2026-04-03,
1757,RU000A10CY28,2026-04-09,
1758,RU000A10CY36,2026-05-12,
1759,RU000A10AJT9,,
1760,RU000A10CYG1,2026-05-08,
1761,RU000A10CYH9,2026-05-26,
1762,RU000A10CYJ5,,
1763,RU000A10AJU7,2025-06-16,
1764,RU000A10CYK3,,
1765,RU000A10CYL1,,
1766,RU000A10AJV5,2025-05-30,
1767,RU000A10D830,2025-11-24,
1768,RU000A10D855,2025-11-28,
1769,RU000A10D863,2025-12-11,
1770,RU000A10AJW3,2025-05-30,
1771,RU000A10D889,2025-12-12,
1772,RU000A10D8A3,2025-12-26,
1773,RU000A10D8B1,2025-12-25,
1774,RU000A10D8C9,2026-01-23,
1775,RU000A10D8D7,2026-02-02,
1776,RU000A10D8E5,2026-02-13,
1777,RU000A10D8F2,2026-02-12,
1778,RU000A10D8G0,2026-01-30,
1779,RU000A10D8H8,2026-02-26,
1780,RU000A10AJX1,2025-06-16,
1781,RU000A10D8J4,2026-02-27,
1782,RU000A10D8K2,2026-02-27,
1783,RU000A10D8L0,2026-03-06,
1784,RU000A10D8M8,2026-03-06,
1785,RU000A10D8N6,2026-04-28,
1786,RU000A10AJY9,2025-06-20,
1787,RU000A10D8V9,2026-04-29,
1788,RU000A10D8W7,2026-03-19,
1789,RU000A10D8X5,2026-03-13,
1790,RU000A10D8Y3,2026-03-31,
1791,RU000A10D8Z0,2026-04-13,
1792,RU000A10D905,2026-03-30,
1793,RU000A10D913,2026-03-25,
1794,RU000A10D921,2026-04-06,
1795,RU000A10D939,2026-04-17,
1796,RU000A10D988,2026-04-20,
1797,RU000A10D996,2026-04-14,
1798,RU000A10D9A1,2026-04-21,
1799,RU000A10D9B9,2026-04-22,
1800,RU000A10D9C7,2026-05-07,
1801,RU000A10AK00,2025-06-30,
1802,RU000A10DGB7,,
1803,RU000A10DGC5,,
1804,RU000A10DGD3,,
1805,RU000A10DGE1,,
1806,RU000A10DGF8,,
1807,RU000A10DGG6,,
1808,RU000A10DGH4,,
1809,RU000A10DGJ0,,
1810,RU000A10DGK8,,
1811,RU000A10DGL6,,
1812,RU000A10AK18,2025-06-27,
1813,RU000A106284,2023-04-27,
1814,RU000A10DGX1,,
1815,RU000A10DGY9,,
1816,RU000A10DGZ6,,
1817,RU000A10DH02,,
1818,RU000A10DH10,,
1819,RU000A10DH28,,
1820,RU000A10DH36,,
1821,RU000A10DH44,,
1822,RU000A10DH51,,
1823,RU000A10DH69,,
1824,RU000A10AK34,2025-07-15,
1825,RU000A0NR2K8,2023-05-19,
1826,RU000A0NR2M4,2023-05-31,
1827,RU000A0NR2P7,2023-06-16,
1828,RU000A0NR2Q5,2023-06-29,
1829,RU000A10AK42,2025-07-15,
1830,RU000A0NR2V5,2023-07-17,
1831,RU000A0NR2W3,2023-07-17,
1832,RU000A0NR326,2023-07-28,
1833,RU000A10AK59,2025-07-31,
1834,RU000A0NR3V3,2023-08-15,
1835,RU000A0NR3W1,2023-08-31,
1836,RU000A0NR3Y7,2023-08-28,
1837,RU000A0NR3Z4,2023-08-30,
1838,RU000A10AK67,2025-07-25,
1839,RU000A10DNA5,2026-04-29,
1840,RU000A10AK75,2025-07-31,
1841,RU000A10AK83,2025-07-31,
1842,RU000A10E8Q8,,
1843,RU000A10E8R6,,
1844,RU000A10E8S4,,
1845,RU000A10E8T2,,
1846,RU000A10E8U0,,
1847,RU000A10AK91,,
1848,RU000A10E903,2026-03-06,
1849,RU000A10E911,,
1850,RU000A10E929,,
1851,RU000A10E937,,
1852,RU000A10E952,2026-02-27,
1853,RU000A10E960,2026-02-27,
1854,RU000A10E978,,
1855,RU000A0NR5U0,2024-03-14,
1856,RU000A10E986,,
1857,RU000A10E994,,
1858,RU000A10AKA7,2025-07-24,
1859,RU000A0NR5W6,2024-05-27,
1860,RU000A0NR5X4,2024-08-16,
1861,RU000A0NR5Y2,2024-11-15,
1862,RU000A10AKB5,2025-08-06,
1863,RU000A106JL9,2025-07-25,
1864,RU000A106JM7,2025-06-02,
1865,RU000A106JP0,2025-07-31,
1866,RU000A106JQ8,2025-08-08,
1867,RU000A106JR6,2025-07-30,
1868,RU000A106JS4,2025-08-05,
1869,RU000A10AKC3,2025-08-14,
1870,RU000A106JT2,2025-08-22,
1871,RU000A0NR888,2025-09-25,
1872,RU000A0NR896,2025-09-30,
1873,RU000A0NR8A6,,
1874,RU000A0NR8B4,2026-03-31,
1875,RU000A0NR8C2,,
1876,RU000A0NR8D0,2025-12-08,
1877,RU000A0NR8E8,2026-03-12,
1878,RU000A0NR8F5,,
1879,RU000A0NR8G3,2026-03-17,
1880,RU000A0NR8H1,,
1881,RU000A0NR8J7,,
1882,RU000A10AKF6,2025-08-22,
1883,RU000A10AKG4,2025-08-04,
1884,RU000A0NR938,2023-08-23,
1885,RU000A0NR953,2023-09-28,
1886,RU000A0NR961,2023-09-18,
1887,RU000A10AKH2,2025-08-28,
1888,RU000A0NR9C0,2024-05-28,
1889,RU000A0NR9K3,2024-07-19,
1890,RU000A10AKJ8,2025-08-26,
1891,RU000A0NR9R8,2024-08-27,
1892,RU000A0NR9U2,2024-11-29,
1893,RU000A0NR9V0,2024-11-21,
1894,RU000A0NR9W8,2024-12-10,
1895,RU000A10AKK6,2025-08-08,
1896,RU000A10EYE2,,
1897,RU000A106SV9,2023-09-07,
1898,RU000A10EYK9,,
1899,RU000A10EY67,,
1900,RU000A10EY75,,
1901,RU000A10EY83,,
1902,RU000A10EY91,,
1903,RU000A10EYA0,,
1904,RU000A0NW185,2023-09-29,
1905,RU000A10EYB8,,
1906,RU000A10EYC6,,
1907,RU000A10EYD4,,
1908,RU000A0NW1B2,2023-10-27,
1909,RU000A0NW1C0,2023-10-16,
1910,RU000A0NW1E6,2023-09-22,
1911,RU000A10AKM2,2025-09-15,
1912,RU000A0NW1P2,2023-10-19,
1913,RU000A0NW1S6,2023-11-17,
1914,RU000A10AKN0,2025-09-03,
1915,RU000A10AKP5,2025-09-22,
1916,RU000A0NX4F6,2023-11-30,
1917,RU000A10AKQ3,2025-09-11,
1918,RU000A0NX4U5,2024-02-13,
1919,RU000A10AKS9,2025-09-11,
1920,RU000A10AKT7,2025-09-15,
1921,RU000A109YZ2,2025-04-30,
1922,RU000A109Z01,2025-05-29,
1923,RU000A10AKV3,2025-09-30,
1924,RU000A109Z19,2025-08-28,
1925,RU000A109Z35,2026-02-17,
1926,RU000A109Z43,,
1927,RU000A109Z50,,
1928,RU000A109Z68,,
1929,RU000A109Z76,,
1930,RU000A10AKX9,,
1931,RU000A10AKY7,2025-09-30,
1932,RU000A10AKZ4,2025-10-16,
1933,RU000A107Z86,2024-05-27,
1934,RU000A10AL09,2025-10-13,
1935,RU000A107ZQ2,,
1936,RU000A10AL17,2025-10-31,
1937,RU000A107ZR0,,
1938,RU000A107ZU4,2024-12-16,
1939,RU000A107ZV2,2024-12-16,
1940,RU000A107ZW0,2024-12-20,
1941,RU000A107ZX8,2024-12-16,
1942,RU000A107ZY6,2024-12-05,
1943,RU000A107ZZ3,2024-12-20,
1944,RU000A108009,2024-12-16,
1945,RU000A10AL25,2025-10-22,
1946,RU000A108017,2024-12-25,
1947,RU000A108025,2024-12-27,
1948,RU000A108041,2024-12-27,
1949,RU000A108058,2024-12-27,
1950,RU000A108066,2025-01-24,
1951,RU000A108074,2025-01-24,
1952,RU000A108082,2025-02-24,
1953,RU000A108090,2024-10-30,
1954,RU000A1080A2,2024-10-30,
1955,RU000A1080B0,2024-11-18,
1956,RU000A1080C8,2024-11-18,
1957,RU000A1080D6,2024-11-22,
1958,RU000A109254,2025-02-14,
1959,RU000A109262,2025-03-13,
1960,RU000A109270,2025-04-17,
1961,RU000A109288,2025-04-28,
1962,RU000A109296,2025-06-16,
1963,RU000A1092A7,2025-06-27,
1964,RU000A1092B5,2025-07-15,
1965,RU000A1092E9,,
1966,RU000A1092F6,,
1967,RU000A1092H2,,
1968,RU000A1092J8,,
1969,RU000A109BM8,2025-08-08,
1970,RU000A109BN6,2025-08-15,
1971,RU000A109BP1,2025-08-26,
1972,RU000A109BQ9,2025-08-19,
1973,RU000A109BR7,2025-08-19,
1974,RU000A109BS5,2025-08-29,
1975,RU000A109BT3,2025-11-13,
1976,RU000A109BU1,2025-09-11,
1977,RU000A109BV9,2025-09-11,
1978,RU000A109BW7,2025-09-11,
1979,RU000A109BY3,2025-05-23,
1980,RU000A109BZ0,2025-05-30,
1981,RU000A109C08,2025-06-05,
1982,RU000A109C16,2025-06-24,
1983,RU000A109C24,2025-07-02,
1984,RU000A109C32,2025-07-18,
1985,RU000A109C40,2025-08-06,
1986,RU000A109C57,2025-10-13,
1987,RU000A109C73,2025-07-04,
1988,RU000A109C81,2025-07-09,
1989,RU000A109C99,2025-09-11,
1990,RU000A109CA1,2025-11-14,
1991,RU000A109CC7,2026-05-14,
1992,RU000A109CD5,2026-05-15,
1993,RU000A109CE3,2026-05-13,
1994,RU000A109UA3,2025-02-21,
1995,RU000A109UN6,2024-11-29,
1996,RU000A109UP1,2024-12-18,
1997,RU000A109UT3,2025-05-23,
1998,RU000A109UU1,2025-07-25,
1999,RU000A109V13,2025-08-21,
2000,RU000A109V47,,
2001,RU000A109V54,2026-05-13,
2002,RU000A109V70,,
2003,RU000A10ALK4,2025-02-24,
2004,RU000A109VA1,2025-01-23,
2005,RU000A109VB9,2025-07-11,
2006,RU000A10ALL2,2025-02-27,
2007,RU000A10A5V8,,
2008,RU000A10A620,2025-10-28,
2009,RU000A10ALM0,2025-03-10,
2010,RU000A10A661,,
2011,RU000A10A679,,
2012,RU000A10AVD8,2026-05-07,
2013,RU000A10AVE6,,
2014,RU000A10AVF3,,
2015,RU000A10AVG1,,
2016,RU000A10ALN8,2025-02-28,
2017,RU000A10AVH9,,
2018,RU000A10AVJ5,,
2019,RU000A10AVK3,,
2020,RU000A10AVL1,,
2021,RU000A10AVM9,,
2022,RU000A10AVN7,,
2023,RU000A10AVP2,2025-10-24,
2024,RU000A10AVQ0,,
2025,RU000A10AVR8,,
2026,RU000A10AVS6,,
2027,RU000A10ALP3,2025-03-20,
2028,RU000A10AVT4,,
2029,RU000A10AW06,2025-06-03,
2030,RU000A10AW14,2025-06-05,
2031,RU000A10AW22,2025-06-05,
2032,RU000A106FN3,2023-06-29,
2033,RU000A0JS9X1,2012-06-27,
2034,RU000A0JU9K4,2013-11-07,
2035,RU000A0JV0T3,2014-12-02,
2036,RU000A0JWJF9,2016-06-01,
2037,RU000A0ZZ2W9,2018-04-12,
2038,RU000A107738,2023-11-13,
2039,RU000A107746,2023-11-13,
2040,RU000A10B5C7,2025-03-25,
2041,RU000A1090A1,2024-07-19,
2042,RU000A10BWN3,2025-06-30,
2043,RU000A109DP7,2024-09-02,
2044,RU000A10CUF1,2025-09-29,
2045,RU000A10E5S0,2026-01-26,
2046,RU000A101UY0,2020-08-07,
2047,RU000A0ZYC64,2017-10-11,
2048,RU000A102AH5,2021-03-05,
2049,RU000A10BS68,2025-06-11,
2050,RU000A10CLX3,2025-08-29,
2051,RU000A10D2Y6,2025-10-13,
2052,RU000A105A04,2022-10-05,
2053,RU000A1057D4,2022-09-16,
2054,RU000A105W08,2023-02-22,
2055,RU000A1079S6,2023-11-28,
2056,RU000A0ZYM54,2017-12-27,
2057,XSBORA,2026-04-22,
2058,RU000A1037P0,2021-06-08,
2059,RU000A109QN4,2024-10-04,
2060,RU000A10B354,2025-03-17,
2061,RU000A10D3P2,2025-10-15,
2062,RU000A10BRW4,2025-06-19,
2063,RU000A0JR2C1,2010-12-01,
2064,RU000A0JR290,2010-12-01,
2065,RU000A0JR2A5,2010-12-01,
2066,RU000A0JR282,2010-12-01,
2067,RU000A1000Y0,2020-02-27,
2068,RU000A102PE0,2021-02-19,
2069,RU000A102PF7,2021-02-19,
2070,RU000A102PQ4,2021-06-15,
2071,RU000A108ZB2,2024-08-02,
2072,RU000A109R27,2024-11-13,
2073,RU000A10BM31,2025-06-17,
2074,RU000A107076,2023-10-10,
2075,RU000A107SA1,2024-02-13,
2076,RU000A105M59,2022-12-15,
2077,RU000A10B2F7,2025-03-13,
2078,RU000A105SK4,2023-01-31,
2079,RU000A10C626,2025-07-24,
2080,RU000A10EQD0,2026-03-31,
2081,RU000A1074F4,2023-10-24,
2082,RU000A1079G1,2023-11-28,
2083,RU000A107WD7,2024-03-05,
2084,RU0006922044,2021-07-05,
2085,RU0006922010,2021-07-05,
2086,RU000A0JP799,2021-08-30,
2087,RU000A0JP773,2021-08-30,
2088,RU000A0JVJ29,2021-07-15,
2089,RU000A100EQ2,2021-08-30,
2090,RU000A105TU1,2023-05-15,
2091,RU000A108TT7,2024-07-08,
2092,RU000A10BQP0,2025-07-03,
2093,RU000A104ZU1,2022-07-28,
2094,RU000A107AZ6,2023-12-01,
2095,RU000A107S85,2024-02-13,
2096,RU000A108UJ6,2024-06-27,
2097,RU000A10ADD6,2024-12-18,
2098,RU000A10B461,2025-03-20,
2099,AVAN,2012-07-09,
2100,RU000A0JXGV0,2017-02-14,
2101,RU000A0JVRL2,2015-09-09,
2102,RU000A0JUT85,2014-08-29,
2103,RU000A0JVVL4,2015-10-23,
2104,RU000A0JVM32,2015-07-16,
2105,RU000A0JWM15,2016-06-29,
2106,RU000A102QJ7,2021-02-08,
2107,RU000A102879,2020-10-14,
2108,RU000A102QL3,2021-02-08,
2109,RU000A102887,2020-10-14,
2110,RU000A102QM1,2021-02-08,
2111,RU000A102QN9,2021-02-08,
2112,RU000A1034P7,2021-05-26,
2113,RU000A1034Q5,2021-05-26,
2114,RU000A103S71,,
2115,RU000A103S89,2021-10-04,
2116,RU000A103S97,2021-10-04,
2117,RU000A103SA0,2021-10-04,
2118,RU000A103SB8,2021-10-04,
2119,RU000A1082Q4,2024-03-25,
2120,RU000A103SC6,2021-10-04,
2121,RU000A1082P6,2024-03-25,
2122,RU000A104JW1,2022-02-17,
2123,RU000A1014J2,2019-12-03,
2124,RU000A10F0Z5,2026-04-30,
2125,RU000A10F3C8,2026-05-04,
2126,RU000A10F3T2,2026-05-05,
2127,RU000A10F462,2026-05-06,
2128,RU000A10F4D4,2026-05-07,
2129,RU000A10F4Y0,2026-05-08,
2130,RU000A10F538,2026-05-12,
2131,RU000A103166,2021-10-20,
2132,RU000A103174,2021-12-01,
2133,RU000A1034H4,2023-11-09,
2134,RU000A103TW2,2023-05-31,
2135,RU000A103TX0,2023-05-29,
2136,RU000A103TY8,2023-06-30,
2137,RU000A103TZ5,2023-07-31,
2138,RU000A103U02,2021-11-17,
2139,RU000A103U10,2021-12-22,
2140,RU000A103U28,2022-01-19,
2141,RU000A103U36,2022-02-02,
2142,RU000A103U44,2022-02-16,
2143,RU000A103U51,2023-09-13,
2144,RU000A103XS2,2023-12-20,
2145,RU000A103XT0,2023-12-27,
2146,RU000A103XV6,2024-04-10,
2147,RU000A103XW4,2026-01-27,
2148,RU000A104081,2026-02-17,
2149,RU000A1043Q6,2026-02-20,
2150,RU000A1043R4,2026-03-02,
2151,RU000A1043S2,2026-03-06,
2152,RU000A1043T0,2026-03-11,
2153,RU000A1043P8,2024-03-13,
2154,RU000A104DE2,2025-12-26,
2155,RU000A104DG7,2026-02-10,
2156,RU000A104DH5,2026-04-07,
2157,RU000A104DJ1,2026-02-19,
2158,RU000A104DK9,2026-02-19,
2159,RU000A104DL7,2026-02-25,
2160,RU000A104DN3,2026-03-10,
2161,RU000A104DP8,2026-03-24,
2162,RU000A104DQ6,2026-03-20,
2163,RU000A104DR4,2026-03-31,
2164,RU000A104DS2,2026-04-14,
2165,RU000A106A94,2023-05-29,
2166,RU000A1067N2,2023-05-31,
2167,RU000A106M41,2023-07-27,
2168,RU000A106MQ2,2023-07-31,
2169,RU000A10EFP7,2026-04-15,
2170,RU000A10EFQ5,2026-04-28,
2171,RU000A10EFR3,2026-04-27,
2172,RU000A10EFS1,2026-05-13,
2173,RU000A106U33,2023-09-28,
2174,RU000A106TM6,2023-09-01,
2175,RU000A107B35,2023-12-01,
2176,RU000A107W55,2024-03-01,
2177,RU000A109KL1,2024-09-19,
2178,RU000A1095M5,2024-08-06,
2179,RU000A109N96,2024-09-27,
2180,RU000A10ABH1,2024-12-18,
2181,RU000A10B271,2025-03-18,
2182,RU000A10B8L2,2025-04-07,
2183,RU000A10E3T3,2026-01-15,
2184,RU000A10EC14,2026-02-19,
2185,RU000A10D327,2025-10-28,
2186,RU000A10D681,2025-11-11,
2187,RU000A10D699,2025-11-25,
2188,RU000A10DJP1,2025-11-21,
2189,RU000A10DMD1,2025-12-09,
2190,RU000A10DME9,2025-12-16,
2191,RU000A10DMF6,2025-12-26,
2192,RU000A10EVP4,2026-05-13,
2193,RU000A10EVQ2,2026-05-26,
2194,RU000A1084J5,2025-05-26,
2195,RU000A1084K3,2025-06-16,
2196,RU000A1084M9,2025-07-31,
2197,RU000A1084P2,2026-02-02,
2198,RU000A109P52,2024-12-03,
2199,RU000A10A1W5,2024-11-27,
2200,RU000A10A216,2025-01-28,
2201,RU000A10A232,2024-12-10,
2202,RU000A10A950,2024-12-17,
2203,RU000A10A968,2024-12-26,
2204,RU000A10A976,2024-12-26,
2205,RU000A10A9A4,2024-12-17,
2206,RU000A10AJQ5,2025-02-04,
2207,RU000A10AJR3,2025-02-11,
2208,RU000A10AR52,2025-02-18,
2209,RU000A10AR60,2025-03-04,
2210,RU000A10AR78,2025-03-11,
2211,RU000A10AR86,2025-03-11,
2212,RU000A10AR94,2025-03-21,
2213,RU000A10ARK1,2025-08-04,
2214,RU000A10AWX4,2025-03-21,
2215,RU000A10AWY2,2025-04-08,
2216,RU000A10AWZ9,2025-04-15,
2217,RU000A10AX05,2025-04-22,
2218,RU000A10AX13,2025-04-24,
2219,RU000A10BA35,2025-05-20,
2220,RU000A10BA43,2025-05-19,
2221,RU000A10BA50,2025-06-02,
2222,RU000A10BA68,2025-06-11,
2223,RU000A10BA76,2025-06-23,
2224,RU000A10BAN9,2025-07-01,
2225,RU000A10BR10,2025-07-30,
2226,RU000A10BR51,2025-06-23,
2227,RU000A10BR69,2025-08-26,
2228,RU000A10BRG7,2025-08-18,
2229,RU000A10BUQ0,2025-08-18,
2230,RU000A10BUR8,2025-12-11,
2231,RU000A10C055,2025-07-14,
2232,RU000A10C063,2025-07-14,
2233,RU000A10C071,2025-07-14,
2234,RU000A10C089,2025-07-23,
2235,RU000A10C097,2025-08-18,
2236,RU000A10C0A1,2025-08-11,
2237,RU000A10C428,2026-02-27,
2238,RU000A10C4E5,2025-08-11,
2239,RU000A10C4F2,2025-08-25,
2240,RU000A10C4G0,2025-10-13,
2241,RU000A10C4H8,2025-10-30,
2242,RU000A10C4J4,2025-11-17,
2243,RU000A10C4N6,2025-12-12,
2244,RU000A10C4P1,2026-01-14,
2245,RU000A10CEG3,,
2246,RU000A10CEH1,2025-11-24,
2247,RU000A10CEJ7,2025-11-13,
2248,RU000A10CEK5,2025-08-26,
2249,RU000A10CEL3,2025-10-02,
2250,RU000A10CEM1,2025-10-16,
2251,RU000A10CF13,2025-09-18,
2252,RU000A10CF21,2025-09-15,
2253,RU000A10CF39,2025-08-25,
2254,RU000A10CF47,2025-09-01,
2255,RU000A10CF54,2025-09-01,
2256,RU000A10CF62,2025-09-08,
2257,RU000A10CF70,2025-09-10,
2258,RU000A10CJX7,,
2259,RU000A10CJY5,,
2260,RU000A10CN88,2025-09-29,
2261,RU000A10CNB5,2025-10-06,
2262,RU000A10CNG4,2025-10-20,
2263,RU000A10CNN0,2025-11-06,
2264,RU000A10CQQ6,2026-01-14,
2265,RU000A10CQU8,2025-09-29,
2266,RU000A10CQV6,2025-10-13,
2267,RU000A10D2J7,2025-10-27,
2268,RU000A10D2K5,2025-11-10,
2269,RU000A10DC64,2025-12-15,
2270,RU000A10DC72,2025-12-10,
2271,RU000A10DC80,2025-12-04,
2272,RU000A10DCB6,2025-11-20,
2273,RU000A10DZ67,2026-03-27,
2274,RU000A10DZA9,2026-01-26,
2275,RU000A10E424,2026-02-09,
2276,RU000A10E457,2026-02-20,
2277,RU000A10E473,2026-03-02,
2278,RU000A10EBW2,2026-03-16,
2279,RU000A10EH27,,
2280,RU000A10EH35,,
2281,RU000A10EH43,2026-04-13,
2282,RU000A10EJ25,,
2283,RU000A10EJ33,2026-04-20,
2284,RU000A10EJ41,2026-04-06,
2285,RU000A104H57,2025-05-20,
2286,RU000A10EJ58,2026-05-04,
2287,RU000A1069H0,2023-08-21,
2288,RU000A0NRCP5,2023-11-15,
2289,RU000A0NTYA7,2023-09-29,
2290,RU000A0NX2N4,2023-10-23,
2291,RU000A107407,2023-12-22,
2292,RU000A100PB0,2019-08-06,
2293,RU000A1077V4,2023-11-16,
2294,RU000A108ZT4,2024-07-17,
2295,RU000A0JX2M2,2016-12-22,
2296,RU000A0JV755,2015-02-17,
2297,RU000A0JX2L4,2016-12-22,
2298,RU000A10EXG9,2026-04-22,
2299,KZOS,2011-12-05,
2300,KZOSP,2011-12-05,
2301,LNZL,2008-12-12,
2302,LNZLP,2009-06-18,
2303,RU000A10DCE0,2025-11-01,
2304,RU000A10E9Z7,2026-02-13,
2305,RU000A10DSY4,2025-12-15,
2306,RU000A105104,2022-08-03,
2307,RU000A105112,2022-08-03,
2308,RU000A100VX2,2019-10-09,
2309,RU000A10CC99,2025-08-14,
2310,RU000A108Q03,2024-06-18,
2311,RU000A107DS5,2023-12-18,
2312,RU000A106D59,2023-06-15,
2313,RU000A101RJ7,2020-06-15,
2314,RU000A105N25,2022-12-21,
2315,RU000A10C3B3,2025-07-17,
2316,RU000A106B51,2023-05-31,
2317,RU000A10F4Z7,2026-05-08,
2318,RU000A1070G0,2023-10-11,
2319,RU000A107GU4,2023-12-26,
2320,RU000A107PW1,2024-01-31,
2321,RU000A108F63,2024-05-16,
2322,RU000A1099P0,2024-08-22,
2323,RU000A10B2M3,2025-03-13,
2324,RU000A106CJ8,2023-06-08,
2325,RU000A107795,2023-11-15,
2326,RU000A10B8C1,2025-04-04,
2327,RU000A10EHB3,2026-03-11,
2328,RU000A1040S8,2021-11-16,
2329,RU000A106607,2023-04-27,
2330,RU000A1077U6,2023-11-16,
2331,RU000A1087F6,2024-04-11,
2332,RU000A109RR3,2024-10-10,
2333,RU000A10BTJ7,2025-06-19,
2334,RU000A10DBD4,2025-10-30,
2335,RU000A101U61,2020-06-26,
2336,RU000A106TJ2,2023-08-31,
2337,RU000A1094L0,2024-07-31,
2338,RU000A108CC9,2024-04-26,
2339,RU000A10A414,2024-11-20,
2340,RU000A10BGU1,2025-04-25,
2341,RU000A10BGW7,2025-04-25,
2342,RU000A107G22,2023-12-22,
2343,XCREDI,2026-03-20,
2344,RU000A104M43,2024-05-24,
2345,XQUANT,2026-01-15,
2346,RU000A106UA9,2023-09-07,
2347,RU000A107225,2023-10-19,
2348,RU000A10B4L1,2025-03-21,
2349,RU000A109KT4,2024-09-20,
2350,RU000A1089A3,2024-04-11,
2351,RU000A10AYB6,2025-02-21,
2352,RU000A100WZ5,2025-06-04,
2353,RU000A10CAQ0,2025-08-07,
2354,RU000A106Y70,2023-09-26,
2355,RU000A108FS8,2024-05-21,
2356,RU000A10A3Q3,2024-11-19,
2357,RU000A0JXQQ9,2017-05-10,
2358,RU000A1007U3,2019-03-29,
2359,RU000A100ME1,2019-07-23,
2360,RU000A106GC4,2023-07-04,
2361,RU000A107217,2023-10-19,
2362,RU000A107ST1,2024-02-16,
2363,RU000A1097C2,2024-08-09,
2364,RU000A10A026,2024-11-05,
2365,RU000A10EAB8,2026-02-16,
2366,RU000A10DYZ9,2025-12-25,
2367,RU000A109F05,2024-09-06,
2368,RU000A10A794,2024-12-04,
2369,RU000A10B4F3,2025-03-20,
2370,RU000A108FG3,2024-05-16,
2371,RU000A109AU3,2024-08-27,
2372,RU000A10B5M6,2025-03-26,
2373,RU000A10EXS4,2026-04-23,
2374,RU000A1065Y3,2023-04-27,
2375,RU000A106YL8,2023-09-28,
2376,RU000A1083X8,2024-03-28,
2377,RU000A1083V2,2024-03-28,
2378,RU000A107YT9,2024-03-12,
2379,RU000A10CM71,2025-09-02,
2380,RU000A107M32,2024-01-23,
2381,RU000A10DJM8,2025-11-21,
2382,RU000A10EDB2,2026-02-26,
2383,RU000A10C7C2,2025-07-30,
2384,RU000A10A1N4,2024-11-12,
2385,RU000A10BV89,2025-06-24,
2386,RU000A108DP9,2024-05-06,
2387,RU000A10EJR5,2026-03-13,
2388,RU000A104BY4,2021-12-24,
2389,RU000A103DY2,2021-07-14,
2390,RU000A1076A0,2023-11-08,
2391,RU000A10AQD8,2025-01-27,
2392,RU000A10CTJ5,2025-09-25,
2393,RU000A10E4U9,2026-01-22,
2394,RU000A1094U1,2024-08-01,
2395,RU000A109SM2,2024-10-15,
2396,RU000A10CRP6,2025-09-23,
2397,RU000A10DEE6,2025-11-14,
2398,RU000A10B2U6,2025-03-14,
2399,RU000A1097X8,2024-08-13,
2400,RU000A10B5A1,2025-03-25,
2401,RU000A108WJ2,2024-07-04,
2402,RU000A1043Z7,2021-11-24,
2403,RU000A10CUB0,2025-09-26,
2404,RU000A104Z71,2022-07-21,
2405,RU000A107E81,2023-12-18,
2406,RU000A10AS28,2025-02-06,
2407,RU000A10B3Q2,2025-03-21,
2408,RU000A10BZT3,2025-07-08,
2409,RU000A10B7N0,2025-04-02,
2410,RU000A10EQV2,2026-04-02,
2411,RU000A105GN3,2022-11-21,
2412,RU000A107TB7,2024-02-20,
2413,RU000A100725,2019-03-28,
2414,RU000A0JRHC0,2011-06-08,
2415,RU000A0JWCE7,2024-08-14,
2416,RU000A10DBH5,2025-10-30,
2417,RU000A10EN52,2026-03-25,
2418,RU000A10A505,2024-11-25,
2419,RU000A10C2R1,2025-07-15,
2420,RU000A10AC67,2024-12-25,
2421,RU000A10BW39,2025-06-27,
2422,RU000A10C8K3,2025-08-01,
2423,RU000A10A7A8,2024-12-03,
2424,RU000A104362,2021-11-23,
2425,RU000A105KR6,2022-12-06,
2426,RU000A106P06,2023-08-04,
2427,RU000A107GJ7,2023-12-25,
2428,RU000A109VJ2,2024-10-25,
2429,RU000A109VK0,2024-10-25,
2430,RU000A10AXP8,2025-02-18,
2431,RU000A10B3X8,2025-03-18,
2432,RU000A10B3Y6,2025-03-18,
2433,RU000A10A356,2025-12-22,
2434,RU000A109R19,2024-10-08,
2435,RU000A10BG62,2025-04-23,
2436,RU000A10C6C4,2025-08-14,
2437,RU000A10DYH7,2025-12-24,
2438,RU000A10EDA4,2026-02-26,
2439,RU000A109RX1,2024-10-10,
2440,RU000A1075D6,2023-10-31,
2441,RU000A106MS8,2023-07-31,
2442,RU000A105A95,2022-10-11,
2443,RU000A107C26,2023-12-07,
2444,RU000A1039A8,2021-06-25,
2445,RU000A107HQ0,2023-12-28,
2446,RU000A103QN7,2021-09-28,
2447,RU000A105BY1,2022-11-01,
2448,RU000A105JH9,2022-11-30,
2449,RU000A1056U0,2022-09-20,
2450,RU000A105KU0,2022-12-06,
2451,RU000A105JT4,2022-12-02,
2452,RU000A105QW3,2023-01-11,
2453,RU000A105QX1,2023-01-11,
2454,RU000A105R62,2023-01-13,
2455,RU000A105RH2,2023-01-18,
2456,RU000A105RZ4,2023-01-25,
2457,RU000A105SG2,2023-01-30,
2458,RU000A105XA5,2023-03-09,
2459,RU000A106RR9,2023-08-21,
2460,RU000A106RS7,2023-08-21,
2461,RU000A106RT5,2023-08-21,
2462,RU000A106S29,2023-08-24,
2463,RU000A106S37,2023-08-24,
2464,RU000A106S52,2023-08-24,
2465,RU000A106SM8,2023-08-29,
2466,RU000A106SQ9,2023-08-29,
2467,RU000A10D3G1,2025-10-15,
2468,RU000A109825,2024-08-13,
2469,RU000A10DPJ1,2025-12-03,
2470,RU000A10EXF1,2026-04-22,
2471,RU000A106YN4,2023-09-28,
2472,RU000A108A19,2024-04-17,
2473,RU000A10B8X7,2025-04-08,
2474,RU000A10DDG3,2025-11-11,
2475,RU000A0JXP78,2017-05-17,
2476,RU000A10BT42,2025-07-24,
2477,RU000A108Y11,2024-07-08,
2478,RU000A105MP6,2022-12-20,
2479,RU000A107G63,2023-12-22,
2480,RU000A106GY8,2023-07-06,
2481,RU000A1078X8,2023-11-23,
2482,RU000A1094T3,2024-08-01,
2483,RU000A10BXQ4,2025-07-01,
2484,RU000A10BUN7,2025-06-24,
2485,RU000A10EPT8,2026-03-27,
2486,RU000A103S30,2021-09-29,
2487,RU000A10DRX8,2025-12-11,
2488,RU000A10EG44,2026-03-06,
2489,RU000A106SL0,2023-08-29,
2490,RU000A107C00,2023-12-07,
2491,RU000A10EYT0,2026-04-28,
2492,RU000A107C75,2024-03-05,
2493,RU000A107Q12,2024-03-14,
2494,RU000A107Q20,2024-04-26,
2495,RU000A108C33,2024-06-27,
2496,RU000A108C41,2024-11-22,
2497,RU000A108TD1,2024-07-30,
2498,RU000A108TE9,2024-08-15,
2499,RU000A1095B8,2024-08-29,
2500,RU000A109775,2024-10-02,
2501,RU000A109QT1,2024-11-02,
2502,RU000A10EKA9,2026-04-16,
2503,RU000A10EX35,2026-04-21,
2504,RU000A106SF2,2023-08-28,
2505,RU000A1077X0,2023-11-16,
2506,RU000A108AL4,2024-04-18,
2507,RU000A10B4H9,2025-03-21,
2508,RU000A101ZU7,2020-08-06,
2509,RU000A10EXM7,2026-04-29,
2510,RU000A10C949,2025-08-05,
2511,RU000A10C9W6,2025-08-05,
2512,RU000A102MB3,2021-03-03,
2513,RU000A102MC1,2021-03-03,
2514,RU000A102ME7,2021-03-03,
2515,RU000A105UC7,2023-02-16,
2516,RU000A105UD5,2023-02-16,
2517,RU000A105UE3,2023-02-16,
2518,RU000A107BH2,2023-12-05,
2519,RU000A10ENA3,2026-03-25,
2520,RU000A10AZG2,2025-02-27,
2521,RU000A10AZF4,2025-02-27,
2522,RU000A10DSU2,2025-12-15,
2523,RU000A10CR92,2025-09-16,
2524,RU000A104A05,2021-12-16,
2525,RU000A10BLG0,2025-05-16,
2526,RU000A106T85,2023-08-31,
2527,RU000A1086N2,2024-04-24,
2528,RU000A108Q78,2024-06-18,
2529,RU000A10A7P6,,
2530,RU000A0ZZCX6,2018-07-12,
2531,RU000A102192,2020-08-17,
2532,RU000A105N58,2022-12-20,
2533,RU000A109QQ7,2024-10-04,
2534,RU000A0ZZZY5,2018-12-26,
2535,RU000A1021A6,2020-08-17,
2536,RU000A107GW0,2023-12-26,
2537,RU000A1018N5,2019-12-24,
2538,RU000A102HX7,2020-12-16,
2539,RU000A108LD8,2024-06-05,
2540,RU000A0ZZWQ8,2018-12-06,
2541,RU000A1018G9,2019-12-25,
2542,RU000A10EAQ6,2026-02-17,
2543,RU000A1065H8,2023-04-25,
2544,RU000A10CLZ8,2025-08-29,
2545,RU000A10E6G3,2026-01-30,
2546,RU000A10DLY9,2025-11-27,
2547,RU000A10ES24,2026-04-07,
2548,RU000A10AMY3,2025-01-16,
2549,RU000A10AT01,2025-02-04,
2550,RU000A1067H4,2023-05-11,
2551,RU000A108PC1,2024-06-14,
2552,RU000A10C6Z5,2025-07-28,
2553,RU000A10C6Y8,2025-07-28,
2554,RU000A10EVH1,2026-04-16,
2555,RU000A10DG78,2025-11-18,
2556,RU000A10ECA6,2026-02-20,
2557,RU000A10EXU0,2026-04-23,
2558,RU000A10E7D8,2026-02-05,
2559,RU000A1068S9,2023-05-18,
2560,RU000A10DE54,2025-12-03,
2561,RU000A104XE0,2022-07-05,
2562,RU000A1053H4,2022-08-17,
2563,RU000A105RF6,2023-01-19,
2564,RU000A105WZ4,2023-03-07,
2565,RU000A106987,2023-05-23,
2566,RU000A106GB6,2023-07-04,
2567,RU000A107480,2023-10-23,
2568,RU000A107NJ3,2024-01-26,
2569,RU000A10CU97,2025-09-26,
2570,RU000A100Q35,2019-08-13,
2571,RU000A10BPX6,2025-05-30,
2572,RU000A10BQ03,2025-05-30,
2573,RU000A10E4F0,2026-01-20,
2574,RU000A109908,2024-08-16,
2575,RU000A10BFP3,2025-04-21,
2576,RU000A109221,2024-07-23,
2577,RU000A10AFQ3,2024-12-24,
2578,RU000A10C3N8,2025-07-18,
2579,RU000A10C3P3,2025-07-18,
2580,RU000A10CTG1,2025-09-25,
2581,RU000A10DTQ8,2025-12-17,
2582,RU000A1071Q7,2023-10-18,
2583,RU000A106D18,2023-06-13,
2584,RU000A107C91,2023-12-08,
2585,RU000A108AJ8,2024-04-18,
2586,RU000A10B735,2025-03-27,
2587,RU000A103VD8,2021-10-14,
2588,RU000A10B727,2025-03-27,
2589,RU000A10CLD5,2025-08-28,
2590,RU000A10EB07,2026-02-18,
2591,RU000A107720,2023-11-14,
2592,RU000A107001,2023-10-10,
2593,RU000A10CTL1,2025-10-06,
2594,RU000A108YZ4,2024-07-11,
2595,RU000A10B255,2025-03-12,
2596,RU000A10C8M9,2025-08-01,
2597,RU000A109R50,2024-10-08,
2598,RU000A10BYR0,2025-07-03,
2599,RU000A105RU5,2023-01-24,
2600,RU000A106DJ6,2023-06-15,
2601,RU000A10BR02,2025-06-06,
2602,RU000A106PY9,2023-08-09,
2603,RU000A108LL1,2024-06-06,
2604,RU000A104EP6,2022-01-17,
2605,RU000A105DL4,2022-11-08,
2606,RU000A106PW3,2023-08-15,
2607,RU000A1082W2,2024-03-22,
2608,RU000A10BFK4,2025-04-18,
2609,RU000A105FM7,2022-11-14,
2610,RU000A1009Z8,2019-04-19,
2611,RU000A106RJ6,2023-08-21,
2612,RU000A108B83,2024-04-22,
2613,RU000A10AHU1,2024-12-28,
2614,RU000A10C8H9,2025-08-01,
2615,RU000A10DB16,2025-10-29,
2616,RU000A1092T7,2024-07-24,
2617,RU000A10AZN8,2025-02-28,
2618,RU000A10CS83,2025-09-19,
2619,RU000A1070A3,2023-10-11,
2620,RU000A1022Z1,2021-04-30,
2621,RU000A1068X9,2023-07-25,
2622,RU000A104172,2021-12-30,
2623,RU000A104KU3,2022-10-21,
2624,RU000A105328,2023-03-29,
2625,RU000A108UH0,2025-04-11,
2626,XTRIUMF,2025-09-25,
2627,RU000A108VR7,2024-09-02,
2628,RU000A10BBS6,2026-04-13,
2629,RU000A10CFM8,2025-12-01,
2630,RU000A0JUR61,2014-10-21,
2631,RU000A106YD5,2023-09-27,
2632,RU000A108E80,2024-05-14,
2633,RU000A106NT4,2023-08-03,
2634,RU000A10E7U2,2026-02-10,
2635,RU000A10D4S4,2025-10-21,
2636,RU000A10EL13,2026-03-17,
2637,RU000A109PK2,2024-10-03,
2638,RU000A107WF2,2024-03-05,
2639,RU000A108C17,2024-04-25,
2640,RU000A10BP87,2025-05-27,
2641,RU000A10C5P8,2025-07-23,
2642,RU000A10DTP0,2025-12-17,
2643,RU000A10B2D2,2025-03-13,
2644,RU000A10CU30,2025-09-26,
2645,RU000A10ED70,2026-02-26,
2646,RU000A10EQE8,2026-03-31,
2647,RU000A104B04,2021-12-22,
2648,RU000A104V00,2022-06-07,
2649,RU000A1090H6,2024-07-22,
2650,RU000A10B4T4,2025-03-24,
2651,RU000A1006C3,2019-03-15,
2652,RU000A10DTW6,2025-12-17,
2653,RU000A1013N6,2019-11-26,
2654,RU000A102LF6,2020-12-25,
2655,RU000A107761,2023-11-14,
2656,RU000A107LU4,2024-01-23,
2657,RU000A1080Y2,2024-03-14,
2658,RU000A106J61,2023-07-11,
2659,RU000A1074N8,2023-10-25,
2660,RU000A108Z77,2024-07-12,
2661,RU000A106U90,2023-09-07,
2662,RU000A1099W6,2024-08-23,
2663,RU000A106RB3,2023-08-18,
2664,RU000A1089L0,2024-04-12,
2665,RU000A109TF4,2024-10-18,
2666,RU000A10DLC5,2025-11-26,
2667,RU000A10DLN2,2025-11-27,
2668,RU000A10ENT3,2026-03-26,
2669,RU000A10CN62,2025-09-05,
2670,RU000A109T41,2024-10-17,
2671,RU000A10B7W1,2025-04-03,
2672,RU000A10EKZ6,2026-03-17,
2673,RU000A1021G3,2020-08-18,
2674,RU000A10ANT1,2025-01-30,
2675,RU000A10D665,2025-10-23,
2676,RU000A1082M3,2024-03-21,
2677,RU000A10AV23,2025-02-13,
2678,RU000A1090M6,2024-07-22,
2679,RU000A10B3B4,2025-03-17,
2680,RU000A10B5E3,2025-03-25,
2681,RU000A10DDZ3,2025-11-13,
2682,RU000A0ZZML0,2023-02-21,
2683,RU000A0ZZMD7,2023-02-21,
2684,RU000A0ZZMN6,2023-02-21,
2685,RU000A105RJ8,2023-04-06,
2686,RU000A109NM3,2024-09-30,
2687,RU000A106CR1,2023-06-09,
2688,RU000A108VM8,2024-07-01,
2689,RU000A105LS2,2022-12-13,
2690,RU000A10BXV4,2025-07-01,
2691,RU000A10DPT0,2025-12-04,
2692,RU000A10A6V6,2024-11-29,
2693,RU000A10BB83,2025-04-10,
2694,RU000A10CN47,2025-09-05,
2695,RU000A106JC8,2023-07-12,
2696,RU000A1079H9,2023-11-28,
2697,RU000A1074E7,2023-10-24,
2698,RU000A10DY35,2025-12-23,
2699,RU000A10BGE5,2025-04-24,
2700,RU000A108BE7,2024-04-23,
2701,RU000A10BRY0,2025-06-10,
2702,RU000A1098H9,2024-08-15,
2703,RU000A102SM7,2021-02-25,
2704,RU000A107GT6,2023-12-26,
2705,RU000A106C50,2023-06-06,
2706,RU000A10C873,2025-07-31,
2707,RU000A10CST6,2025-09-22,
2708,RU000A106AK0,2023-05-30,
2709,RU000A1078H1,2023-11-21,
2710,RU000A107EE3,2023-12-19,
2711,RU000A108KK5,2024-05-30,
2712,RU000A10BT00,2025-06-17,
2713,RU000A10C8B2,2025-07-31,
2714,RU000A10DK80,2025-11-25,
2715,RU000A109NA8,2024-09-27,
2716,RU000A10DRZ3,2025-12-11,
2717,RU000A100VG7,2019-09-26,
2718,RU000A101CQ4,2020-01-29,
2719,RU000A102986,2020-10-22,
2720,RU000A1064Y6,2023-04-20,
2721,RU000A0JRU20,2011-10-21,
2722,RU000A0JRU46,2011-10-21,
2723,RU000A1084N7,2024-03-29,
2724,RU000A10E5Y8,2026-01-27,
2725,RU000A1098T4,2024-08-15,
2726,RU000A10DDT6,2025-11-12,
2727,RU000A107P62,2024-01-29,
2728,RU000A10BHX3,2025-04-29,
2729,RU000A10BRN3,2025-06-09,
2730,RU000A10ASF9,2025-02-03,
2731,RU000A10CJ84,2025-08-25,
2732,RU000A10D2N9,2025-10-10,
2733,RU000A107209,2023-10-19,
2734,RU000A107A93,2023-11-30,
2735,RU000A104DZ7,2022-01-14,
2736,RU000A0ZZYS0,2018-12-19,
2737,RU000A103WB0,2021-10-19,
2738,RU000A10CCJ1,2025-08-12,
2739,RU000A106CM2,2023-06-08,
2740,RU000A107EP9,2023-12-19,
2741,RU000A108LN7,2024-06-06,
2742,RU000A10EYN3,2026-05-08,
2743,RU000A107GV2,2023-12-26,
2744,RU000A106946,2023-05-22,
2745,RU000A0JWAW3,2016-06-29,
2746,RU000A0ZZ5R2,2018-10-22,
2747,RU000A1034U7,2021-08-25,
2748,RU000A104YX8,2022-08-29,
2749,RU000A1099U0,2024-11-14,
2750,XSKLAD,2025-11-19,
2751,RU000A104CF1,2021-12-28,
2752,RU000A106W49,2023-09-15,
2753,RU000A107W71,2024-03-01,
2754,RU000A1018M7,2019-12-25,
2755,RU000A0JXLU2,2017-06-20,
2756,RU000A101UU8,2020-06-30,
2757,RU000A101UW4,2020-06-30,
2758,RU000A105BZ8,2022-12-22,
2759,RU000A10CKS5,2025-09-09,
2760,RU000A10DXE6,2026-02-16,
2761,RU000A10ENP1,2026-04-15,
2762,RU000A106GX0,2023-08-15,
2763,RU000A106S03,2023-08-31,
2764,RU000A106RZ2,2023-09-14,
2765,RU000A106S11,2023-09-07,
2766,RU000A1070U1,2023-10-25,
2767,RU000A1070V9,2023-11-17,
2768,RU000A1070W7,2023-11-24,
2769,RU000A1074M0,2024-02-20,
2770,RU000A107621,2024-02-29,
2771,RU000A107K75,2024-05-21,
2772,RU000A107K83,2024-06-11,
2773,RU000A107K91,2024-07-16,
2774,RU000A107KA8,2024-07-31,
2775,RU000A107KB6,2024-08-16,
2776,RU000A107KC4,2024-09-03,
2777,RU000A108DV7,2024-05-30,
2778,RU000A108DW5,2024-06-18,
2779,RU000A108QC9,2024-08-30,
2780,RU000A108QD7,2024-09-27,
2781,RU000A108QE5,2024-10-22,
2782,RU000A108QF2,2024-11-19,
2783,RU000A108QG0,2024-11-28,
2784,RU000A108Q52,2024-08-30,
2785,RU000A109EX9,2024-10-31,
2786,RU000A109T25,2024-11-19,
2787,RU000A109VR5,2024-12-17,
2788,RU000A109W12,2024-12-26,
2789,RU000A109W87,2025-12-11,
2790,RU000A109YQ1,,
2791,RU000A10AJB7,,
2792,RU000A10AJC5,,
2793,RU000A10AJD3,2026-02-26,
2794,RU000A10AJE1,,
2795,RU000A10DZC5,,
2796,RU000A109MB8,2024-12-17,
2797,RU000A10EW77,2026-05-06,
2798,RU000A10EW85,2026-05-06,
2799,RU000A10EW93,,
2800,RU000A10EWA4,2026-05-07,
2801,RU000A10DF38,2025-11-24,
2802,RU000A1062J1,2023-04-17,
2803,RU000A106ZP6,2023-10-17,
2804,RU000A109NC4,2024-10-07,
2805,RU000A10BQK1,2025-06-16,
2806,RU000A10CW87,2025-10-01,
2807,RU000A1032P1,2021-06-10,
2808,RU000A10DBA0,2025-12-05,
2809,RU000A10DBB8,2025-12-05,
2810,RU000A107DR7,2024-05-24,
2811,RU000A103XD4,2021-11-15,
2812,RU000A10BJR1,2025-06-24,
2813,RU000A107D25,2023-12-25,
2814,RU000A10ADT2,2024-12-20,
2815,RU000A106ZM3,2023-11-21,
2816,RU000A10A8N9,2024-12-06,
2817,RU000A1095N3,2024-09-12,
2818,RU000A10CLT1,2025-08-29,
2819,RU000A10C1T9,2025-11-07,
2820,RU000A10C1U7,2025-12-11,
2821,RU000A10C1V5,2025-12-12,
2822,RU000A101DA6,2020-02-12,
2823,RU000A101DB4,2020-02-12,
2824,RU000A101D96,2020-02-12,
2825,RU000A1087H2,2024-04-24,
2826,RU000A108F71,2024-07-02,
2827,RU000A108F89,2024-08-05,
2828,RU000A108F97,2024-08-05,
2829,RU000A108FA6,2024-10-14,
2830,RU000A109EH2,2024-09-25,
2831,RU000A109EJ8,2024-11-29,
2832,RU000A10BQR6,2025-06-30,
2833,RU000A10DD30,2025-11-28,
2834,RU000A10EK30,2026-03-30,
2835,RU000A10EK48,2026-03-30,
2836,RU000A1097T6,2024-08-30,
2837,RU000A10AST0,2025-02-24,
2838,RU000A10D5H4,2026-03-26,
2839,RU000A10EMM0,2026-03-20,
2840,RU000A10AAQ4,2024-12-12,
2841,RU000A10C3F4,2025-08-12,
2842,RU000A10DNX7,2026-01-29,
2843,RU000A104VD6,2022-07-19,
2844,RU000A10CBY2,2025-10-14,
2845,RU000A10B7T7,2025-04-02,
2846,RU000A10CFK2,2025-08-22,
2847,RU000A10DBM5,2025-11-13,
2848,RU000A10DSC0,2025-12-16,
2849,RU000A10DSD8,2025-12-16,
2850,RU000A107FW2,2024-02-06,
2851,RU000A10D4A2,2025-11-26,
2852,RU000A10D3R8,2025-10-15,
2853,RU000A10DEM9,2025-11-14,
2854,RU000A0ZYU54,2018-02-21,
2855,RU000A0ZZNL8,2018-10-03,
2856,RU000A0ZZS73,2018-11-07,
2857,RU000A109XN0,2024-10-29,
2858,RU000A106G80,2023-08-11,
2859,RU000A10C5J1,2025-07-22,
2860,RU000A10DSX6,2025-12-15,
2861,RU000A109NL5,2026-04-08,
2862,RU000A103TS0,2021-10-04,
2863,RU000A107FN1,2023-12-21,
2864,RU000A10BBG1,2025-04-11,
2865,RU000A10EMJ6,2026-03-20,
2866,RU000A10B6K8,2025-03-27,
2867,RU000A10DXM9,2025-12-22,
2868,RU000A103UL3,2021-10-11,
2869,RU000A108BX7,2024-04-25,
2870,RU000A1014U9,2019-12-04,
2871,RU000A106DV1,2023-06-19,
2872,RU000A108RK0,2024-06-21,
2873,RU000A10BQM7,2025-06-05,
2874,RU000A10C758,2025-07-29,
2875,RU000A10E6S8,2026-02-03,
2876,RU000A10F0X0,2026-04-29,
2877,RU000A107FG5,2023-12-21,
2878,RU000A0JWU31,2016-09-27,
2879,RU000A0JWU23,2016-09-27,
2880,RU000A0ZYBA9,2017-11-09,
2881,RU000A0ZYGF7,2019-09-27,
2882,RU000A0ZYGG5,2018-12-12,
2883,RU000A109RF8,2024-10-08,
2884,RU000A10BJL4,2025-05-06,
2885,RU000A10BTQ2,2025-06-19,
2886,RU000A10CZ35,2025-10-02,
2887,RU000A106VN0,2023-09-12,
2888,RU000A10C9Z9,2025-08-05,
2889,RU000A10ERD8,2026-04-03,
2890,RU000A106AU9,2023-05-30,
2891,RU000A1078K5,2023-11-21,
2892,RU000A107F07,2023-12-20,
2893,XMEGAM,,
2894,RU000A101YY2,2020-11-02,
2895,RU000A102PN1,2021-09-02,
2896,RU000A106CX9,2025-10-24,
2897,RU000A107J37,2024-09-26,
2898,RU000A107RE5,2024-09-26,
2899,RU000A108751,2024-09-26,
2900,RU000A1092L4,2024-09-26,
2901,RU000A109GQ8,2025-10-03,
2902,RU000A10A489,2025-04-29,
2903,RU000A10ATA8,2025-02-28,
2904,RU000A10CLY1,2025-09-29,
2905,RU000A10CKQ9,2025-10-13,
2906,RU000A10BT26,2025-10-24,
2907,RU000A10E3R7,2026-02-05,
2908,RU000A0ZZCD8,2018-10-16,
2909,RU000A106LC4,2025-03-19,
2910,RU000A106LB6,2025-03-19,
2911,RU000A106N57,2025-03-19,
2912,RU000A1095D4,2025-03-19,
2913,RU000A10ECF5,2026-04-06,
2914,RU000A1027E5,2021-02-15,
2915,RU000A0ZZ422,2018-09-10,
2916,RU000A10D814,2026-03-23,
2917,RU000A101UK9,2021-10-11,
2918,RU000A0JUYB1,2020-11-05,
2919,XFMAGR,2026-02-13,
2920,XFMAIN,2026-02-13,
2921,XFMAGY,2026-02-13,
2922,XFMOMB,2026-02-13,
2923,RU000A10AN72,2025-06-02,
2924,RU000A10D7W9,2025-12-01,
2925,RU000A106J04,2023-07-11,
2926,RU000A108FE8,2024-05-16,
2927,RU000A108U49,2024-06-26,
2928,RU000A10ESF1,2026-04-09,
2929,RU000A10BQG9,2025-06-04,
2930,RU000A10ECR0,2026-02-24,
2931,RU000A10ER41,2026-04-03,
2932,RU000A10EY26,2026-04-24,
2933,RU000A106P63,2023-08-10,
2934,RU000A10CT74,2025-09-23,
2935,RU000A106ZQ4,2023-10-05,
2936,RU000A10CRG5,2025-09-17,
2937,RU000A108405,2024-03-28,
2938,RU000A1094W7,2024-08-01,
2939,RU000A10E283,2025-12-29,
2940,RU000A10DWP4,2025-12-18,
2941,RU000A10D4E4,2025-10-17,
2942,RU000A1056T2,2022-09-15,
2943,RU000A107P47,2024-01-26,
2944,RU000A10B7D1,2025-03-31,
2945,RU000A10CRJ9,2025-09-17,
2946,RU000A10DQM3,2025-12-08,
2947,RU000A1040E8,2021-11-12,
2948,RU000A1070P1,2023-10-12,
2949,RU000A106HF5,2023-07-10,
2950,RU000A10D1J9,2025-10-07,
2951,RU000A10ECY6,2026-02-25,
2952,RU000A10DTB0,2025-12-16,
2953,RU000A10BNJ0,2025-05-23,
2954,RU000A108FX8,2024-05-21,
2955,RU000A10AG22,2024-12-25,
2956,RU000A10C0X3,2025-07-09,
2957,RU000A10D301,2025-10-13,
2958,RU000A10DDH1,2025-11-11,
2959,RU000A103604,2021-06-01,
2960,RU000A105492,2022-08-23,
2961,RU000A106R79,2023-08-17,
2962,RU000A10A4C1,2024-11-21,
2963,RU000A10BNK8,2025-05-23,
2964,RU000A10DBS2,2025-10-31,
2965,RU000A104WZ7,2022-06-30,
2966,RU000A106UL6,2023-09-08,
2967,RU000A10CPB0,2025-09-10,
2968,RU000A10BP46,2025-05-27,
2969,RU000A10E6J7,2026-01-30,
2970,RU000A10ADJ3,2024-12-18,
2971,RU000A10BUM9,2025-06-24,
2972,RU000A10BVT2,2025-06-26,
2973,RU000A10EKX1,2026-03-17,
2974,RU000A10ETM5,2026-04-14,
2975,RU000A108CE5,2024-04-27,
2976,RU000A102TK9,2021-03-04,
2977,RU000A100T81,2019-09-09,
2978,RU000A10DMN0,2025-12-01,
2979,RU000A10E7K3,2026-02-06,
2980,RU000A103B62,2021-10-05,
2981,RU000A103HD7,2021-11-10,
2982,RU000A10C5B8,2025-07-22,
2983,RU000A10CH37,2025-08-21,
2984,RU000A10A398,2024-11-15,
2985,RU000A10BNE1,2025-05-23,
2986,RU000A10BQ78,2025-06-02,
2987,RU000A107EW5,2023-12-20,
2988,RU000A108462,2024-03-29,
2989,RU000A10AYU6,2025-02-25,
2990,RU000A10BGC9,2025-04-24,
2991,RU000A1087G4,2024-04-09,
2992,RU000A10E4G8,2026-01-20,
2993,RU000A10E2B3,2025-12-29,
2994,RU000A106DK4,2023-06-15,
2995,RU000A106Q47,2023-08-10,
2996,RU000A106SE5,2023-08-28,
2997,RU000A108AK6,2024-04-18,
2998,RU000A108WV7,2024-07-05,
2999,RU000A10DG52,2025-11-18,
3000,RU000A103U69,2021-10-05,
3001,RU000A107TD3,2024-02-20,
3002,RU000A108KV2,2024-05-31,
3003,RU000A10D1U6,2025-10-09,
3004,RU000A10DRE8,2025-12-10,
3005,RU000A10ERS6,2026-04-07,
3006,RU000A10B2P6,2025-03-14,
3007,RU000A106XT3,2023-09-25,
3008,RU000A109T74,2024-10-17,
3009,RU000A1071Z8,2023-10-19,
3010,RU000A10BBC0,2025-04-11,
3011,RU000A107C34,2023-12-07,
3012,RU000A10BQH7,2025-06-04,
3013,RU000A108L65,2024-06-04,
3014,RU000A10BW88,2025-06-27,
3015,RU000A10D4V8,2025-10-21,
3016,RU000A10EDV0,2026-02-27,
3017,RU000A10F0W2,2026-04-29,
3018,RU000A10DRV2,2025-12-10,
3019,RU000A10E9M5,2026-02-12,
3020,RU000A10CT09,2025-09-23,
3021,RU000A10EV60,2026-04-15,
3022,RU000A10B7S9,2025-04-02,
3023,RU000A10CCB8,2025-08-12,
3024,RU000A10D3T4,2025-10-15,
3025,RU000A10DJS5,2025-11-21,
3026,RU000A10EC48,2026-02-19,
3027,RU000A10EV52,2026-04-15,
3028,RU000A10DPY0,2025-12-04,
3029,RU000A102V51,2021-03-18,
3030,RU000A105CF8,2022-10-31,
3031,RU000A106Y21,2023-09-26,
3032,RU000A10ADH7,2024-12-18,
3033,RU000A10B1M5,2025-03-10,
3034,RU000A105R70,2023-06-01,
3035,RU000A106SA3,2026-03-06,
3036,RU000A106XE5,2025-09-22,
3037,XXXXXX,2024-06-06,
3038,RU000A1000W4,2025-02-26,
3039,RU000A107U08,2025-04-01,
3040,XNIRUM,2026-04-30,
3041,RU000A105GY0,2025-05-19,
3042,RU000A109G79,2024-10-01,
3043,RU000A10BQQ8,2025-07-02,
3044,RU000A106Y88,2023-09-26,
3045,RU000A107U65,2024-02-22,
3046,RU000A1082K7,2024-03-21,
3047,RU000A109890,2024-08-14,
3048,RU000A106KT0,2023-07-19,
3049,RU000A106UK8,2023-09-07,
3050,RU000A107KR2,2024-01-16,
3051,RU000A10ED62,2026-02-26,
3052,RU000A10ESN5,2026-04-10,
3053,BLNG,2009-01-16,
3054,RU000A0ZYLK7,2017-12-22,
3055,MGNZ,2008-10-14,
3056,BSPBP,2021-01-26,
3057,RU000A0JWT91,2016-09-21,
3058,NKNC,2008-04-04,
3059,NKNCP,2008-04-04,
3060,RU000A0ZZZ17,2018-12-20,
3061,GEMA,2019-07-25,
3062,RU000A1001T8,2019-01-25,
3063,RU000A105054,2022-08-02,
3064,KLVZ,2024-02-22,
3065,APRI,2024-07-30,
3066,RU000A105DS9,2022-11-08,
3067,RU000A106631,2023-04-27,
3068,RU000A106WZ2,2023-09-19,
3069,RU000A107FZ5,2023-12-22,
3070,RU000A10A1P9,2024-11-12,
3071,RU000A10A554,2024-11-26,
3072,RU000A10AUG3,2025-02-12,
3073,RU000A10AG48,2024-12-25,
3074,RU000A10AZY5,2025-03-04,
3075,RU000A10BM56,2025-05-22,
3076,RU000A10CM06,2025-08-29,
3077,RU000A10DZH4,2025-12-26,
3078,RU000A10E5C4,2026-01-23,
3079,RU000A10ERC0,2026-04-03,
3080,ABRD,2012-10-02,
3081,RU000A10C6W2,2025-07-28,
3082,UTAR,2005-01-11,
3083,BANE,2011-11-18,
3084,BANEP,2011-11-18,
3085,RU000A0JWH87,2016-05-24,
3086,RU000A0JWX04,2016-10-27,
3087,RU000A0JX2Q3,2016-12-22,
3088,RU000A103DT2,2021-07-14,
3089,RU000A10DY27,2025-12-23,
3090,ASSB,2005-09-16,
3091,AMEZ,2008-08-28,
3092,USBN,2011-12-14,
3093,RU000A10DAZ9,2025-10-29,
3094,RU000A101H92,2020-03-04,
3095,RU000A101J33,2020-03-16,
3096,RU000A10CP78,2025-09-09,
3097,RU000A10ETQ6,2026-04-14,
3098,RU000A10ECC2,2026-02-20,
3099,RU000A10ETT0,2026-04-14,
3100,RU000A109TJ6,2024-10-18,
3101,RU000A10BFF4,2025-04-17,
3102,BISVP,2010-04-23,
3103,BRZL,2011-12-09,
3104,VLHZ,2006-07-12,
3105,VGSB,2005-09-16,
3106,VGSBP,2005-09-16,
3107,VSYD,2012-09-25,
3108,VSYDP,2012-09-25,
3109,RU000A106TS3,2023-09-01,
3110,RU000A106TQ7,2023-09-01,
3111,RU000A106TR5,2023-09-01,
3112,RU000A106TV7,2023-09-01,
3113,GAZA,2011-12-16,
3114,GAZAP,2018-03-30,
3115,GAZT,2012-01-26,
3116,GAZS,2011-09-28,
3117,GAZC,2011-09-28,
3118,GTRK,2017-11-03,
3119,RU000A10ATR2,2025-02-06,
3120,RU000A10B9Q9,2025-04-09,
3121,RU000A10E655,2026-01-28,
3122,RTGZ,2012-11-07,
3123,SIBN,2003-07-10,
3124,RU000A1017J5,2019-12-20,
3125,RU000A106565,2023-04-21,
3126,RU000A107605,2023-11-07,
3127,RU000A107HG1,2023-12-28,
3128,RU000A107HH9,2023-12-28,
3129,RU000A107UW1,2024-02-28,
3130,RU000A107UX9,2024-02-28,
3131,RU000A108PZ2,2024-06-17,
3132,RU000A0JUAN6,2013-11-27,
3133,RU000A0JUAP1,2013-11-27,
3134,RU000A107C67,2023-12-07,
3135,RU000A1069N8,2023-05-24,
3136,RU000A109TW9,2024-10-22,
3137,GCHE,2008-04-08,
3138,RU000A105M67,2022-12-15,
3139,RBCM,2011-01-19,
3140,DVEC,2007-12-13,
3141,DZRD,2010-12-30,
3142,DZRDP,2010-12-30,
3143,EVRZ,,
3144,RU000A1082G5,2024-03-19,
3145,RU000A10BVW6,2025-06-26,
3146,RU000A108D81,2024-05-02,
3147,RU000A1061K1,2023-04-04,
3148,RU000A10A133,2024-11-11,
3149,RU000A10A141,2024-11-11,
3150,RU000A10ATS0,2025-02-07,
3151,RU000A10BB75,2025-04-10,
3152,RU000A10CZB9,2025-10-03,
3153,RU000A10E4X3,2026-01-22,
3154,EELT,2017-09-07,
3155,ZVEZ,2011-12-16,
3156,ZILL,2011-12-09,
3157,RUSI,2011-11-23,
3158,KFBA,2020-03-30,
3159,IGST,2011-12-08,
3160,IGSTP,2011-12-08,
3161,RU000A109JW0,2024-09-17,
3162,RU000A109VM6,2024-10-25,
3163,RU000A10ASW4,2025-02-04,
3164,RU000A10CM89,2025-09-02,
3165,RU000A106EV9,2023-06-26,
3166,KLSB,2005-08-26,
3167,RU000A106A86,2023-05-26,
3168,RU000A106UW3,2023-09-08,
3169,RU000A109TG2,2024-10-18,
3170,RU000A10AV31,2025-02-13,
3171,RU000A10BY52,2025-07-01,
3172,RU000A10CCG7,2025-08-12,
3173,RU000A10F512,2026-05-08,
3174,RU000A10AHD7,2024-12-26,
3175,RU000A10B0R6,2025-03-06,
3176,RU000A10B0S4,2025-03-06,
3177,RU000A10C741,2025-07-29,
3178,RU000A10CRB6,2025-09-16,
3179,KOGK,2008-08-28,
3180,KRSB,2008-10-23,
3181,KRSBP,2008-10-23,
3182,KAZT,2011-12-14,
3183,KAZTP,2011-12-14,
3184,KGKC,2012-09-26,
3185,KGKCP,2012-10-22,
3186,LMBZ,2024-10-30,
3187,LVHK,2012-11-28,
3188,RU000A0ZYHW0,2017-12-04,
3189,LPSB,2005-08-16,
3190,MGKL,2023-12-28,
3191,RU000A10CHX1,2025-08-22,
3192,RU000A104XJ9,2022-07-05,
3193,RU000A105PJ2,2022-12-27,
3194,RU000A106FW4,2023-06-30,
3195,RU000A106MV2,2023-08-01,
3196,RU000A107UB5,2024-02-27,
3197,RU000A108ZU2,2024-07-17,
3198,RU000A10ATC4,2025-02-06,
3199,RU000A10C6U6,2025-07-28,
3200,MSTT,2010-11-03,
3201,RU000A0JWN63,2016-07-19,
3202,RU000A0JWN89,2016-08-10,
3203,RU000A107456,2023-10-23,
3204,MGNT,2006-04-24,
3205,RU000A105TP1,2023-02-09,
3206,RU000A1075E4,2023-10-31,
3207,MRSB,2005-09-01,
3208,MGTS,2005-01-11,
3209,MGTSP,2005-01-11,
3210,KROT,2003-09-09,
3211,KROTP,2005-01-11,
3212,RU000A105NK5,2022-12-22,
3213,NFAZ,2011-09-09,
3214,VJGZ,2011-12-14,
3215,VJGZP,2011-12-14,
3216,NSVZ,2011-12-13,
3217,UWGN,2015-04-29,
3218,RU000A104WF9,2022-06-24,
3219,RU000A108ZH9,2024-07-16,
3220,RU000A1059N9,2022-10-04,
3221,RU000A1059P4,2022-10-04,
3222,RU000A1059Q2,2022-10-04,
3223,RU000A1059R0,2022-10-04,
3224,NKSH,2011-12-14,
3225,RU000A108PR9,2024-06-14,
3226,RU000A107EL8,2023-12-18,
3227,NKHP,2015-11-17,
3228,NMTP,2007-11-08,
3229,UNAC,2013-09-17,
3230,PAZA,2011-12-08,
3231,RU000A100TB2,2019-09-10,
3232,PMSB,2006-02-09,
3233,PMSBP,2006-02-09,
3234,RU000A108P79,2024-06-13,
3235,CHGZ,2011-12-14,
3236,ROST,2008-08-11,
3237,RU000A10CM14,2025-08-29,
3238,RU000A10DD97,2025-11-10,
3239,RKKE,2008-05-29,
3240,LSNG,2003-07-16,
3241,LSNGP,2003-07-16,
3242,MRKK,2008-06-19,
3243,MRKS,2008-06-05,
3244,RU000A10ET56,2026-04-13,
3245,TORS,2005-12-28,
3246,TORSP,2005-12-28,
3247,RU000A107AG6,2023-12-05,
3248,MRKY,2008-08-22,
3249,RU000A104TD0,2022-05-13,
3250,RU000A106T93,2023-08-31,
3251,ROLO,2013-08-12,
3252,RZSB,2005-09-16,
3253,RU000A10A7H3,2024-12-03,
3254,RU000A10AXW4,2025-02-19,
3255,RU000A10B4U2,2025-03-24,
3256,RU000A10B4W8,2025-03-24,
3257,RU000A10B4X6,2025-03-24,
3258,RU000A10C8T4,2025-08-01,
3259,RU000A10CMR3,2025-09-03,
3260,RU000A10ECK5,2026-02-20,
3261,SPBE,2021-11-19,
3262,KRKN,2011-12-08,
3263,KRKNP,2011-12-08,
3264,RU000A102556,2020-09-22,
3265,SARE,2011-11-24,
3266,SAREP,2011-11-24,
3267,RU000A102HC1,2021-01-22,
3268,RU000A103Q24,2021-09-27,
3269,RU000A103QW8,,
3270,RU000A103QX6,,
3271,RU000A1069P3,2023-05-31,
3272,RU000A1024M5,,
3273,RU000A1027B1,2021-06-29,
3274,RU000A103968,2021-06-29,
3275,RU000A103JQ5,2021-08-30,
3276,RU000A104Y31,2022-07-29,
3277,RU000A103TL5,2021-10-14,
3278,RU000A1031G2,2021-05-18,
3279,RU000A102RA4,2021-02-26,
3280,RU000A103976,2021-06-29,
3281,RU000A103TN1,2021-10-14,
3282,RU000A102TH5,2021-03-19,
3283,RU000A102VD0,2021-03-30,
3284,RU000A102W50,2021-04-30,
3285,RU000A103216,2021-05-21,
3286,RU000A103273,2021-05-18,
3287,RU000A1032C9,2021-05-17,
3288,RU000A1032N6,2021-05-28,
3289,RU000A1032K2,2021-05-27,
3290,RU000A1032L0,2021-05-28,
3291,RU000A103539,2021-06-17,
3292,RU000A103588,2021-06-18,
3293,RU000A103596,2021-06-18,
3294,RU000A103AF7,2021-07-13,
3295,RU000A103AM3,2021-07-19,
3296,RU000A103AP6,2021-07-19,
3297,RU000A103C87,2021-07-30,
3298,RU000A103CP2,2021-07-29,
3299,RU000A103CR8,2021-07-29,
3300,RU000A103F92,2021-08-16,
3301,RU000A103FA7,2021-08-16,
3302,RU000A103FM2,2021-08-19,
3303,RU000A103G67,,
3304,RU000A103HE5,2021-08-27,
3305,RU000A103JB7,2021-08-27,
3306,RU000A103LD9,2021-09-17,
3307,RU000A103LE7,2021-09-17,
3308,RU000A103LF4,2021-09-14,
3309,RU000A103MW7,2021-09-27,
3310,RU000A103P25,2021-09-28,
3311,RU000A103PF5,2021-09-30,
3312,RU000A103PH1,2021-09-30,
3313,RU000A103RU0,2021-10-14,
3314,RU000A103RV8,2021-10-15,
3315,RU000A103RW6,2021-10-15,
3316,RU000A103UP4,2021-10-26,
3317,RU000A103UQ2,2021-10-29,
3318,RU000A103UR0,2021-10-29,
3319,RU000A103VP2,2021-10-28,
3320,RU000A103VQ0,2021-10-28,
3321,RU000A103X90,2021-11-18,
3322,RU000A103Y16,2021-11-16,
3323,RU000A103Y40,2021-11-15,
3324,RU000A103Y57,2021-11-15,
3325,RU000A103ZJ6,2021-11-25,
3326,RU000A1040T6,2021-11-30,
3327,RU000A1040U4,2021-11-30,
3328,RU000A1041N7,2021-11-29,
3329,RU000A1041M9,2021-11-29,
3330,RU000A1043H5,2021-11-30,
3331,RU000A1044Y8,2021-12-17,
3332,RU000A1044X0,2021-12-17,
3333,RU000A1044W2,2021-12-16,
3334,RU000A1044V4,2021-12-24,
3335,RU000A1045F4,2021-12-14,
3336,RU000A1047L8,2021-12-27,
3337,RU000A1047M6,2021-12-27,
3338,RU000A1047N4,2021-12-27,
3339,RU000A1047P9,2021-12-23,
3340,RU000A1049R1,2022-01-14,
3341,RU000A104A96,2022-01-18,
3342,RU000A104AF5,2022-01-17,
3343,RU000A104AH1,2022-01-24,
3344,RU000A104CR6,2022-01-28,
3345,RU000A104CS4,2022-01-28,
3346,RU000A104CY2,2022-01-27,
3347,RU000A104CZ9,2022-01-27,
3348,RU000A104ES0,2022-01-27,
3349,RU000A104FL2,2022-02-18,
3350,RU000A104FK4,2022-02-17,
3351,RU000A104FZ2,2022-02-25,
3352,RU000A104H08,2022-08-12,
3353,RU000A104JY7,2022-06-24,
3354,RU000A104JX9,2022-07-15,
3355,RU000A104KE7,2022-05-30,
3356,RU000A104KK4,2022-06-17,
3357,RU000A104KL2,2022-06-24,
3358,RU000A104KX7,2022-06-28,
3359,RU000A104KY5,2022-06-06,
3360,RU000A104KZ2,2022-08-05,
3361,RU000A105179,2022-08-30,
3362,RU000A1054X9,2022-09-15,
3363,RU000A105PA1,2023-01-27,
3364,RU000A105S87,2023-02-27,
3365,RU000A1065F2,2023-05-31,
3366,RU000A106AB9,2023-06-16,
3367,RU000A106AP9,2023-06-16,
3368,RU000A106AQ7,2023-06-28,
3369,RU000A106D83,2023-06-30,
3370,RU000A106EX5,2023-07-28,
3371,RU000A106G64,2023-07-17,
3372,RU000A106L18,2023-07-31,
3373,RU000A106LZ5,2023-08-25,
3374,RU000A106M09,2023-08-18,
3375,RU000A106QL4,2023-08-31,
3376,RU000A106RY5,2023-09-25,
3377,RU000A106SD7,2023-09-12,
3378,RU000A106TT1,2023-09-14,
3379,RU000A106TU9,2023-09-25,
3380,RU000A106XQ9,2023-10-23,
3381,RU000A106XR7,2023-10-17,
3382,RU000A107464,2023-10-31,
3383,RU000A1074S7,2023-11-20,
3384,RU000A107985,2023-12-18,
3385,RU000A107DB1,2024-01-15,
3386,RU000A107DC9,2023-12-25,
3387,RU000A107J45,2024-01-30,
3388,RU000A107P88,2024-02-14,
3389,RU000A107Q04,2024-02-27,
3390,RU000A107RW7,2024-02-27,
3391,RU000A107S77,2024-02-29,
3392,RU000A107SR5,2024-02-29,
3393,RU000A107UR1,2024-03-11,
3394,RU000A107W97,2024-03-21,
3395,RU000A1080T2,2024-03-22,
3396,RU000A1080W6,2024-03-29,
3397,RU000A108413,2024-04-18,
3398,RU000A108421,2024-04-18,
3399,RU000A1088K4,2024-04-27,
3400,RU000A1088L2,2024-04-27,
3401,RU000A108C09,2024-05-15,
3402,RU000A108DG8,2024-05-30,
3403,RU000A108E64,2024-05-29,
3404,RU000A108K25,2024-06-14,
3405,RU000A108LG1,2024-06-27,
3406,RU000A108Q60,2024-06-28,
3407,RU000A108QH8,2024-06-28,
3408,RU000A108QJ4,2024-06-28,
3409,RU000A108TC3,2024-06-28,
3410,RU000A108U98,2024-07-15,
3411,RU000A108U80,2024-07-16,
3412,RU000A108WH6,2024-07-30,
3413,RU000A108Z02,2024-07-30,
3414,RU000A108Z10,2024-07-30,
3415,RU000A1093H0,2024-08-14,
3416,RU000A1093J6,2024-08-09,
3417,RU000A1093K4,2024-08-15,
3418,RU000A1097A6,2024-08-29,
3419,RU000A1097R0,2024-08-30,
3420,RU000A109833,2024-09-02,
3421,RU000A109841,2024-09-02,
3422,RU000A109A34,2024-09-17,
3423,RU000A109JJ7,2024-09-27,
3424,RU000A109JK5,2024-09-27,
3425,RU000A109LL9,2024-10-16,
3426,RU000A109S75,2024-10-31,
3427,RU000A109X03,2024-11-15,
3428,RU000A109YH0,2024-11-15,
3429,RU000A109YG2,2024-11-22,
3430,RU000A10A182,2024-11-29,
3431,RU000A10A6N3,2024-12-20,
3432,RU000A10A6X2,2024-12-26,
3433,RU000A10A7N1,2024-12-12,
3434,RU000A10AEA0,2024-12-26,
3435,RU000A10AMK2,2025-01-30,
3436,RU000A10AN80,2025-01-29,
3437,RU000A10AN98,2025-01-30,
3438,RU000A10AND5,2025-01-31,
3439,RU000A10ANF0,2025-02-14,
3440,RU000A10AQF3,2025-02-26,
3441,RU000A10AQZ1,2025-02-28,
3442,RU000A10ASA0,2025-02-27,
3443,RU000A10AT92,2025-02-24,
3444,RU000A10AUJ7,2025-02-24,
3445,RU000A10AYH3,2025-03-24,
3446,RU000A10AYQ4,2025-03-25,
3447,RU000A10AYZ5,2025-03-13,
3448,RU000A10AZU3,2025-03-14,
3449,RU000A10AZV1,2025-03-14,
3450,RU000A10B1S2,2025-03-27,
3451,RU000A10B1T0,2025-03-12,
3452,RU000A10B4M9,2025-04-25,
3453,RU000A10B5T1,2025-04-28,
3454,RU000A10B5U9,2025-04-14,
3455,RU000A10B7B5,2025-04-11,
3456,RU000A10B867,2025-04-18,
3457,RU000A10B883,2025-04-11,
3458,RU000A10B8E7,2025-04-16,
3459,RU000A10BBQ0,2025-04-29,
3460,RU000A10BGB1,2025-04-25,
3461,RU000A10BG88,2025-05-27,
3462,RU000A10BG96,2025-05-28,
3463,RU000A10BGR7,2025-05-29,
3464,RU000A10BJ51,2025-05-30,
3465,RU000A10BJU5,2025-05-27,
3466,RU000A10BL73,2025-05-16,
3467,RU000A10BM98,2025-05-27,
3468,RU000A10BNQ5,2025-06-26,
3469,RU000A10BNR3,2025-06-25,
3470,RU000A10BPB2,2025-06-27,
3471,RU000A10BPJ5,2025-05-30,
3472,RU000A10BQ37,2025-06-16,
3473,RU000A10BPW8,2025-06-30,
3474,RU000A10BQJ3,2025-06-30,
3475,RU000A10BSR2,2025-06-17,
3476,RU000A10BT83,2025-06-20,
3477,RU000A10BVZ9,2025-07-28,
3478,RU000A10BW05,2025-07-25,
3479,RU000A10BWP8,2025-07-29,
3480,RU000A10BXN1,2025-07-16,
3481,RU000A10BXP6,2025-07-15,
3482,RU000A10BYC2,2025-07-15,
3483,RU000A10BYT6,2025-07-30,
3484,RU000A10BYU4,2025-07-08,
3485,RU000A10BZS5,2025-07-14,
3486,RU000A10C667,2025-08-27,
3487,RU000A10C6Q4,2025-08-18,
3488,RU000A10C7G3,2025-07-31,
3489,RU000A10C931,2025-08-28,
3490,RU000A10CC16,2025-08-28,
3491,RU000A10CC08,2025-08-29,
3492,RU000A10CL31,2025-09-15,
3493,RU000A10CL49,2025-09-26,
3494,RU000A10CL56,2025-09-16,
3495,RU000A10CMV5,2025-09-05,
3496,RU000A10CQX2,2025-09-19,
3497,RU000A10CQZ7,2025-09-29,
3498,RU000A10CTP2,2025-10-28,
3499,RU000A10CTR8,2025-10-14,
3500,RU000A10CTS6,2025-09-26,
3501,RU000A10CTT4,2025-10-15,
3502,RU000A10CV47,2025-09-30,
3503,RU000A10CX78,2025-10-27,
3504,RU000A10D2R0,2025-10-20,
3505,RU000A10D4M7,2025-10-31,
3506,RU000A10D5G6,,
3507,RU000A10D9Q7,2025-11-28,
3508,RU000A10DAU0,2025-11-28,
3509,RU000A10DAV8,2025-11-05,
3510,RU000A10DBF9,2025-11-14,
3511,RU000A10DBR4,2025-11-12,
3512,RU000A10DDA6,2025-11-28,
3513,RU000A10DDK5,2025-11-21,
3514,RU000A10DM21,2025-12-12,
3515,RU000A10DM39,2025-12-12,
3516,RU000A10DS90,2025-12-26,
3517,RU000A10EF86,2026-03-25,
3518,RU000A10EF94,2026-03-26,
3519,RU000A10EFK8,2026-03-30,
3520,RU000A10EFY9,2026-03-19,
3521,RU000A10ELC3,2026-03-24,
3522,RU000A10EN94,2026-04-24,
3523,RU000A10ENB1,2026-04-10,
3524,RU000A10EQ91,2026-04-30,
3525,RU000A10EQA6,2026-04-17,
3526,RU000A10EQB4,2026-04-17,
3527,RU000A10ER25,2026-04-28,
3528,RU000A10ES99,2026-04-27,
3529,RU000A10ET15,2026-04-23,
3530,RU000A10EXY2,2026-05-13,
3531,RU000A10F157,2026-05-28,
3532,RU000A10F4G7,2026-05-27,
3533,RU000A100MZ6,2019-08-06,
3534,SVET,2021-01-15,
3535,SVETP,2024-05-27,
3536,RU000A108RQ7,2024-06-21,
3537,RU000A10ABK5,2024-12-13,
3538,MFGS,2005-01-11,
3539,MFGSP,2005-01-11,
3540,JNOS,2008-10-14,
3541,JNOSP,2010-07-22,
3542,CARM,2023-07-03,
3543,RU000A107L82,2024-01-19,
3544,RU000A1052C7,2022-08-08,
3545,RU000A107B84,2023-12-04,
3546,RU000A107C59,2023-12-07,
3547,RU000A107CM0,2023-12-11,
3548,RU000A107E99,2023-12-18,
3549,RU000A10BSQ4,2025-06-11,
3550,RU000A10CQB8,2025-09-12,
3551,RU000A10D4L9,2025-10-31,
3552,RU000A10D5F8,2025-10-31,
3553,RU000A10DB65,2025-11-17,
3554,RU000A10DGA9,2025-11-28,
3555,RU000A10DKS3,2025-12-15,
3556,RU000A10DS82,2025-12-26,
3557,RU000A10E2M0,2026-01-30,
3558,RU000A10E5E0,2026-02-16,
3559,RU000A10E846,2026-02-27,
3560,RU000A10EG77,2026-03-31,
3561,STSB,2008-03-28,
3562,STSBP,2008-03-28,
3563,PRFN,2012-08-28,
3564,VRSB,2005-10-14,
3565,VRSBP,2005-10-14,
3566,KBSB,2008-02-08,
3567,MISB,2005-08-26,
3568,MISBP,2005-08-26,
3569,NNSB,2005-11-08,
3570,NNSBP,2005-11-08,
3571,RTSB,2005-12-26,
3572,RTSBP,2005-12-26,
3573,YRSB,2005-08-29,
3574,YRSBP,2005-08-29,
3575,RU000A108DH6,2024-06-20,
3576,KRKOP,2011-12-09,
3577,TASB,2005-08-08,
3578,TASBP,2005-08-08,
3579,TTLK,2007-03-21,
3580,RU000A106MW0,2023-08-01,
3581,RU000A10AEF9,2024-12-19,
3582,RU000A10AEE2,2024-12-19,
3583,RU000A10AS02,2025-01-30,
3584,RU000A10ARZ9,2025-01-30,
3585,RU000A10BPF3,2025-05-29,
3586,TGKB,2006-10-20,
3587,TGKBP,2007-01-30,
3588,RU000A0JWWM8,2016-10-21,
3589,RU000A0ZYFS2,2017-11-15,
3590,RU000A107JN3,2024-01-10,
3591,TUZA,2008-08-28,
3592,UKUZ,2008-08-28,
3593,RU000A10AYM3,2025-02-24,
3594,URKZ,2012-05-11,
3595,RU000A10C6M3,2025-07-25,
3596,RU000A10D319,2025-10-13,
3597,RU000A10DBV6,2025-10-31,
3598,LIFE,2010-11-24,
3599,RU000A1057P8,2022-09-20,
3600,RU000A106037,2023-03-27,
3601,RU000A106ZU6,2023-10-11,
3602,RU000A0JTYJ6,2013-06-10,
3603,RU000A0JU2K9,2013-08-13,
3604,RU000A0JU2L7,2013-08-13,
3605,RU000A0JTYK4,2013-06-10,
3606,RU000A0JU7S1,2013-10-21,
3607,RU000A0JUC92,2013-12-13,
3608,RU000A0JUCA9,2013-12-13,
3609,RU000A0JVCB5,2015-05-06,
3610,RU000A0JVDD9,2015-05-06,
3611,RU000A105559,2022-08-31,
3612,RU000A105PH6,2022-12-27,
3613,RU000A105VQ5,2023-02-21,
3614,RU000A1065C9,2023-04-25,
3615,RU000A1065A3,2023-04-25,
3616,RU000A107CG2,2023-12-12,
3617,RU000A107D17,2023-12-12,
3618,HIMCP,2011-12-14,
3619,GECO,2023-04-25,
3620,WTCM,2007-09-27,
3621,WTCMP,2007-09-27,
3622,CNTL,2008-12-12,
3623,CNTLP,2011-10-25,
3624,CHKZ,2008-12-12,
3625,CHMK,2008-12-12,
3626,ELMT,2024-06-06,
3627,RU000A105H98,2022-11-24,
3628,RU000A10CH03,2025-08-21,
3629,UNKL,2012-04-20,
3630,IRKT,2005-01-11,
3631,YAKG,2011-12-09,
3632,YKEN,2004-12-02,
3633,YKENP,2008-07-17,
3634,KUZB,2012-09-05,
3635,RU000A1041B2,2021-11-17,
3636,RU000A105EW9,2022-11-10,
3637,RU000A1043G7,2021-11-23,
3638,RU000A105SP3,2023-02-03,
3639,RU000A104FG2,2022-01-26,
3640,RU000A107BP5,2023-12-06,
3641,RU000A104UA4,2022-05-30,
3642,RU000A108991,2024-04-11,
3643,RU000A1053P7,2022-08-18,
3644,RU000A10BJ93,2025-04-30,
3645,RU000A10CB66,2025-08-08,
3646,RU000A10CL64,2025-08-27,
3647,RU000A10DY50,2025-12-23,
3648,RU000A10DY76,2025-12-23,
3649,RU000A10E747,2026-02-04,
3650,TNSE,2015-06-17,
3651,DIOD,2010-06-09,
3652,ZAYM,2024-04-12,
3653,NAUK,2011-12-15,
3654,OMZZP,2004-09-28,
3655,RGSS,2013-11-19,
3656,RU000A108BQ1,2024-04-24,
3657,KCHE,2008-03-14,
3658,KCHEP,2008-07-09,
3659,MAGE,2010-11-12,
3660,MAGEP,2010-11-12,
3661,SAGO,2003-07-21,
3662,SAGOP,2003-07-21,
3663,SLEN,2017-02-06,
3664,XS1634369224,2017-06-29,
3665,BYM000002469,2025-08-28,
3666,BYM000002410,2025-08-21,
3667,BYM000002154,2025-06-26,
3668,BYM000001941,2025-02-28,
3669,BYM000001925,2025-02-24,
3670,BYM000001818,2024-12-27,
3671,XS2120882183,2020-06-24,
3672,XS1760804184,2018-02-28,
3673,RU000A0JRUQ3,2024-06-03,
3674,RU000A107B43,2023-12-01,
3675,RU000A107CX7,2023-12-12,
3676,RU000A107D58,2023-12-13,
3677,RU000A105KB0,2022-12-06,
3678,RU000A107TT9,2024-02-21,
3679,RU000A104V75,2022-06-08,
3680,RU000A10D3J5,2025-10-14,
3681,RU000A0JWGV2,2016-05-19,
3682,RU000A0JXRD5,2017-05-23,
3683,RU000A104W17,2022-06-21,
3684,RU000A10D3K3,2025-10-14,
3685,RU000A0JWTL6,2016-09-22,
3686,RU000A0JXS59,2017-05-31,
3687,RU000A104W33,2022-06-21,
3688,RU000A10EA16,2026-02-13,
3689,RU000A0JXMP0,2017-04-03,
3690,RU000A0ZZ5H3,2018-05-07,
3691,RU000A1055Y4,2022-09-07,
3692,RU000A10EA32,2026-02-13,
3693,RU000A0ZZ5J9,2018-05-07,
3694,RU000A10EWL1,2026-04-20,
3695,RU000A100SZ3,2019-09-05,
3696,RU000A1008Y3,2019-04-09,
3697,RU000A100UT2,2019-09-24,
3698,RU000A102E52,2020-11-25,
3699,RU000A101ZH4,2020-08-04,
3700,RU000A1008V9,2019-04-08,
3701,RU000A0ZZTK7,2018-11-15,
3702,RU000A10BTT6,2025-06-19,
3703,PRMB,2011-05-03,
3704,RU000A104Z48,2022-07-21,
3705,RU000A105YH8,2023-03-16,
3706,RU000A106LL5,2023-07-25,
3707,RU000A106WW9,2023-09-19,
3708,RU000A107AU7,2023-11-30,
3709,RU000A10A7F7,2024-12-03,
3710,RU000A10ADB0,2025-05-15,
3711,RU000A10ADC8,2026-02-05,
3712,RU000A10ACF3,2024-12-18,
3713,RU000A10B3C2,2025-03-17,
3714,RU000A10B8D9,2025-04-08,
3715,RU000A10C287,2025-07-11,
3716,RU000A10C840,,
3717,RU000A10C6S0,2025-07-29,
3718,RU000A10CTX6,2025-09-26,
3719,RU000A10D9J2,2025-10-28,
3720,RU000A10DUL7,2026-04-17,
3721,RU000A10DXJ5,2025-12-22,
3722,RU000A10DWV2,2025-12-19,
3723,RU000A10EEP0,2026-03-02,
3724,RU000A10EP43,2026-04-23,
3725,RU000A10EP50,2026-04-22,
3726,RU000A10EP68,,
3727,RU000A10EP76,2026-04-29,
3728,RU000A10EP84,2026-04-30,
3729,RU000A10EP92,2026-05-06,
3730,RU000A10EPA8,2026-05-07,
3731,RU000A104Z63,2022-07-22,
3732,RU000A107X96,2024-04-09,
3733,RU000A107XA1,2024-07-25,
3734,RU000A107XB9,2024-08-05,
3735,RU000A107XC7,2024-09-26,
3736,RU000A107XD5,2025-12-11,
3737,RU000A1093L2,2024-12-10,
3738,RU000A10C329,2025-07-15,
3739,RU000A10EF11,2026-03-04,
3740,RU000A105SZ2,2023-02-02,
3741,RU000A106CB5,2023-06-06,
3742,RU000A107KV4,2024-01-18,
3743,RU000A10A1U9,2024-11-13,
3744,RU000A10B750,2025-03-28,
3745,RU000A10BVF1,2025-06-25,
3746,RU000A10DX69,2025-12-19,
3747,RU000A10CDX0,2025-08-14,
3748,RU000A10ERA4,2026-04-03,
3749,RU000A1067T9,2023-05-16,
3750,RU000A106R12,2023-08-16,
3751,RU000A1078Y6,2023-11-23,
3752,RU000A107SX3,2024-02-19,
3753,RU000A10B081,2025-03-05,
3754,RU000A0JPZP8,2008-10-10,
3755,RU000A0JPZL7,2008-10-10,
3756,MONY,2024-12-26,
3757,RU000A101TT2,2020-06-26,
3758,RU000A101Y18,2020-07-31,
3759,RU000A1084Q0,2024-03-29,
3760,RU000A102564,2020-09-30,
3761,RU000A1028U9,2020-10-22,
3762,RU000A102E37,2020-11-30,
3763,RU000A102FE1,2020-12-03,
3764,RU000A1089X5,2024-04-15,
3765,RU000A102GA7,2020-12-10,
3766,RU000A1089W7,2024-04-15,
3767,RU000A102S72,2021-02-25,
3768,RU000A1089U1,2024-04-15,
3769,RU000A0JVB19,2015-03-31,
3770,RU000A0JVB27,2015-03-31,
3771,RU000A0JVKH5,2015-07-01,
3772,RU000A0JX1S1,2016-12-15,
3773,RU000A0JWLU4,2016-06-28,
3774,RU000A0JXJK7,2017-02-22,
3775,RU000A0JWHU2,2016-05-27,
3776,RU000A106K43,2023-07-17,
3777,RU000A106VV3,2023-09-13,
3778,RU000A106ZL5,2023-10-05,
3779,RU000A107936,2023-11-24,
3780,RU000A107PU5,2024-01-31,
3781,RU000A108124,2024-03-15,
3782,RU000A0JWYJ0,2016-11-11,
3783,RU000A0ZZZZ2,2018-12-27,
3784,RU000A100Q50,2019-08-13,
3785,RU000A100QA0,2019-08-14,
3786,KMEZ,2009-09-07,
3787,RU000A106938,2023-05-23,
3788,RU000A10AUX8,2025-02-12,
3789,RU000A10BV55,2025-06-24,
3790,RU000A10C9Y2,2025-08-05,
3791,RU000A102EF1,2020-11-26,
3792,RU000A1083N9,2024-03-27,
3793,RU000A10EED6,2026-03-02,
3794,RU000A102EE4,2020-11-26,
3795,RU000A109DY9,2024-09-03,
3796,RU000A10EHA5,2026-03-11,
3797,RU000A10A125,2024-11-11,
3798,RU000A1057S2,2022-09-20,
3799,RU000A105ZC6,2023-03-20,
3800,RU000A105A87,2022-10-11,
3801,RU000A10DJV9,2025-11-21,
3802,RU000A0HGNG6,2022-02-09,
3803,RU000A0HGNH4,2024-04-26,
3804,RU000A0JPMD2,2023-09-20,
3805,ARSA,2008-04-07,
3806,RU000A0JXWF0,2024-04-26,
