open,close,high,low,value,volume,begin,end,ticker
100.0,100.2,100.49,100.0,13149236.9,13145,2020-07-31 00:00:00,2020-07-31 23:59:59,RU000A101Z74
100.02,100.05,100.2,100.02,22731850.4,22709,2020-08-03 00:00:00,2020-08-03 23:59:59,RU000A101Z74
100.03,100.05,100.05,100.02,44132022.4,44110,2020-08-04 00:00:00,2020-08-04 23:59:59,RU000A101Z74
100.05,100.05,100.05,100.03,9050239.8,9046,2020-08-05 00:00:00,2020-08-05 23:59:59,RU000A101Z74
100.05,100.04,100.05,99.98,3162553.7,3161,2020-08-06 00:00:00,2020-08-06 23:59:59,RU000A101Z74
100.02,100.03,100.05,100.02,2202070.0,2201,2020-08-07 00:00:00,2020-08-07 23:59:59,RU000A101Z74
100.05,100.03,100.07,100.03,16437071.4,16431,2020-08-10 00:00:00,2020-08-10 23:59:59,RU000A101Z74
100.03,100.02,100.03,100.01,133038.8,133,2020-08-11 00:00:00,2020-08-11 23:59:59,RU000A101Z74
99.98,100.05,100.05,99.98,6263111.2,6260,2020-08-12 00:00:00,2020-08-12 23:59:59,RU000A101Z74
100.0,100.0,100.04,100.0,24594118.8,24594,2020-08-13 00:00:00,2020-08-13 23:59:59,RU000A101Z74
99.98,100.0,100.0,99.91,18735972.0,18736,2020-08-14 00:00:00,2020-08-14 23:59:59,RU000A101Z74
99.94,99.9,100.04,99.9,23567409.5,23564,2020-08-17 00:00:00,2020-08-17 23:59:59,RU000A101Z74
99.95,99.88,99.95,99.88,3952016.0,3954,2020-08-18 00:00:00,2020-08-18 23:59:59,RU000A101Z74
99.95,99.93,99.95,99.93,36702607.3,36721,2020-08-19 00:00:00,2020-08-19 23:59:59,RU000A101Z74
99.98,99.97,99.98,99.97,197959.4,198,2020-08-20 00:00:00,2020-08-20 23:59:59,RU000A101Z74
99.99,99.98,99.99,99.88,1294451.4,1295,2020-08-21 00:00:00,2020-08-21 23:59:59,RU000A101Z74
100.0,100.0,100.0,99.86,38557843.6,38558,2020-08-24 00:00:00,2020-08-24 23:59:59,RU000A101Z74
99.99,99.99,99.99,99.98,3935599.5,3936,2020-08-25 00:00:00,2020-08-25 23:59:59,RU000A101Z74
99.99,99.99,99.99,99.99,161983.8,162,2020-08-26 00:00:00,2020-08-26 23:59:59,RU000A101Z74
99.99,99.99,99.99,99.99,49995.0,50,2020-08-27 00:00:00,2020-08-27 23:59:59,RU000A101Z74
100.0,100.0,100.0,99.99,30570948.5,30571,2020-08-28 00:00:00,2020-08-28 23:59:59,RU000A101Z74
100.0,100.0,100.0,100.0,27731000.0,27731,2020-08-31 00:00:00,2020-08-31 23:59:59,RU000A101Z74
99.99,100.0,100.0,99.99,20999.9,21,2020-09-01 00:00:00,2020-09-01 23:59:59,RU000A101Z74
100.0,100.0,100.0,100.0,53000.0,53,2020-09-02 00:00:00,2020-09-02 23:59:59,RU000A101Z74
100.0,100.0,100.0,100.0,1516000.0,1516,2020-09-03 00:00:00,2020-09-03 23:59:59,RU000A101Z74
100.0,99.97,100.0,99.97,3888999.4,3889,2020-09-04 00:00:00,2020-09-04 23:59:59,RU000A101Z74
100.0,100.0,100.0,100.0,11539000.0,11539,2020-09-07 00:00:00,2020-09-07 23:59:59,RU000A101Z74
100.0,100.0,100.0,99.99,16062999.6,16063,2020-09-08 00:00:00,2020-09-08 23:59:59,RU000A101Z74
100.0,100.0,100.0,99.5,21668739.6,21681,2020-09-09 00:00:00,2020-09-09 23:59:59,RU000A101Z74
100.0,100.0,100.0,99.55,8391834.9,8392,2020-09-10 00:00:00,2020-09-10 23:59:59,RU000A101Z74
100.04,100.0,100.05,100.0,22548167.5,22548,2020-09-11 00:00:00,2020-09-11 23:59:59,RU000A101Z74
100.0,100.0,100.0,100.0,18973000.0,18973,2020-09-14 00:00:00,2020-09-14 23:59:59,RU000A101Z74
100.03,100.0,100.03,100.0,34470315.9,34470,2020-09-15 00:00:00,2020-09-15 23:59:59,RU000A101Z74
99.99,99.95,99.99,99.9,27189298.9,27203,2020-09-16 00:00:00,2020-09-16 23:59:59,RU000A101Z74
100.0,100.0,100.0,99.9,89603858.0,89669,2020-09-17 00:00:00,2020-09-17 23:59:59,RU000A101Z74
100.0,100.0,100.0,99.42,19431988.3,19432,2020-09-18 00:00:00,2020-09-18 23:59:59,RU000A101Z74
100.0,100.0,100.0,100.0,12951000.0,12951,2020-09-21 00:00:00,2020-09-21 23:59:59,RU000A101Z74
100.0,100.0,100.0,99.9,43912748.0,43913,2020-09-22 00:00:00,2020-09-22 23:59:59,RU000A101Z74
100.0,100.0,100.0,99.9,31324562.0,31326,2020-09-23 00:00:00,2020-09-23 23:59:59,RU000A101Z74
100.0,99.5,100.0,99.5,31623233.4,31626,2020-09-24 00:00:00,2020-09-24 23:59:59,RU000A101Z74
100.0,100.0,100.15,100.0,25527107.4,25520,2020-09-25 00:00:00,2020-09-25 23:59:59,RU000A101Z74
100.0,100.0,100.1,99.51,27171731.6,27151,2020-09-28 00:00:00,2020-09-28 23:59:59,RU000A101Z74
100.1,100.08,100.1,100.07,34252018.5,34224,2020-09-29 00:00:00,2020-09-29 23:59:59,RU000A101Z74
101.0,100.07,101.0,100.07,35816814.1,35780,2020-09-30 00:00:00,2020-09-30 23:59:59,RU000A101Z74
100.1,100.0,100.1,100.0,23842525.0,23841,2020-10-01 00:00:00,2020-10-01 23:59:59,RU000A101Z74
100.04,100.04,100.08,99.55,18233343.5,18224,2020-10-02 00:00:00,2020-10-02 23:59:59,RU000A101Z74
106.39,100.06,106.39,100.0,20606740.0,20592,2020-10-05 00:00:00,2020-10-05 23:59:59,RU000A101Z74
100.14,100.0,100.14,99.51,19150643.8,19127,2020-10-06 00:00:00,2020-10-06 23:59:59,RU000A101Z74
100.15,100.14,100.15,99.53,16622642.2,16600,2020-10-07 00:00:00,2020-10-07 23:59:59,RU000A101Z74
100.0,100.93,101.0,100.0,10103724.8,10006,2020-10-08 00:00:00,2020-10-08 23:59:59,RU000A101Z74
101.0,100.95,101.0,100.9,49382814.7,48919,2020-10-09 00:00:00,2020-10-09 23:59:59,RU000A101Z74
100.96,100.5,100.97,100.5,15195837.9,15056,2020-10-12 00:00:00,2020-10-12 23:59:59,RU000A101Z74
100.5,100.9,100.91,100.5,15109524.6,14994,2020-10-13 00:00:00,2020-10-13 23:59:59,RU000A101Z74
100.96,100.84,100.96,100.01,17157111.9,17020,2020-10-14 00:00:00,2020-10-14 23:59:59,RU000A101Z74
100.87,100.79,100.88,100.1,6875762.8,6823,2020-10-15 00:00:00,2020-10-15 23:59:59,RU000A101Z74
100.75,100.79,100.96,100.2,28143818.3,27931,2020-10-16 00:00:00,2020-10-16 23:59:59,RU000A101Z74
100.82,100.79,100.93,100.38,22688553.1,22503,2020-10-19 00:00:00,2020-10-19 23:59:59,RU000A101Z74
100.87,100.84,100.97,100.5,27036445.2,26797,2020-10-20 00:00:00,2020-10-20 23:59:59,RU000A101Z74
100.92,100.84,100.92,100.82,23588743.4,23388,2020-10-21 00:00:00,2020-10-21 23:59:59,RU000A101Z74
100.79,100.79,100.89,100.12,18491814.4,18339,2020-10-22 00:00:00,2020-10-22 23:59:59,RU000A101Z74
100.88,100.86,100.89,100.01,19675297.8,19507,2020-10-23 00:00:00,2020-10-23 23:59:59,RU000A101Z74
100.89,100.87,100.93,100.3,20185166.1,20010,2020-10-26 00:00:00,2020-10-26 23:59:59,RU000A101Z74
100.89,100.86,100.93,100.38,22607497.3,22414,2020-10-27 00:00:00,2020-10-27 23:59:59,RU000A101Z74
100.88,100.8,100.89,99.56,14628264.6,14514,2020-10-28 00:00:00,2020-10-28 23:59:59,RU000A101Z74
100.87,100.87,100.88,100.5,26108865.2,25884,2020-10-29 00:00:00,2020-10-29 23:59:59,RU000A101Z74
100.89,100.87,100.96,100.86,25232723.4,25011,2020-10-30 00:00:00,2020-10-30 23:59:59,RU000A101Z74
100.89,100.8,100.93,100.8,5547012.9,5498,2020-11-02 00:00:00,2020-11-02 23:59:59,RU000A101Z74
100.89,100.88,100.97,100.88,19512965.8,19337,2020-11-03 00:00:00,2020-11-03 23:59:59,RU000A101Z74
101.45,100.89,101.45,100.89,21838291.0,21640,2020-11-05 00:00:00,2020-11-05 23:59:59,RU000A101Z74
100.89,100.87,100.89,100.8,20030103.1,19854,2020-11-06 00:00:00,2020-11-06 23:59:59,RU000A101Z74
100.65,100.87,100.89,100.65,19252512.1,19085,2020-11-09 00:00:00,2020-11-09 23:59:59,RU000A101Z74
101.0,100.89,101.0,100.87,21720180.7,21527,2020-11-10 00:00:00,2020-11-10 23:59:59,RU000A101Z74
101.0,100.62,101.0,100.62,46201658.9,45849,2020-11-11 00:00:00,2020-11-11 23:59:59,RU000A101Z74
102.85,100.51,102.85,100.51,19920475.1,19760,2020-11-12 00:00:00,2020-11-12 23:59:59,RU000A101Z74
100.01,100.64,100.99,100.0,38308692.1,37999,2020-11-13 00:00:00,2020-11-13 23:59:59,RU000A101Z74
100.88,100.5,100.93,100.45,45444549.7,45165,2020-11-16 00:00:00,2020-11-16 23:59:59,RU000A101Z74
100.85,100.6,100.88,100.41,19601392.6,19448,2020-11-17 00:00:00,2020-11-17 23:59:59,RU000A101Z74
100.85,100.84,100.86,100.5,77067245.2,76431,2020-11-18 00:00:00,2020-11-18 23:59:59,RU000A101Z74
100.85,100.88,100.99,100.6,26534139.1,26284,2020-11-19 00:00:00,2020-11-19 23:59:59,RU000A101Z74
100.85,100.84,101.0,100.83,27047070.7,26817,2020-11-20 00:00:00,2020-11-20 23:59:59,RU000A101Z74
100.84,100.83,100.85,100.83,19243486.4,19084,2020-11-23 00:00:00,2020-11-23 23:59:59,RU000A101Z74
100.52,100.8,101.1,100.52,30325656.1,30082,2020-11-24 00:00:00,2020-11-24 23:59:59,RU000A101Z74
100.84,101.1,101.1,100.45,17258666.5,17112,2020-11-25 00:00:00,2020-11-25 23:59:59,RU000A101Z74
100.84,100.8,101.0,100.8,34172961.6,33889,2020-11-26 00:00:00,2020-11-26 23:59:59,RU000A101Z74
100.84,101.0,101.09,100.83,33104298.4,32822,2020-11-27 00:00:00,2020-11-27 23:59:59,RU000A101Z74
101.0,100.88,101.07,100.8,21590542.5,21394,2020-11-30 00:00:00,2020-11-30 23:59:59,RU000A101Z74
101.09,100.7,101.09,100.7,11101944.9,11001,2020-12-01 00:00:00,2020-12-01 23:59:59,RU000A101Z74
100.52,100.68,101.03,100.52,43581035.3,43259,2020-12-02 00:00:00,2020-12-02 23:59:59,RU000A101Z74
100.99,100.65,100.99,100.61,38239852.3,37942,2020-12-03 00:00:00,2020-12-03 23:59:59,RU000A101Z74
101.0,100.6,101.0,100.6,51615696.7,51232,2020-12-04 00:00:00,2020-12-04 23:59:59,RU000A101Z74
100.7,100.89,100.89,100.55,12902389.8,12794,2020-12-07 00:00:00,2020-12-07 23:59:59,RU000A101Z74
100.7,100.87,100.99,100.65,18128621.0,17970,2020-12-08 00:00:00,2020-12-08 23:59:59,RU000A101Z74
100.98,100.85,100.98,100.84,11639072.4,11534,2020-12-09 00:00:00,2020-12-09 23:59:59,RU000A101Z74
101.0,100.9,101.03,100.85,29077078.1,28826,2020-12-10 00:00:00,2020-12-10 23:59:59,RU000A101Z74
101.0,100.9,101.03,100.6,18993404.5,18824,2020-12-11 00:00:00,2020-12-11 23:59:59,RU000A101Z74
101.0,100.89,101.0,100.6,9112698.8,9036,2020-12-14 00:00:00,2020-12-14 23:59:59,RU000A101Z74
101.08,100.84,101.08,100.65,27029856.0,26802,2020-12-15 00:00:00,2020-12-15 23:59:59,RU000A101Z74
100.62,100.79,101.03,100.62,9033689.0,8956,2020-12-16 00:00:00,2020-12-16 23:59:59,RU000A101Z74
100.99,100.69,100.99,100.6,31592383.1,31346,2020-12-17 00:00:00,2020-12-17 23:59:59,RU000A101Z74
100.74,100.59,100.83,100.5,57064720.4,56743,2020-12-18 00:00:00,2020-12-18 23:59:59,RU000A101Z74
100.81,100.5,100.81,100.4,18655453.1,18551,2020-12-21 00:00:00,2020-12-21 23:59:59,RU000A101Z74
100.83,100.49,100.84,100.0,20796105.2,20659,2020-12-22 00:00:00,2020-12-22 23:59:59,RU000A101Z74
100.66,100.5,100.86,100.5,57611335.3,57245,2020-12-23 00:00:00,2020-12-23 23:59:59,RU000A101Z74
100.88,100.5,100.88,100.5,33964941.4,33737,2020-12-24 00:00:00,2020-12-24 23:59:59,RU000A101Z74
100.8,100.5,100.83,100.0,34684207.1,34478,2020-12-25 00:00:00,2020-12-25 23:59:59,RU000A101Z74
100.82,100.7,101.03,100.24,45224668.7,44788,2020-12-28 00:00:00,2020-12-28 23:59:59,RU000A101Z74
101.03,101.0,101.03,100.95,24360189.4,24120,2020-12-29 00:00:00,2020-12-29 23:59:59,RU000A101Z74
101.02,100.58,101.37,100.5,44661123.8,44222,2020-12-30 00:00:00,2020-12-30 23:59:59,RU000A101Z74
101.07,101.58,101.58,101.0,2327134.7,2297,2021-01-04 00:00:00,2021-01-04 23:59:59,RU000A101Z74
101.65,101.65,101.65,101.65,10165.0,10,2021-01-05 00:00:00,2021-01-05 23:59:59,RU000A101Z74
101.65,101.65,101.65,101.65,408633.0,402,2021-01-06 00:00:00,2021-01-06 23:59:59,RU000A101Z74
101.66,101.18,101.66,101.09,3039.3,3,2021-01-08 00:00:00,2021-01-08 23:59:59,RU000A101Z74
100.67,101.28,101.28,100.5,9908763.0,9815,2021-01-11 00:00:00,2021-01-11 23:59:59,RU000A101Z74
101.01,101.01,101.01,100.8,8161865.1,8082,2021-01-12 00:00:00,2021-01-12 23:59:59,RU000A101Z74
101.01,100.98,101.28,100.6,56421625.4,55935,2021-01-13 00:00:00,2021-01-13 23:59:59,RU000A101Z74
101.0,100.93,101.0,100.7,16709736.0,16564,2021-01-14 00:00:00,2021-01-14 23:59:59,RU000A101Z74
101.0,100.9,101.0,100.7,30465782.7,30230,2021-01-15 00:00:00,2021-01-15 23:59:59,RU000A101Z74
100.9,100.74,101.01,100.5,16420509.7,16295,2021-01-18 00:00:00,2021-01-18 23:59:59,RU000A101Z74
100.25,100.5,101.0,100.25,38381589.8,38157,2021-01-19 00:00:00,2021-01-19 23:59:59,RU000A101Z74
101.0,100.5,101.0,100.44,36991141.4,36744,2021-01-20 00:00:00,2021-01-20 23:59:59,RU000A101Z74
100.75,100.5,100.79,100.5,26113897.1,25951,2021-01-21 00:00:00,2021-01-21 23:59:59,RU000A101Z74
100.87,100.69,100.88,100.4,22373759.7,22237,2021-01-22 00:00:00,2021-01-22 23:59:59,RU000A101Z74
100.94,100.85,100.95,100.4,6973416.7,6914,2021-01-25 00:00:00,2021-01-25 23:59:59,RU000A101Z74
100.75,100.5,100.75,100.4,44463881.3,44190,2021-01-26 00:00:00,2021-01-26 23:59:59,RU000A101Z74
100.65,100.71,100.74,100.52,13977604.1,13879,2021-01-27 00:00:00,2021-01-27 23:59:59,RU000A101Z74
100.69,100.4,100.69,100.06,36998904.4,36896,2021-01-28 00:00:00,2021-01-28 23:59:59,RU000A101Z74
100.62,100.49,100.95,100.41,13555199.3,13467,2021-01-29 00:00:00,2021-01-29 23:59:59,RU000A101Z74
100.94,100.5,100.95,100.3,22805519.8,22666,2021-02-01 00:00:00,2021-02-01 23:59:59,RU000A101Z74
100.34,100.45,100.78,100.33,17907618.3,17803,2021-02-02 00:00:00,2021-02-02 23:59:59,RU000A101Z74
100.67,100.21,100.7,99.9,23841195.9,23748,2021-02-03 00:00:00,2021-02-03 23:59:59,RU000A101Z74
100.79,100.44,100.79,100.16,20345589.6,20261,2021-02-04 00:00:00,2021-02-04 23:59:59,RU000A101Z74
100.6,100.6,100.67,100.3,15200908.8,15120,2021-02-05 00:00:00,2021-02-05 23:59:59,RU000A101Z74
100.96,100.68,100.96,100.2,62379620.4,62100,2021-02-08 00:00:00,2021-02-08 23:59:59,RU000A101Z74
100.81,100.3,100.81,100.21,22408354.6,22304,2021-02-09 00:00:00,2021-02-09 23:59:59,RU000A101Z74
100.39,100.3,100.8,100.25,48804794.9,48586,2021-02-10 00:00:00,2021-02-10 23:59:59,RU000A101Z74
100.56,100.54,100.74,100.08,13502326.1,13429,2021-02-11 00:00:00,2021-02-11 23:59:59,RU000A101Z74
100.74,100.3,100.74,100.25,24422174.7,24329,2021-02-12 00:00:00,2021-02-12 23:59:59,RU000A101Z74
100.59,99.91,100.59,99.91,17062067.2,17002,2021-02-15 00:00:00,2021-02-15 23:59:59,RU000A101Z74
100.49,99.91,100.49,99.91,18485993.1,18428,2021-02-16 00:00:00,2021-02-16 23:59:59,RU000A101Z74
100.32,100.32,100.34,100.01,9318042.4,9289,2021-02-17 00:00:00,2021-02-17 23:59:59,RU000A101Z74
100.41,100.19,100.41,99.8,24012727.4,23980,2021-02-18 00:00:00,2021-02-18 23:59:59,RU000A101Z74
100.4,100.25,100.41,99.98,7046266.0,7026,2021-02-19 00:00:00,2021-02-19 23:59:59,RU000A101Z74
100.27,100.0,100.39,99.65,16106477.9,16074,2021-02-20 00:00:00,2021-02-20 23:59:59,RU000A101Z74
100.36,99.93,100.37,99.93,678017.9,676,2021-02-22 00:00:00,2021-02-22 23:59:59,RU000A101Z74
100.4,100.01,100.42,100.0,12391627.6,12376,2021-02-24 00:00:00,2021-02-24 23:59:59,RU000A101Z74
99.85,100.17,100.24,99.81,6328691.1,6321,2021-02-25 00:00:00,2021-02-25 23:59:59,RU000A101Z74
100.3,99.8,100.3,99.61,39286483.3,39307,2021-02-26 00:00:00,2021-02-26 23:59:59,RU000A101Z74
99.99,100.17,100.18,99.99,9451297.2,9437,2021-03-01 00:00:00,2021-03-01 23:59:59,RU000A101Z74
100.3,100.03,100.3,99.7,9556126.1,9556,2021-03-02 00:00:00,2021-03-02 23:59:59,RU000A101Z74
100.02,99.96,100.12,99.7,45616446.7,45684,2021-03-03 00:00:00,2021-03-03 23:59:59,RU000A101Z74
99.8,100.27,100.28,99.55,12332533.8,12323,2021-03-04 00:00:00,2021-03-04 23:59:59,RU000A101Z74
99.56,99.79,100.29,99.31,18220552.6,18257,2021-03-05 00:00:00,2021-03-05 23:59:59,RU000A101Z74
100.24,99.9,100.29,99.41,10260926.1,10254,2021-03-09 00:00:00,2021-03-09 23:59:59,RU000A101Z74
100.23,99.89,100.24,99.76,14669405.2,14664,2021-03-10 00:00:00,2021-03-10 23:59:59,RU000A101Z74
100.14,99.6,100.17,97.0,64597661.4,64776,2021-03-11 00:00:00,2021-03-11 23:59:59,RU000A101Z74
99.9,99.98,100.18,98.61,8597366.1,8600,2021-03-12 00:00:00,2021-03-12 23:59:59,RU000A101Z74
100.25,100.08,100.28,98.58,9801632.4,9800,2021-03-15 00:00:00,2021-03-15 23:59:59,RU000A101Z74
100.23,99.6,100.23,98.65,32736373.3,32799,2021-03-16 00:00:00,2021-03-16 23:59:59,RU000A101Z74
99.98,99.72,100.09,98.73,46708357.1,46869,2021-03-17 00:00:00,2021-03-17 23:59:59,RU000A101Z74
99.44,99.75,99.85,99.25,7188974.3,7213,2021-03-18 00:00:00,2021-03-18 23:59:59,RU000A101Z74
99.97,99.17,99.98,98.14,28390901.0,28571,2021-03-19 00:00:00,2021-03-19 23:59:59,RU000A101Z74
99.39,99.4,100.0,99.07,9962338.3,9993,2021-03-22 00:00:00,2021-03-22 23:59:59,RU000A101Z74
99.97,99.42,99.98,98.54,13402656.8,13471,2021-03-23 00:00:00,2021-03-23 23:59:59,RU000A101Z74
97.12,99.31,99.61,97.12,16168803.1,16251,2021-03-24 00:00:00,2021-03-24 23:59:59,RU000A101Z74
99.25,99.06,99.37,98.85,53224102.7,53767,2021-03-25 00:00:00,2021-03-25 23:59:59,RU000A101Z74
99.22,98.7,99.5,97.06,34144344.8,34451,2021-03-26 00:00:00,2021-03-26 23:59:59,RU000A101Z74
99.86,99.0,99.89,98.8,19664470.0,19837,2021-03-29 00:00:00,2021-03-29 23:59:59,RU000A101Z74
99.29,98.7,99.29,98.55,24896364.8,25173,2021-03-30 00:00:00,2021-03-30 23:59:59,RU000A101Z74
100.1,98.8,100.1,98.8,13646701.7,13793,2021-03-31 00:00:00,2021-03-31 23:59:59,RU000A101Z74
99.01,99.39,100.0,99.0,10883291.8,10954,2021-04-01 00:00:00,2021-04-01 23:59:59,RU000A101Z74
99.85,98.81,99.9,98.81,11058145.0,11161,2021-04-02 00:00:00,2021-04-02 23:59:59,RU000A101Z74
99.15,98.92,99.85,98.9,28017055.7,28260,2021-04-05 00:00:00,2021-04-05 23:59:59,RU000A101Z74
99.46,99.03,99.8,98.7,40926522.8,41368,2021-04-06 00:00:00,2021-04-06 23:59:59,RU000A101Z74
99.94,98.78,99.94,97.09,35615451.0,36112,2021-04-07 00:00:00,2021-04-07 23:59:59,RU000A101Z74
98.87,99.07,99.19,98.22,6028651.9,6093,2021-04-08 00:00:00,2021-04-08 23:59:59,RU000A101Z74
99.82,99.5,99.82,98.44,4331368.5,4353,2021-04-09 00:00:00,2021-04-09 23:59:59,RU000A101Z74
97.12,99.0,99.99,97.11,10331315.4,10391,2021-04-12 00:00:00,2021-04-12 23:59:59,RU000A101Z74
99.17,98.54,99.46,98.3,42372815.4,42887,2021-04-13 00:00:00,2021-04-13 23:59:59,RU000A101Z74
98.59,98.5,99.38,98.0,13857477.2,14049,2021-04-14 00:00:00,2021-04-14 23:59:59,RU000A101Z74
98.48,98.3,98.49,98.06,21445564.9,21795,2021-04-15 00:00:00,2021-04-15 23:59:59,RU000A101Z74
99.89,99.3,99.9,98.02,9888489.6,9974,2021-04-16 00:00:00,2021-04-16 23:59:59,RU000A101Z74
99.29,98.99,99.65,98.49,7864413.7,7935,2021-04-19 00:00:00,2021-04-19 23:59:59,RU000A101Z74
99.2,98.66,99.2,98.4,51626527.3,52381,2021-04-20 00:00:00,2021-04-20 23:59:59,RU000A101Z74
98.98,98.7,98.99,98.6,13348294.2,13508,2021-04-21 00:00:00,2021-04-21 23:59:59,RU000A101Z74
98.92,98.99,99.08,98.55,5769935.9,5838,2021-04-22 00:00:00,2021-04-22 23:59:59,RU000A101Z74
99.13,98.68,99.15,98.11,9977239.0,10113,2021-04-23 00:00:00,2021-04-23 23:59:59,RU000A101Z74
98.69,98.95,98.99,98.19,4219721.9,4267,2021-04-26 00:00:00,2021-04-26 23:59:59,RU000A101Z74
99.13,98.65,99.14,98.65,13133696.3,13287,2021-04-27 00:00:00,2021-04-27 23:59:59,RU000A101Z74
98.43,98.72,99.15,98.3,10539645.7,10684,2021-04-28 00:00:00,2021-04-28 23:59:59,RU000A101Z74
99.16,98.65,99.17,98.64,8321473.7,8424,2021-04-29 00:00:00,2021-04-29 23:59:59,RU000A101Z74
99.13,98.74,99.3,98.4,43750769.3,44400,2021-04-30 00:00:00,2021-04-30 23:59:59,RU000A101Z74
99.09,98.68,99.14,98.14,3642743.3,3681,2021-05-04 00:00:00,2021-05-04 23:59:59,RU000A101Z74
98.66,98.89,99.21,98.23,3156145.3,3193,2021-05-05 00:00:00,2021-05-05 23:59:59,RU000A101Z74
98.5,98.89,98.95,98.5,1419503.0,1437,2021-05-06 00:00:00,2021-05-06 23:59:59,RU000A101Z74
99.04,98.69,99.04,98.4,1521940.4,1545,2021-05-07 00:00:00,2021-05-07 23:59:59,RU000A101Z74
98.94,98.97,98.97,98.92,631246.7,638,2021-05-10 00:00:00,2021-05-10 23:59:59,RU000A101Z74
99.56,98.69,99.56,98.5,4044340.1,4099,2021-05-11 00:00:00,2021-05-11 23:59:59,RU000A101Z74
98.68,98.5,98.7,98.19,10210588.9,10354,2021-05-12 00:00:00,2021-05-12 23:59:59,RU000A101Z74
98.82,98.5,98.83,98.25,2812524.3,2855,2021-05-13 00:00:00,2021-05-13 23:59:59,RU000A101Z74
98.5,98.5,98.65,98.13,2101080.5,2134,2021-05-14 00:00:00,2021-05-14 23:59:59,RU000A101Z74
98.59,98.4,98.59,98.31,328981.4,334,2021-05-17 00:00:00,2021-05-17 23:59:59,RU000A101Z74
98.3,98.48,98.48,97.8,181879.6,185,2021-05-18 00:00:00,2021-05-18 23:59:59,RU000A101Z74
98.64,98.38,98.73,98.37,1234511.5,1252,2021-05-19 00:00:00,2021-05-19 23:59:59,RU000A101Z74
98.39,98.21,98.39,97.49,251440.8,256,2021-05-20 00:00:00,2021-05-20 23:59:59,RU000A101Z74
98.15,97.99,98.15,97.02,1533298.6,1567,2021-05-21 00:00:00,2021-05-21 23:59:59,RU000A101Z74
98.61,97.74,98.61,97.5,1066838.1,1092,2021-05-24 00:00:00,2021-05-24 23:59:59,RU000A101Z74
98.7,97.87,98.7,97.21,5718747.5,5872,2021-05-25 00:00:00,2021-05-25 23:59:59,RU000A101Z74
97.51,97.69,97.7,97.5,1383633.8,1419,2021-05-26 00:00:00,2021-05-26 23:59:59,RU000A101Z74
97.75,97.72,97.91,97.31,14218394.9,14527,2021-05-27 00:00:00,2021-05-27 23:59:59,RU000A101Z74
99.78,98.36,99.78,96.57,1124333.6,1149,2021-05-28 00:00:00,2021-05-28 23:59:59,RU000A101Z74
98.73,97.81,98.73,96.5,6436226.2,6576,2021-05-31 00:00:00,2021-05-31 23:59:59,RU000A101Z74
98.2,98.0,98.7,97.65,1910353.0,1943,2021-06-01 00:00:00,2021-06-01 23:59:59,RU000A101Z74
98.0,97.71,98.0,97.71,3993993.1,4076,2021-06-02 00:00:00,2021-06-02 23:59:59,RU000A101Z74
97.98,97.89,97.98,97.88,4093628.6,4180,2021-06-03 00:00:00,2021-06-03 23:59:59,RU000A101Z74
97.8,97.79,97.8,97.79,1281178.9,1310,2021-06-04 00:00:00,2021-06-04 23:59:59,RU000A101Z74
98.69,97.55,98.69,97.36,1364419.7,1397,2021-06-07 00:00:00,2021-06-07 23:59:59,RU000A101Z74
99.59,97.3,99.59,97.3,1326653.0,1362,2021-06-08 00:00:00,2021-06-08 23:59:59,RU000A101Z74
97.38,97.09,97.39,95.36,4413167.8,4569,2021-06-09 00:00:00,2021-06-09 23:59:59,RU000A101Z74
95.56,96.5,96.93,94.96,6164399.7,6406,2021-06-10 00:00:00,2021-06-10 23:59:59,RU000A101Z74
97.0,96.98,97.0,95.1,18738114.5,19400,2021-06-11 00:00:00,2021-06-11 23:59:59,RU000A101Z74
96.76,97.13,97.15,96.49,29024.9,30,2021-06-14 00:00:00,2021-06-14 23:59:59,RU000A101Z74
95.48,96.73,98.63,95.48,403329.1,420,2021-06-15 00:00:00,2021-06-15 23:59:59,RU000A101Z74
96.11,96.6,96.63,96.02,12118374.1,12568,2021-06-16 00:00:00,2021-06-16 23:59:59,RU000A101Z74
96.2,96.6,96.6,95.55,4634843.1,4811,2021-06-17 00:00:00,2021-06-17 23:59:59,RU000A101Z74
96.79,96.59,96.79,95.91,3125946.6,3240,2021-06-18 00:00:00,2021-06-18 23:59:59,RU000A101Z74
96.16,96.47,96.57,96.0,1571495.1,1635,2021-06-21 00:00:00,2021-06-21 23:59:59,RU000A101Z74
95.65,96.54,96.54,95.6,6413444.0,6654,2021-06-22 00:00:00,2021-06-22 23:59:59,RU000A101Z74
96.32,96.44,96.44,96.31,1246131.8,1293,2021-06-23 00:00:00,2021-06-23 23:59:59,RU000A101Z74
96.74,96.65,96.74,96.0,3707832.3,3839,2021-06-24 00:00:00,2021-06-24 23:59:59,RU000A101Z74
95.57,96.56,96.64,95.5,2473307.0,2566,2021-06-25 00:00:00,2021-06-25 23:59:59,RU000A101Z74
96.41,96.35,96.58,96.35,508739.0,528,2021-06-28 00:00:00,2021-06-28 23:59:59,RU000A101Z74
96.36,96.83,96.83,96.35,9578374.6,9919,2021-06-29 00:00:00,2021-06-29 23:59:59,RU000A101Z74
97.0,96.6,97.68,96.16,6397128.0,6626,2021-06-30 00:00:00,2021-06-30 23:59:59,RU000A101Z74
96.2,97.08,97.32,96.1,1444994.8,1495,2021-07-01 00:00:00,2021-07-01 23:59:59,RU000A101Z74
97.24,97.25,97.25,96.34,333475.5,344,2021-07-02 00:00:00,2021-07-02 23:59:59,RU000A101Z74
97.19,96.52,98.11,96.52,181960.4,188,2021-07-05 00:00:00,2021-07-05 23:59:59,RU000A101Z74
96.87,96.51,97.0,96.02,392317.4,408,2021-07-06 00:00:00,2021-07-06 23:59:59,RU000A101Z74
96.49,96.4,96.5,96.01,1912276.3,1987,2021-07-07 00:00:00,2021-07-07 23:59:59,RU000A101Z74
96.11,96.72,96.99,95.97,5386936.9,5555,2021-07-08 00:00:00,2021-07-08 23:59:59,RU000A101Z74
97.89,96.65,97.89,96.45,171199.0,177,2021-07-09 00:00:00,2021-07-09 23:59:59,RU000A101Z74
97.85,96.9,97.85,96.67,195844242.5,201385,2021-07-12 00:00:00,2021-07-12 23:59:59,RU000A101Z74
96.9,96.9,97.0,96.9,985480.9,1017,2021-07-13 00:00:00,2021-07-13 23:59:59,RU000A101Z74
95.03,96.41,97.18,95.0,3397699.8,3535,2021-07-14 00:00:00,2021-07-14 23:59:59,RU000A101Z74
98.7,96.68,98.7,96.02,754909.9,785,2021-07-15 00:00:00,2021-07-15 23:59:59,RU000A101Z74
98.69,96.61,98.69,96.08,467642.7,484,2021-07-16 00:00:00,2021-07-16 23:59:59,RU000A101Z74
97.95,96.32,97.95,94.94,298613.8,314,2021-07-19 00:00:00,2021-07-19 23:59:59,RU000A101Z74
96.36,96.0,96.36,95.5,6363892.9,6630,2021-07-20 00:00:00,2021-07-20 23:59:59,RU000A101Z74
96.54,96.0,96.54,95.36,5050414.1,5267,2021-07-21 00:00:00,2021-07-21 23:59:59,RU000A101Z74
95.66,96.25,96.37,95.66,14690884.2,15258,2021-07-22 00:00:00,2021-07-22 23:59:59,RU000A101Z74
96.49,96.3,96.5,96.3,1301995.8,1352,2021-07-23 00:00:00,2021-07-23 23:59:59,RU000A101Z74
96.6,96.09,96.6,95.51,1544707.4,1606,2021-07-26 00:00:00,2021-07-26 23:59:59,RU000A101Z74
96.28,96.1,96.3,96.1,181022.4,188,2021-07-27 00:00:00,2021-07-27 23:59:59,RU000A101Z74
96.33,96.35,96.6,95.3,12782122.2,13287,2021-07-28 00:00:00,2021-07-28 23:59:59,RU000A101Z74
96.4,97.11,97.11,95.7,5754043.3,5964,2021-07-29 00:00:00,2021-07-29 23:59:59,RU000A101Z74
98.69,96.79,98.69,96.0,2386478.0,2462,2021-07-30 00:00:00,2021-07-30 23:59:59,RU000A101Z74
96.67,96.16,96.67,96.01,3235744.1,3361,2021-08-02 00:00:00,2021-08-02 23:59:59,RU000A101Z74
96.16,96.6,96.63,96.15,28267957.2,29276,2021-08-03 00:00:00,2021-08-03 23:59:59,RU000A101Z74
97.45,96.61,97.49,96.15,5860481.8,6071,2021-08-04 00:00:00,2021-08-04 23:59:59,RU000A101Z74
97.35,96.6,97.49,96.15,2143654.3,2224,2021-08-05 00:00:00,2021-08-05 23:59:59,RU000A101Z74
96.58,96.6,96.65,96.16,20231572.7,20986,2021-08-06 00:00:00,2021-08-06 23:59:59,RU000A101Z74
96.18,96.5,96.59,96.0,9415134.8,9786,2021-08-09 00:00:00,2021-08-09 23:59:59,RU000A101Z74
96.49,96.25,96.49,96.01,3626382.1,3767,2021-08-10 00:00:00,2021-08-10 23:59:59,RU000A101Z74
96.26,96.5,96.59,96.25,8177870.2,8479,2021-08-11 00:00:00,2021-08-11 23:59:59,RU000A101Z74
96.54,96.5,96.55,96.29,500809.5,519,2021-08-12 00:00:00,2021-08-12 23:59:59,RU000A101Z74
96.49,96.59,96.59,96.05,5381045.1,5574,2021-08-13 00:00:00,2021-08-13 23:59:59,RU000A101Z74
96.05,96.74,97.35,96.01,6645984.8,6888,2021-08-16 00:00:00,2021-08-16 23:59:59,RU000A101Z74
96.98,96.26,96.98,96.05,6061389.6,6297,2021-08-17 00:00:00,2021-08-17 23:59:59,RU000A101Z74
96.26,96.25,96.55,96.08,2217544.1,2302,2021-08-18 00:00:00,2021-08-18 23:59:59,RU000A101Z74
96.48,96.3,96.48,96.2,4714162.8,4896,2021-08-19 00:00:00,2021-08-19 23:59:59,RU000A101Z74
96.2,96.61,96.73,96.04,5541246.3,5740,2021-08-20 00:00:00,2021-08-20 23:59:59,RU000A101Z74
96.86,96.25,97.4,96.2,4058670.7,4210,2021-08-23 00:00:00,2021-08-23 23:59:59,RU000A101Z74
96.55,96.48,96.58,96.16,6515347.5,6762,2021-08-24 00:00:00,2021-08-24 23:59:59,RU000A101Z74
96.49,96.59,96.99,96.49,2088447.7,2162,2021-08-25 00:00:00,2021-08-25 23:59:59,RU000A101Z74
96.59,96.43,96.7,96.37,1564297.1,1620,2021-08-26 00:00:00,2021-08-26 23:59:59,RU000A101Z74
96.64,96.0,96.64,95.98,55397268.1,57675,2021-08-27 00:00:00,2021-08-27 23:59:59,RU000A101Z74
95.82,96.45,96.6,95.16,3652358.2,3792,2021-08-30 00:00:00,2021-08-30 23:59:59,RU000A101Z74
96.16,96.64,96.64,96.16,7968944.6,8261,2021-08-31 00:00:00,2021-08-31 23:59:59,RU000A101Z74
96.48,96.62,96.63,96.35,1695243.0,1755,2021-09-01 00:00:00,2021-09-01 23:59:59,RU000A101Z74
96.3,96.34,96.59,96.15,111284081.9,115323,2021-09-02 00:00:00,2021-09-02 23:59:59,RU000A101Z74
96.34,96.47,96.65,96.16,1793949.1,1859,2021-09-03 00:00:00,2021-09-03 23:59:59,RU000A101Z74
96.5,96.41,96.57,96.15,3783496.2,3925,2021-09-06 00:00:00,2021-09-06 23:59:59,RU000A101Z74
96.17,96.45,96.57,96.16,633671.1,657,2021-09-07 00:00:00,2021-09-07 23:59:59,RU000A101Z74
96.45,96.31,96.45,96.06,1344728.0,1398,2021-09-08 00:00:00,2021-09-08 23:59:59,RU000A101Z74
96.21,96.18,96.34,95.95,3223899.2,3355,2021-09-09 00:00:00,2021-09-09 23:59:59,RU000A101Z74
96.28,96.28,96.39,95.49,2145344.3,2231,2021-09-10 00:00:00,2021-09-10 23:59:59,RU000A101Z74
96.24,96.23,96.25,95.8,2989535.6,3115,2021-09-13 00:00:00,2021-09-13 23:59:59,RU000A101Z74
96.37,96.0,96.39,95.66,9250070.9,9635,2021-09-14 00:00:00,2021-09-14 23:59:59,RU000A101Z74
95.95,96.1,96.21,95.9,3559617.1,3708,2021-09-15 00:00:00,2021-09-15 23:59:59,RU000A101Z74
96.2,96.05,96.26,96.04,2121179.4,2208,2021-09-16 00:00:00,2021-09-16 23:59:59,RU000A101Z74
95.88,96.26,96.26,95.85,2293993.9,2390,2021-09-17 00:00:00,2021-09-17 23:59:59,RU000A101Z74
96.35,95.95,96.36,95.62,6717036.5,6998,2021-09-20 00:00:00,2021-09-20 23:59:59,RU000A101Z74
95.95,95.75,95.95,95.4,5872914.0,6137,2021-09-21 00:00:00,2021-09-21 23:59:59,RU000A101Z74
95.72,95.59,95.92,95.45,6804187.0,7114,2021-09-22 00:00:00,2021-09-22 23:59:59,RU000A101Z74
95.55,95.55,95.72,95.55,1920445.0,2008,2021-09-23 00:00:00,2021-09-23 23:59:59,RU000A101Z74
95.88,95.73,95.88,95.55,1321002.5,1381,2021-09-24 00:00:00,2021-09-24 23:59:59,RU000A101Z74
95.59,95.6,95.88,95.45,9501477.1,9926,2021-09-27 00:00:00,2021-09-27 23:59:59,RU000A101Z74
96.11,95.48,96.11,94.34,10453523.9,10952,2021-09-28 00:00:00,2021-09-28 23:59:59,RU000A101Z74
95.99,95.66,95.99,95.3,3771500.6,3952,2021-09-29 00:00:00,2021-09-29 23:59:59,RU000A101Z74
95.64,95.74,95.74,95.31,2910752.7,3048,2021-09-30 00:00:00,2021-09-30 23:59:59,RU000A101Z74
95.95,95.7,95.95,95.41,3060447.8,3198,2021-10-01 00:00:00,2021-10-01 23:59:59,RU000A101Z74
95.95,95.94,96.0,95.51,4696676.3,4905,2021-10-04 00:00:00,2021-10-04 23:59:59,RU000A101Z74
95.98,95.49,96.0,95.3,52165193.2,54577,2021-10-05 00:00:00,2021-10-05 23:59:59,RU000A101Z74
95.22,95.37,95.55,95.0,6566733.0,6892,2021-10-06 00:00:00,2021-10-06 23:59:59,RU000A101Z74
95.99,95.3,95.99,94.93,3889516.9,4088,2021-10-07 00:00:00,2021-10-07 23:59:59,RU000A101Z74
94.95,95.57,95.57,94.93,1058781.8,1112,2021-10-08 00:00:00,2021-10-08 23:59:59,RU000A101Z74
95.2,95.18,95.74,94.92,4415860.3,4645,2021-10-11 00:00:00,2021-10-11 23:59:59,RU000A101Z74
95.19,95.47,95.57,94.95,7859185.6,8262,2021-10-12 00:00:00,2021-10-12 23:59:59,RU000A101Z74
94.89,95.77,95.77,94.82,3636228.5,3825,2021-10-13 00:00:00,2021-10-13 23:59:59,RU000A101Z74
95.18,95.69,95.69,95.01,4351900.5,4570,2021-10-14 00:00:00,2021-10-14 23:59:59,RU000A101Z74
95.63,95.79,95.81,95.49,108481901.4,113569,2021-10-15 00:00:00,2021-10-15 23:59:59,RU000A101Z74
96.44,95.5,96.44,95.01,3207850.8,3367,2021-10-18 00:00:00,2021-10-18 23:59:59,RU000A101Z74
96.38,95.25,96.39,95.0,7711532.7,8110,2021-10-19 00:00:00,2021-10-19 23:59:59,RU000A101Z74
95.04,95.21,95.29,94.9,5134982.9,5397,2021-10-20 00:00:00,2021-10-20 23:59:59,RU000A101Z74
95.42,95.28,95.47,94.99,3462911.9,3638,2021-10-21 00:00:00,2021-10-21 23:59:59,RU000A101Z74
94.59,95.01,95.29,94.54,2277291.1,2393,2021-10-22 00:00:00,2021-10-22 23:59:59,RU000A101Z74
94.59,94.7,95.0,94.56,2044483.5,2158,2021-10-25 00:00:00,2021-10-25 23:59:59,RU000A101Z74
95.27,94.44,95.27,94.4,1055440.1,1117,2021-10-26 00:00:00,2021-10-26 23:59:59,RU000A101Z74
92.53,94.28,94.45,92.53,2202119.6,2337,2021-10-27 00:00:00,2021-10-27 23:59:59,RU000A101Z74
94.4,94.27,94.4,93.7,450121.6,478,2021-10-28 00:00:00,2021-10-28 23:59:59,RU000A101Z74
95.25,94.09,95.25,93.59,5310471.7,5649,2021-10-29 00:00:00,2021-10-29 23:59:59,RU000A101Z74
94.0,93.9,94.27,93.5,2306103.9,2454,2021-11-01 00:00:00,2021-11-01 23:59:59,RU000A101Z74
93.9,93.81,93.9,93.45,3791995.2,4054,2021-11-02 00:00:00,2021-11-02 23:59:59,RU000A101Z74
93.59,93.9,93.9,93.59,5255109.7,5600,2021-11-03 00:00:00,2021-11-03 23:59:59,RU000A101Z74
93.79,93.77,93.79,93.75,427591.3,456,2021-11-05 00:00:00,2021-11-05 23:59:59,RU000A101Z74
93.89,93.49,93.9,93.2,2412400.8,2577,2021-11-08 00:00:00,2021-11-08 23:59:59,RU000A101Z74
93.49,93.72,93.79,93.0,11810138.4,12676,2021-11-09 00:00:00,2021-11-09 23:59:59,RU000A101Z74
93.74,93.45,93.75,93.38,1843946.5,1971,2021-11-10 00:00:00,2021-11-10 23:59:59,RU000A101Z74
93.13,93.75,93.75,93.13,4680559.4,5006,2021-11-11 00:00:00,2021-11-11 23:59:59,RU000A101Z74
93.0,94.04,94.04,93.0,4438797.4,4733,2021-11-12 00:00:00,2021-11-12 23:59:59,RU000A101Z74
94.14,93.83,94.14,93.05,1184128.5,1265,2021-11-15 00:00:00,2021-11-15 23:59:59,RU000A101Z74
94.14,93.75,94.14,93.06,1750040.4,1866,2021-11-16 00:00:00,2021-11-16 23:59:59,RU000A101Z74
94.03,94.04,94.04,93.97,9275626.9,9865,2021-11-17 00:00:00,2021-11-17 23:59:59,RU000A101Z74
95.59,94.02,95.59,93.62,2086046.8,2204,2021-11-18 00:00:00,2021-11-18 23:59:59,RU000A101Z74
95.57,94.24,95.58,93.1,6089727.3,6497,2021-11-19 00:00:00,2021-11-19 23:59:59,RU000A101Z74
94.89,93.83,95.55,93.75,1812338.3,1917,2021-11-22 00:00:00,2021-11-22 23:59:59,RU000A101Z74
92.9,93.89,93.98,92.82,2379267.9,2538,2021-11-23 00:00:00,2021-11-23 23:59:59,RU000A101Z74
92.8,93.63,93.88,92.75,2756270.6,2955,2021-11-24 00:00:00,2021-11-24 23:59:59,RU000A101Z74
93.49,93.59,93.6,93.3,4746570.9,5074,2021-11-25 00:00:00,2021-11-25 23:59:59,RU000A101Z74
91.39,94.19,94.4,91.38,5316806.2,5654,2021-11-26 00:00:00,2021-11-26 23:59:59,RU000A101Z74
95.5,93.57,95.5,91.17,1949846.4,2096,2021-11-29 00:00:00,2021-11-29 23:59:59,RU000A101Z74
93.14,93.59,94.37,93.14,53396849.3,57176,2021-11-30 00:00:00,2021-11-30 23:59:59,RU000A101Z74
94.3,94.25,94.32,93.79,4980350.7,5293,2021-12-01 00:00:00,2021-12-01 23:59:59,RU000A101Z74
94.29,93.5,94.3,93.33,953219.1,1017,2021-12-02 00:00:00,2021-12-02 23:59:59,RU000A101Z74
94.18,93.4,94.18,93.4,13176736.0,14096,2021-12-03 00:00:00,2021-12-03 23:59:59,RU000A101Z74
93.8,93.67,94.9,93.66,2766770.0,2947,2021-12-06 00:00:00,2021-12-06 23:59:59,RU000A101Z74
94.49,93.9,94.49,93.9,3389274.2,3606,2021-12-07 00:00:00,2021-12-07 23:59:59,RU000A101Z74
93.51,93.82,93.84,93.2,1912790.6,2048,2021-12-08 00:00:00,2021-12-08 23:59:59,RU000A101Z74
93.79,93.4,93.8,93.4,2120807.3,2269,2021-12-09 00:00:00,2021-12-09 23:59:59,RU000A101Z74
93.84,93.33,93.99,93.05,2488184.1,2666,2021-12-10 00:00:00,2021-12-10 23:59:59,RU000A101Z74
93.35,94.0,94.0,93.01,8070530.7,8644,2021-12-13 00:00:00,2021-12-13 23:59:59,RU000A101Z74
93.17,93.54,94.0,92.96,2380762.2,2550,2021-12-14 00:00:00,2021-12-14 23:59:59,RU000A101Z74
93.99,93.94,94.0,93.0,17380986.4,18521,2021-12-15 00:00:00,2021-12-15 23:59:59,RU000A101Z74
93.8,93.9,93.9,93.8,1596506.0,1701,2021-12-16 00:00:00,2021-12-16 23:59:59,RU000A101Z74
93.83,94.34,95.52,93.83,1177075.9,1251,2021-12-17 00:00:00,2021-12-17 23:59:59,RU000A101Z74
93.96,94.0,94.0,93.01,6699622.0,7145,2021-12-20 00:00:00,2021-12-20 23:59:59,RU000A101Z74
94.99,94.5,95.37,94.49,1283163.1,1351,2021-12-21 00:00:00,2021-12-21 23:59:59,RU000A101Z74
95.55,95.68,99.83,94.9,1519096.7,1589,2021-12-22 00:00:00,2021-12-22 23:59:59,RU000A101Z74
95.52,95.41,95.68,94.0,1630965.9,1714,2021-12-23 00:00:00,2021-12-23 23:59:59,RU000A101Z74
94.8,96.16,97.97,94.8,1661168.1,1717,2021-12-24 00:00:00,2021-12-24 23:59:59,RU000A101Z74
96.89,94.0,96.92,93.99,4735785.4,5000,2021-12-27 00:00:00,2021-12-27 23:59:59,RU000A101Z74
95.44,94.69,95.46,93.56,8545611.2,9044,2021-12-28 00:00:00,2021-12-28 23:59:59,RU000A101Z74
94.58,95.0,95.0,94.21,3720226.9,3921,2021-12-29 00:00:00,2021-12-29 23:59:59,RU000A101Z74
96.37,96.22,96.98,95.0,532247.3,553,2021-12-30 00:00:00,2021-12-30 23:59:59,RU000A101Z74
94.96,96.95,96.98,94.96,533986.4,551,2022-01-03 00:00:00,2022-01-03 23:59:59,RU000A101Z74
95.56,95.0,96.72,93.39,1528443.8,1603,2022-01-04 00:00:00,2022-01-04 23:59:59,RU000A101Z74
94.07,95.38,95.38,94.06,952961.6,1011,2022-01-05 00:00:00,2022-01-05 23:59:59,RU000A101Z74
94.79,94.79,94.79,94.79,9479.0,10,2022-01-06 00:00:00,2022-01-06 23:59:59,RU000A101Z74
95.96,94.15,96.0,94.15,222654.7,235,2022-01-10 00:00:00,2022-01-10 23:59:59,RU000A101Z74
94.47,94.06,94.48,93.5,3426601.1,3646,2022-01-11 00:00:00,2022-01-11 23:59:59,RU000A101Z74
93.34,93.93,94.42,93.34,3179686.0,3400,2022-01-12 00:00:00,2022-01-12 23:59:59,RU000A101Z74
94.24,93.17,94.24,92.93,431249.6,460,2022-01-13 00:00:00,2022-01-13 23:59:59,RU000A101Z74
93.77,92.8,93.77,92.12,795238.4,856,2022-01-14 00:00:00,2022-01-14 23:59:59,RU000A101Z74
92.28,92.55,93.51,92.0,3157759.0,3423,2022-01-17 00:00:00,2022-01-17 23:59:59,RU000A101Z74
92.54,91.95,92.55,91.95,9915790.9,10773,2022-01-18 00:00:00,2022-01-18 23:59:59,RU000A101Z74
92.49,92.29,93.48,92.0,51999199.7,55994,2022-01-19 00:00:00,2022-01-19 23:59:59,RU000A101Z74
92.26,92.54,92.62,92.01,2104601.5,2281,2022-01-20 00:00:00,2022-01-20 23:59:59,RU000A101Z74
92.0,92.5,92.99,91.06,4114778.8,4474,2022-01-21 00:00:00,2022-01-21 23:59:59,RU000A101Z74
92.28,92.08,92.28,90.78,1842243.2,2003,2022-01-24 00:00:00,2022-01-24 23:59:59,RU000A101Z74
92.29,92.2,92.4,91.72,2356529.0,2555,2022-01-25 00:00:00,2022-01-25 23:59:59,RU000A101Z74
89.92,91.99,92.13,89.9,786200.0,855,2022-01-26 00:00:00,2022-01-26 23:59:59,RU000A101Z74
92.89,92.87,92.9,92.87,112392.2,121,2022-01-27 00:00:00,2022-01-27 23:59:59,RU000A101Z74
92.87,93.0,93.0,92.87,1225682.7,1319,2022-01-28 00:00:00,2022-01-28 23:59:59,RU000A101Z74
93.0,92.6,93.0,91.2,298731.8,322,2022-01-31 00:00:00,2022-01-31 23:59:59,RU000A101Z74
90.46,92.11,92.79,90.46,4320025.5,4698,2022-02-01 00:00:00,2022-02-01 23:59:59,RU000A101Z74
92.37,92.0,92.37,91.26,1523066.8,1659,2022-02-02 00:00:00,2022-02-02 23:59:59,RU000A101Z74
93.88,92.4,93.88,91.7,5382165.1,5841,2022-02-03 00:00:00,2022-02-03 23:59:59,RU000A101Z74
93.8,92.18,93.8,91.73,6074297.9,6600,2022-02-04 00:00:00,2022-02-04 23:59:59,RU000A101Z74
92.59,92.05,92.59,91.31,8024911.3,8725,2022-02-07 00:00:00,2022-02-07 23:59:59,RU000A101Z74
92.4,92.14,92.4,91.66,8829772.2,9612,2022-02-08 00:00:00,2022-02-08 23:59:59,RU000A101Z74
92.51,92.61,92.8,91.99,4058997.8,4383,2022-02-09 00:00:00,2022-02-09 23:59:59,RU000A101Z74
92.6,92.6,92.61,91.7,9619811.0,10451,2022-02-10 00:00:00,2022-02-10 23:59:59,RU000A101Z74
92.5,92.46,92.77,91.61,6907926.9,7480,2022-02-11 00:00:00,2022-02-11 23:59:59,RU000A101Z74
91.74,91.06,92.2,91.06,959430.1,1046,2022-02-14 00:00:00,2022-02-14 23:59:59,RU000A101Z74
92.42,91.88,92.44,91.01,644873.8,704,2022-02-15 00:00:00,2022-02-15 23:59:59,RU000A101Z74
92.89,91.82,92.89,91.16,4560855.6,4969,2022-02-16 00:00:00,2022-02-16 23:59:59,RU000A101Z74
92.39,91.43,92.39,91.3,4425054.3,4837,2022-02-17 00:00:00,2022-02-17 23:59:59,RU000A101Z74
92.27,91.49,92.28,91.3,3037698.3,3326,2022-02-18 00:00:00,2022-02-18 23:59:59,RU000A101Z74
91.74,91.01,91.88,90.35,5840371.0,6406,2022-02-21 00:00:00,2022-02-21 23:59:59,RU000A101Z74
82.79,89.0,90.84,82.79,6537295.1,7414,2022-02-22 00:00:00,2022-02-22 23:59:59,RU000A101Z74
84.0,85.93,90.28,82.45,447398.1,538,2022-02-24 00:00:00,2022-02-24 23:59:59,RU000A101Z74
92.27,84.4,92.27,83.0,3803390.0,4514,2022-02-25 00:00:00,2022-02-25 23:59:59,RU000A101Z74
74.33,77.05,84.4,74.2,3946095.5,5239,2022-03-28 00:00:00,2022-03-28 23:59:59,RU000A101Z74
78.75,88.95,91.99,78.01,56964666.0,71632,2022-03-29 00:00:00,2022-03-29 23:59:59,RU000A101Z74
87.9,83.8,87.9,78.01,1179105.0,1473,2022-03-30 00:00:00,2022-03-30 23:59:59,RU000A101Z74
83.98,85.0,85.0,80.51,3555873.7,4229,2022-03-31 00:00:00,2022-03-31 23:59:59,RU000A101Z74
88.44,85.99,88.44,85.0,2022053.7,2343,2022-04-01 00:00:00,2022-04-01 23:59:59,RU000A101Z74
88.64,85.6,88.64,85.0,3675077.2,4289,2022-04-04 00:00:00,2022-04-04 23:59:59,RU000A101Z74
85.6,85.49,87.63,83.18,9983897.4,11801,2022-04-05 00:00:00,2022-04-05 23:59:59,RU000A101Z74
83.36,84.97,85.98,83.36,1804561.6,2130,2022-04-06 00:00:00,2022-04-06 23:59:59,RU000A101Z74
88.64,84.93,88.64,83.01,873848.9,1032,2022-04-07 00:00:00,2022-04-07 23:59:59,RU000A101Z74
85.94,85.99,86.97,84.0,1925169.2,2250,2022-04-08 00:00:00,2022-04-08 23:59:59,RU000A101Z74
88.8,88.13,88.8,88.13,852803.6,966,2022-04-11 00:00:00,2022-04-11 23:59:59,RU000A101Z74
85.6,85.91,87.29,84.7,3119077.9,3650,2022-04-12 00:00:00,2022-04-12 23:59:59,RU000A101Z74
86.47,88.88,88.88,85.9,39800988.3,45259,2022-04-13 00:00:00,2022-04-13 23:59:59,RU000A101Z74
87.06,87.95,88.85,87.06,2135453.6,2433,2022-04-14 00:00:00,2022-04-14 23:59:59,RU000A101Z74
88.02,89.1,89.19,88.0,2410004.3,2720,2022-04-15 00:00:00,2022-04-15 23:59:59,RU000A101Z74
88.23,89.0,89.14,88.12,13387044.9,15168,2022-04-18 00:00:00,2022-04-18 23:59:59,RU000A101Z74
88.81,89.31,89.99,88.81,1764963.3,1979,2022-04-19 00:00:00,2022-04-19 23:59:59,RU000A101Z74
89.34,89.31,90.28,89.0,1427272.6,1598,2022-04-20 00:00:00,2022-04-20 23:59:59,RU000A101Z74
88.69,89.37,89.86,88.18,5082323.0,5704,2022-04-21 00:00:00,2022-04-21 23:59:59,RU000A101Z74
89.0,89.96,90.3,89.0,7979308.6,8907,2022-04-22 00:00:00,2022-04-22 23:59:59,RU000A101Z74
89.89,90.5,92.49,89.89,1469473.7,1625,2022-04-25 00:00:00,2022-04-25 23:59:59,RU000A101Z74
91.74,90.55,91.99,90.55,1254169.1,1382,2022-04-26 00:00:00,2022-04-26 23:59:59,RU000A101Z74
92.89,91.81,92.89,90.03,5164956.5,5701,2022-04-27 00:00:00,2022-04-27 23:59:59,RU000A101Z74
90.0,90.5,93.85,90.0,1474152.4,1613,2022-04-28 00:00:00,2022-04-28 23:59:59,RU000A101Z74
89.62,90.4,90.97,89.03,910806.0,1013,2022-04-29 00:00:00,2022-04-29 23:59:59,RU000A101Z74
94.48,90.0,94.48,85.09,4313006.5,4815,2022-05-04 00:00:00,2022-05-04 23:59:59,RU000A101Z74
89.77,90.22,90.29,89.0,5341660.3,5962,2022-05-05 00:00:00,2022-05-05 23:59:59,RU000A101Z74
92.65,90.85,92.65,89.23,1299229.6,1437,2022-05-06 00:00:00,2022-05-06 23:59:59,RU000A101Z74
85.04,90.85,94.68,85.04,14782267.6,16295,2022-05-11 00:00:00,2022-05-11 23:59:59,RU000A101Z74
87.05,90.0,94.48,87.05,8434580.3,9313,2022-05-12 00:00:00,2022-05-12 23:59:59,RU000A101Z74
90.1,90.08,90.1,90.08,591045.1,656,2022-05-13 00:00:00,2022-05-13 23:59:59,RU000A101Z74
90.12,89.99,90.12,89.33,4315186.2,4795,2022-05-16 00:00:00,2022-05-16 23:59:59,RU000A101Z74
89.5,90.0,90.03,89.02,24026273.2,26701,2022-05-17 00:00:00,2022-05-17 23:59:59,RU000A101Z74
90.77,89.91,90.77,89.2,5235977.6,5825,2022-05-18 00:00:00,2022-05-18 23:59:59,RU000A101Z74
89.94,90.0,90.33,89.56,2254736.8,2507,2022-05-19 00:00:00,2022-05-19 23:59:59,RU000A101Z74
89.99,92.07,93.66,89.6,1084495.0,1202,2022-05-20 00:00:00,2022-05-20 23:59:59,RU000A101Z74
89.74,90.45,91.19,89.73,2209205.9,2443,2022-05-23 00:00:00,2022-05-23 23:59:59,RU000A101Z74
92.13,91.99,92.14,91.99,23936.2,26,2022-05-24 00:00:00,2022-05-24 23:59:59,RU000A101Z74
93.49,93.39,93.49,93.39,1868.8,2,2022-05-25 00:00:00,2022-05-25 23:59:59,RU000A101Z74
91.29,92.89,92.96,91.0,196717.4,214,2022-05-26 00:00:00,2022-05-26 23:59:59,RU000A101Z74
90.8,91.77,91.86,90.8,764364.0,835,2022-05-27 00:00:00,2022-05-27 23:59:59,RU000A101Z74
93.79,91.16,93.8,90.0,1876163.8,2056,2022-05-30 00:00:00,2022-05-30 23:59:59,RU000A101Z74
84.04,92.0,92.0,84.04,4064335.8,4430,2022-05-31 00:00:00,2022-05-31 23:59:59,RU000A101Z74
91.2,91.66,91.91,90.9,503800.8,553,2022-06-01 00:00:00,2022-06-01 23:59:59,RU000A101Z74
91.88,91.9,91.95,91.65,1680008.5,1828,2022-06-02 00:00:00,2022-06-02 23:59:59,RU000A101Z74
91.1,93.0,93.0,91.03,1443374.5999999996,1568,2022-06-03 00:00:00,2022-06-03 23:59:51,RU000A101Z74
93.49,93.05,93.5,92.51,3664328.4,3942,2022-06-06 00:00:00,2022-06-06 23:59:59,RU000A101Z74
93.1,93.68,94.05,93.1,2007080.1,2139,2022-06-07 00:00:00,2022-06-07 23:59:59,RU000A101Z74
93.95,93.95,94.04,93.94,99609.7,106,2022-06-08 00:00:00,2022-06-08 23:59:59,RU000A101Z74
93.13,94.61,94.95,93.13,842742.3,896,2022-06-09 00:00:00,2022-06-09 23:59:59,RU000A101Z74
93.21,94.1,94.1,93.18,735507.8,783,2022-06-10 00:00:00,2022-06-10 23:59:59,RU000A101Z74
93.97,94.19,94.35,93.97,1556771.1,1655,2022-06-14 00:00:00,2022-06-14 23:59:59,RU000A101Z74
94.19,94.3,94.31,94.0,1369264.6,1454,2022-06-15 00:00:00,2022-06-15 23:59:59,RU000A101Z74
94.29,94.3,94.61,93.25,819782.8,870,2022-06-16 00:00:00,2022-06-16 23:59:59,RU000A101Z74
94.27,94.57,95.15,94.27,987113.1,1044,2022-06-17 00:00:00,2022-06-17 23:59:59,RU000A101Z74
92.92,94.7,95.0,92.91,1967522.8,2079,2022-06-20 00:00:00,2022-06-20 23:59:59,RU000A101Z74
98.01,94.45,98.01,92.59,2956055.2,3134,2022-06-21 00:00:00,2022-06-21 23:59:59,RU000A101Z74
94.45,94.75,96.93,94.45,3055981.2,3234,2022-06-22 00:00:00,2022-06-22 23:59:59,RU000A101Z74
96.9,94.75,96.9,94.51,581866.4,615,2022-06-23 00:00:00,2022-06-23 23:59:59,RU000A101Z74
94.54,94.99,94.99,94.54,2223403.0,2346,2022-06-24 00:00:00,2022-06-24 23:59:59,RU000A101Z74
95.01,95.01,95.01,94.69,1435137.2,1511,2022-06-27 00:00:00,2022-06-27 23:59:59,RU000A101Z74
94.86,95.04,95.05,94.52,427974.1,451,2022-06-28 00:00:00,2022-06-28 23:59:59,RU000A101Z74
95.03,95.31,95.5,95.03,985321.7,1036,2022-06-29 00:00:00,2022-06-29 23:59:59,RU000A101Z74
95.37,95.11,95.37,94.81,2269179.6,2384,2022-06-30 00:00:00,2022-06-30 23:59:59,RU000A101Z74
94.95,95.14,95.14,94.95,330133.9,347,2022-07-01 00:00:00,2022-07-01 23:59:59,RU000A101Z74
95.25,94.9,95.25,94.85,1600054.3,1683,2022-07-04 00:00:00,2022-07-04 23:59:59,RU000A101Z74
94.88,94.9,95.04,94.85,2685444.5,2831,2022-07-05 00:00:00,2022-07-05 23:59:59,RU000A101Z74
94.9,94.9,94.9,94.85,185999.0,196,2022-07-06 00:00:00,2022-07-06 23:59:59,RU000A101Z74
93.29,94.7,94.9,93.29,1418817.1,1498,2022-07-07 00:00:00,2022-07-07 23:59:59,RU000A101Z74
95.06,95.22,95.3,94.8,1373676.6,1445,2022-07-08 00:00:00,2022-07-08 23:59:59,RU000A101Z74
98.34,94.81,98.34,94.8,1854355.5,1955,2022-07-11 00:00:00,2022-07-11 23:59:59,RU000A101Z74
98.29,95.24,98.29,94.11,5498539.2,5807,2022-07-12 00:00:00,2022-07-12 23:59:59,RU000A101Z74
94.78,95.75,95.75,94.75,1030843.6,1084,2022-07-13 00:00:00,2022-07-13 23:59:59,RU000A101Z74
94.92,94.79,96.09,94.79,845501.8,888,2022-07-14 00:00:00,2022-07-14 23:59:59,RU000A101Z74
94.98,95.57,95.85,94.98,2812184.5,2948,2022-07-15 00:00:00,2022-07-15 23:59:59,RU000A101Z74
94.43,95.47,95.47,94.11,1323652.3,1392,2022-07-18 00:00:00,2022-07-18 23:59:59,RU000A101Z74
97.9,95.96,97.91,95.96,4837.5,5,2022-07-19 00:00:00,2022-07-19 23:59:59,RU000A101Z74
95.96,95.55,95.96,95.2,561682.6,589,2022-07-20 00:00:00,2022-07-20 23:59:59,RU000A101Z74
95.55,95.51,95.62,95.46,50618.4,53,2022-07-21 00:00:00,2022-07-21 23:59:59,RU000A101Z74
94.58,96.85,96.85,94.58,2948516.7,3072,2022-07-22 00:00:00,2022-07-22 23:59:59,RU000A101Z74
94.62,95.86,95.92,94.62,924642.6,966,2022-07-25 00:00:00,2022-07-25 23:59:59,RU000A101Z74
96.98,96.4,96.98,95.62,1513978.4,1579,2022-07-26 00:00:00,2022-07-26 23:59:59,RU000A101Z74
97.0,96.4,97.0,95.83,3883657.5,4048,2022-07-27 00:00:00,2022-07-27 23:59:59,RU000A101Z74
96.45,96.42,96.45,96.02,2472765.1,2573,2022-07-28 00:00:00,2022-07-28 23:59:59,RU000A101Z74
97.92,96.8,97.92,96.5,577075.7,594,2022-07-29 00:00:00,2022-07-29 23:59:59,RU000A101Z74
97.89,96.03,97.89,96.0,3490159.4,3627,2022-08-01 00:00:00,2022-08-01 23:59:59,RU000A101Z74
96.27,96.47,96.47,95.17,6271874.0,6521,2022-08-02 00:00:00,2022-08-02 23:59:59,RU000A101Z74
97.92,96.59,97.92,95.67,2078483.7,2158,2022-08-03 00:00:00,2022-08-03 23:59:59,RU000A101Z74
96.66,96.75,96.85,96.15,3671748.4,3810,2022-08-04 00:00:00,2022-08-04 23:59:59,RU000A101Z74
96.68,96.58,96.74,96.0,2238194.4,2320,2022-08-05 00:00:00,2022-08-05 23:59:59,RU000A101Z74
96.69,96.58,96.69,96.17,24786688.6,25678,2022-08-08 00:00:00,2022-08-08 23:59:59,RU000A101Z74
96.53,96.54,96.55,96.35,1026555.5,1064,2022-08-09 00:00:00,2022-08-09 23:59:59,RU000A101Z74
96.2,96.6,96.65,95.03,4786716.1,4963,2022-08-10 00:00:00,2022-08-10 23:59:59,RU000A101Z74
96.6,96.55,96.6,96.4,874961.8,907,2022-08-11 00:00:00,2022-08-11 23:59:59,RU000A101Z74
95.93,96.58,96.6,95.92,7281928.4,7546,2022-08-12 00:00:00,2022-08-12 23:59:59,RU000A101Z74
96.23,96.59,96.6,96.03,7080001.4,7345,2022-08-15 00:00:00,2022-08-15 23:59:59,RU000A101Z74
96.59,96.53,96.79,96.45,1718605.1,1779,2022-08-16 00:00:00,2022-08-16 23:59:59,RU000A101Z74
96.6,96.65,96.78,96.0,1914298.8,1982,2022-08-17 00:00:00,2022-08-17 23:59:59,RU000A101Z74
96.49,96.27,96.57,96.21,1258545.1,1306,2022-08-18 00:00:00,2022-08-18 23:59:59,RU000A101Z74
100.15,100.4,100.4,100.15,1142714.0,1141,2020-11-20 00:00:00,2020-11-20 23:59:59,RU000A102DB2
100.01,100.19,100.2,100.01,54500568.9,54419,2020-11-23 00:00:00,2020-11-23 23:59:59,RU000A102DB2
100.15,100.15,100.15,99.75,2099742.4,2099,2020-11-24 00:00:00,2020-11-24 23:59:59,RU000A102DB2
100.13,100.23,100.23,100.06,20118124.5,20100,2020-11-25 00:00:00,2020-11-25 23:59:59,RU000A102DB2
100.37,100.24,100.37,100.18,11026.5,11,2020-11-26 00:00:00,2020-11-26 23:59:59,RU000A102DB2
100.24,100.19,100.24,100.1,10860866.2,10840,2020-11-27 00:00:00,2020-11-27 23:59:59,RU000A102DB2
100.18,100.15,100.19,100.05,163144.3,163,2020-11-30 00:00:00,2020-11-30 23:59:59,RU000A102DB2
100.13,100.13,100.15,100.0,10746430.4,10746,2020-12-01 00:00:00,2020-12-01 23:59:59,RU000A102DB2
100.49,100.1,100.49,100.01,478419.7,478,2020-12-02 00:00:00,2020-12-02 23:59:59,RU000A102DB2
100.2,100.09,100.4,100.0,11963002.8,11959,2020-12-03 00:00:00,2020-12-03 23:59:59,RU000A102DB2
100.14,100.12,100.15,100.01,5105863.2,5099,2020-12-04 00:00:00,2020-12-04 23:59:59,RU000A102DB2
100.0,99.92,100.0,99.92,3014735.9,3015,2020-12-07 00:00:00,2020-12-07 23:59:59,RU000A102DB2
100.0,100.15,100.15,99.9,57358811.9,57286,2020-12-08 00:00:00,2020-12-08 23:59:59,RU000A102DB2
100.15,100.25,100.25,100.15,101251.5,101,2020-12-09 00:00:00,2020-12-09 23:59:59,RU000A102DB2
100.0,100.0,100.0,100.0,100000.0,100,2020-12-10 00:00:00,2020-12-10 23:59:59,RU000A102DB2
100.13,100.15,100.15,100.0,10177112.0,10162,2020-12-11 00:00:00,2020-12-11 23:59:59,RU000A102DB2
100.0,100.15,100.15,100.0,10915146.5,10899,2020-12-14 00:00:00,2020-12-14 23:59:59,RU000A102DB2
100.2,100.2,100.2,100.19,39279404.0,39202,2020-12-15 00:00:00,2020-12-15 23:59:59,RU000A102DB2
100.13,100.13,100.13,100.13,13016.9,13,2020-12-16 00:00:00,2020-12-16 23:59:59,RU000A102DB2
100.2,100.21,100.22,100.19,10539112.7,10517,2020-12-17 00:00:00,2020-12-17 23:59:59,RU000A102DB2
100.21,100.22,100.24,100.21,3444057.4,3436,2020-12-18 00:00:00,2020-12-18 23:59:59,RU000A102DB2
100.09,100.13,100.13,100.09,1087201.8,1086,2020-12-21 00:00:00,2020-12-21 23:59:59,RU000A102DB2
100.19,100.05,100.19,100.05,20875340.4,20864,2020-12-22 00:00:00,2020-12-22 23:59:59,RU000A102DB2
100.09,100.09,100.09,100.05,1366166.5,1365,2020-12-23 00:00:00,2020-12-23 23:59:59,RU000A102DB2
100.14,100.0,100.14,100.0,407545.8,407,2020-12-24 00:00:00,2020-12-24 23:59:59,RU000A102DB2
100.13,100.14,100.14,100.13,8021194.0,8010,2020-12-25 00:00:00,2020-12-25 23:59:59,RU000A102DB2
100.0,100.24,100.24,100.0,10009956.8,9986,2020-12-28 00:00:00,2020-12-28 23:59:59,RU000A102DB2
100.25,100.0,100.25,100.0,6182594.3,6174,2020-12-29 00:00:00,2020-12-29 23:59:59,RU000A102DB2
100.3,100.3,100.3,99.91,44690498.3,44563,2020-12-30 00:00:00,2020-12-30 23:59:59,RU000A102DB2
99.9,100.45,100.45,99.9,14008.0,14,2021-01-04 00:00:00,2021-01-04 23:59:59,RU000A102DB2
99.93,99.93,99.93,99.93,999.3,1,2021-01-05 00:00:00,2021-01-05 23:59:59,RU000A102DB2
99.9,99.9,99.9,99.9,99900.0,100,2021-01-06 00:00:00,2021-01-06 23:59:59,RU000A102DB2
100.55,100.54,100.55,100.54,8043.4,8,2021-01-08 00:00:00,2021-01-08 23:59:59,RU000A102DB2
100.4,100.4,100.4,100.4,11044.0,11,2021-01-11 00:00:00,2021-01-11 23:59:59,RU000A102DB2
100.5,100.4,100.5,100.4,12050.0,12,2021-01-12 00:00:00,2021-01-12 23:59:59,RU000A102DB2
100.2,100.2,100.2,100.2,1010016.0,1008,2021-01-13 00:00:00,2021-01-13 23:59:59,RU000A102DB2
100.3,100.3,100.3,100.29,5436130.0,5420,2021-01-14 00:00:00,2021-01-14 23:59:59,RU000A102DB2
100.29,100.0,100.29,100.0,10002.9,10,2021-01-15 00:00:00,2021-01-15 23:59:59,RU000A102DB2
100.0,100.24,100.24,100.0,203144.8,203,2021-01-18 00:00:00,2021-01-18 23:59:59,RU000A102DB2
100.1,100.15,100.15,100.1,394575.5,394,2021-01-19 00:00:00,2021-01-19 23:59:59,RU000A102DB2
99.95,99.95,99.95,99.95,24987.5,25,2021-01-20 00:00:00,2021-01-20 23:59:59,RU000A102DB2
100.15,100.15,100.15,100.15,9469182.5,9455,2021-01-21 00:00:00,2021-01-21 23:59:59,RU000A102DB2
100.0,99.98,100.0,99.98,68995.8,69,2021-01-22 00:00:00,2021-01-22 23:59:59,RU000A102DB2
100.15,99.9,100.15,99.9,20981.5,21,2021-01-25 00:00:00,2021-01-25 23:59:59,RU000A102DB2
99.9,99.85,99.9,99.8,9056556.1,9071,2021-01-26 00:00:00,2021-01-26 23:59:59,RU000A102DB2
99.83,99.82,99.83,99.82,5081845.3,5091,2021-01-28 00:00:00,2021-01-28 23:59:59,RU000A102DB2
99.98,100.0,100.0,99.98,493985.8,494,2021-01-29 00:00:00,2021-01-29 23:59:59,RU000A102DB2
99.99,100.0,100.0,99.98,8155495.0,8156,2021-02-02 00:00:00,2021-02-02 23:59:59,RU000A102DB2
99.99,99.99,99.99,99.99,2999.7,3,2021-02-03 00:00:00,2021-02-03 23:59:59,RU000A102DB2
99.99,99.98,99.99,99.98,757924.1,758,2021-02-04 00:00:00,2021-02-04 23:59:59,RU000A102DB2
99.99,99.8,100.0,99.8,974802.7,975,2021-02-05 00:00:00,2021-02-05 23:59:59,RU000A102DB2
99.8,99.8,99.8,99.8,2996994.0,3003,2021-02-08 00:00:00,2021-02-08 23:59:59,RU000A102DB2
99.79,99.8,99.8,99.79,885218.0,887,2021-02-09 00:00:00,2021-02-09 23:59:59,RU000A102DB2
99.8,99.8,99.8,99.8,130738.0,131,2021-02-10 00:00:00,2021-02-10 23:59:59,RU000A102DB2
99.8,99.8,99.8,99.5,12968.0,13,2021-02-11 00:00:00,2021-02-11 23:59:59,RU000A102DB2
99.5,100.0,100.0,99.5,5669978.7,5670,2021-02-12 00:00:00,2021-02-12 23:59:59,RU000A102DB2
100.0,99.6,100.0,99.6,5604600.0,5622,2021-02-15 00:00:00,2021-02-15 23:59:59,RU000A102DB2
99.5,99.3,99.5,99.0,177712.4,179,2021-02-16 00:00:00,2021-02-16 23:59:59,RU000A102DB2
99.79,99.9,99.9,99.0,540349.0,544,2021-02-17 00:00:00,2021-02-17 23:59:59,RU000A102DB2
99.92,100.0,100.0,99.92,10242888.5,10243,2021-02-18 00:00:00,2021-02-18 23:59:59,RU000A102DB2
99.25,99.45,99.45,99.05,357124.0,360,2021-02-19 00:00:00,2021-02-19 23:59:59,RU000A102DB2
99.5,99.5,99.5,99.5,1990.0,2,2021-02-20 00:00:00,2021-02-20 23:59:59,RU000A102DB2
99.5,99.11,99.5,99.11,39772.8,40,2021-02-22 00:00:00,2021-02-22 23:59:59,RU000A102DB2
99.5,99.5,99.5,99.5,2951170.0,2966,2021-02-25 00:00:00,2021-02-25 23:59:59,RU000A102DB2
99.01,98.5,99.1,98.5,133530.2,135,2021-03-02 00:00:00,2021-03-02 23:59:59,RU000A102DB2
99.2,98.5,99.2,98.5,342985.0,348,2021-03-03 00:00:00,2021-03-03 23:59:59,RU000A102DB2
99.91,99.91,99.91,99.91,999.1,1,2021-03-04 00:00:00,2021-03-04 23:59:59,RU000A102DB2
99.97,99.98,99.98,99.97,487893.6,488,2021-03-09 00:00:00,2021-03-09 23:59:59,RU000A102DB2
98.61,99.3,99.3,98.6,3193360.1,3216,2021-03-10 00:00:00,2021-03-10 23:59:59,RU000A102DB2
98.61,98.61,98.61,98.61,49305.0,50,2021-03-11 00:00:00,2021-03-11 23:59:59,RU000A102DB2
99.0,99.1,99.1,99.0,125757.0,127,2021-03-12 00:00:00,2021-03-12 23:59:59,RU000A102DB2
99.29,99.05,99.3,99.05,1708700.3,1721,2021-03-15 00:00:00,2021-03-15 23:59:59,RU000A102DB2
98.61,99.8,99.8,98.6,13196436.6,13290,2021-03-16 00:00:00,2021-03-16 23:59:59,RU000A102DB2
99.0,98.7,99.0,98.7,3056034.2,3096,2021-03-17 00:00:00,2021-03-17 23:59:59,RU000A102DB2
98.41,98.41,98.41,98.41,39364.0,40,2021-03-18 00:00:00,2021-03-18 23:59:59,RU000A102DB2
98.5,98.4,98.5,98.4,2970697.5,3019,2021-03-19 00:00:00,2021-03-19 23:59:59,RU000A102DB2
97.32,98.0,98.0,97.1,494255.9,509,2021-03-22 00:00:00,2021-03-22 23:59:59,RU000A102DB2
98.38,98.38,98.38,98.38,983.8,1,2021-03-23 00:00:00,2021-03-23 23:59:59,RU000A102DB2
98.48,98.1,98.48,98.1,34338.8,35,2021-03-25 00:00:00,2021-03-25 23:59:59,RU000A102DB2
98.27,98.27,98.27,98.27,10809.7,11,2021-03-26 00:00:00,2021-03-26 23:59:59,RU000A102DB2
98.54,98.6,98.6,98.43,2253854.3,2286,2021-03-29 00:00:00,2021-03-29 23:59:59,RU000A102DB2
98.89,98.89,98.89,98.89,988.9,1,2021-03-31 00:00:00,2021-03-31 23:59:59,RU000A102DB2
98.89,98.89,98.89,98.89,988.9,1,2021-04-01 00:00:00,2021-04-01 23:59:59,RU000A102DB2
98.88,99.01,99.01,98.88,5199386.2,5256,2021-04-02 00:00:00,2021-04-02 23:59:59,RU000A102DB2
98.89,99.01,99.01,98.89,14287802.1,14434,2021-04-05 00:00:00,2021-04-05 23:59:59,RU000A102DB2
96.91,98.21,98.23,96.91,8770.9,9,2021-04-06 00:00:00,2021-04-06 23:59:59,RU000A102DB2
99.88,99.53,99.88,98.4,123001994.1,125002,2021-04-07 00:00:00,2021-04-07 23:59:59,RU000A102DB2
98.21,99.29,99.29,98.2,602762.0,613,2021-04-08 00:00:00,2021-04-08 23:59:59,RU000A102DB2
99.68,99.68,99.68,99.68,996.8,1,2021-04-09 00:00:00,2021-04-09 23:59:59,RU000A102DB2
99.0,99.0,99.0,98.99,20177188.2,20381,2021-04-12 00:00:00,2021-04-12 23:59:59,RU000A102DB2
98.97,99.0,99.0,98.97,3890582.3,3930,2021-04-13 00:00:00,2021-04-13 23:59:59,RU000A102DB2
98.99,98.99,98.99,98.99,989.9,1,2021-04-16 00:00:00,2021-04-16 23:59:59,RU000A102DB2
97.58,97.58,97.58,97.58,975.8,1,2021-04-23 00:00:00,2021-04-23 23:59:59,RU000A102DB2
98.0,98.0,98.0,98.0,9800.0,10,2021-04-26 00:00:00,2021-04-26 23:59:59,RU000A102DB2
98.5,98.5,98.5,98.5,985.0,1,2021-04-27 00:00:00,2021-04-27 23:59:59,RU000A102DB2
98.5,98.5,98.5,98.5,985.0,1,2021-04-28 00:00:00,2021-04-28 23:59:59,RU000A102DB2
98.5,98.5,99.0,98.5,5924709.5,6000,2021-04-29 00:00:00,2021-04-29 23:59:59,RU000A102DB2
98.99,98.99,98.99,98.99,8909.1,9,2021-04-30 00:00:00,2021-04-30 23:59:59,RU000A102DB2
97.55,98.99,98.99,97.55,2928479.8,3002,2021-05-04 00:00:00,2021-05-04 23:59:59,RU000A102DB2
98.99,98.0,98.99,97.55,2928470.5,3002,2021-05-05 00:00:00,2021-05-05 23:59:59,RU000A102DB2
98.5,98.5,98.5,98.5,985.0,1,2021-05-06 00:00:00,2021-05-06 23:59:59,RU000A102DB2
98.5,98.5,98.5,98.5,985.0,1,2021-05-07 00:00:00,2021-05-07 23:59:59,RU000A102DB2
98.49,98.5,98.5,98.49,72889.9,74,2021-05-14 00:00:00,2021-05-14 23:59:59,RU000A102DB2
97.8,97.8,97.8,97.8,500736.0,512,2021-05-17 00:00:00,2021-05-17 23:59:59,RU000A102DB2
98.47,98.47,98.47,98.47,2954.1,3,2021-05-18 00:00:00,2021-05-18 23:59:59,RU000A102DB2
98.48,98.5,98.5,98.48,397931.2,404,2021-05-19 00:00:00,2021-05-19 23:59:59,RU000A102DB2
98.0,98.5,98.5,98.0,1965.0,2,2021-05-20 00:00:00,2021-05-20 23:59:59,RU000A102DB2
97.07,98.49,98.49,97.07,169054.7,174,2021-05-21 00:00:00,2021-05-21 23:59:59,RU000A102DB2
98.0,98.49,98.49,98.0,25484.9,26,2021-05-24 00:00:00,2021-05-24 23:59:59,RU000A102DB2
98.48,98.4,98.49,98.4,1994418.8,2025,2021-05-25 00:00:00,2021-05-25 23:59:59,RU000A102DB2
97.11,98.48,98.48,97.11,2940.7,3,2021-05-26 00:00:00,2021-05-26 23:59:59,RU000A102DB2
97.05,98.39,98.49,97.05,24420.1,25,2021-05-27 00:00:00,2021-05-27 23:59:59,RU000A102DB2
97.1,98.44,98.44,97.1,5187111.4,5270,2021-06-01 00:00:00,2021-06-01 23:59:59,RU000A102DB2
98.4,98.4,98.4,97.45,2942.5,3,2021-06-02 00:00:00,2021-06-02 23:59:59,RU000A102DB2
97.06,97.06,97.06,97.06,970.6,1,2021-06-03 00:00:00,2021-06-03 23:59:59,RU000A102DB2
97.06,98.4,98.4,97.06,511412.0,520,2021-06-04 00:00:00,2021-06-04 23:59:59,RU000A102DB2
98.29,98.3,98.3,98.29,4914.6,5,2021-06-07 00:00:00,2021-06-07 23:59:59,RU000A102DB2
98.25,98.25,98.25,98.25,982.5,1,2021-06-08 00:00:00,2021-06-08 23:59:59,RU000A102DB2
98.25,98.25,98.25,98.25,982.5,1,2021-06-09 00:00:00,2021-06-09 23:59:59,RU000A102DB2
97.5,97.4,97.5,97.2,267429.0,275,2021-06-10 00:00:00,2021-06-10 23:59:59,RU000A102DB2
96.01,97.39,97.39,96.01,96983.9,101,2021-06-11 00:00:00,2021-06-11 23:59:59,RU000A102DB2
97.4,97.4,97.4,97.4,1948.0,2,2021-06-14 00:00:00,2021-06-14 23:59:59,RU000A102DB2
97.4,96.98,97.4,96.5,253816.8,263,2021-06-17 00:00:00,2021-06-17 23:59:59,RU000A102DB2
96.05,97.07,97.07,96.05,3872.6,4,2021-06-18 00:00:00,2021-06-18 23:59:59,RU000A102DB2
97.38,97.16,97.38,97.0,62099.8,64,2021-06-21 00:00:00,2021-06-21 23:59:59,RU000A102DB2
96.6,97.25,97.25,96.6,108198.5,112,2021-06-22 00:00:00,2021-06-22 23:59:59,RU000A102DB2
97.0,97.0,97.01,97.0,427770.1,441,2021-06-23 00:00:00,2021-06-23 23:59:59,RU000A102DB2
97.39,97.13,97.39,97.13,5830.4,6,2021-06-25 00:00:00,2021-06-25 23:59:59,RU000A102DB2
97.29,97.29,97.29,97.29,4864.5,5,2021-06-28 00:00:00,2021-06-28 23:59:59,RU000A102DB2
96.04,96.49,96.6,96.0,13422230.5,13967,2021-07-02 00:00:00,2021-07-02 23:59:59,RU000A102DB2
96.49,96.5,96.5,96.49,21227.9,22,2021-07-05 00:00:00,2021-07-05 23:59:59,RU000A102DB2
96.5,96.5,96.5,96.5,41495.0,43,2021-07-06 00:00:00,2021-07-06 23:59:59,RU000A102DB2
96.08,96.0,96.08,96.0,2400016.1,2500,2021-07-07 00:00:00,2021-07-07 23:59:59,RU000A102DB2
96.47,96.33,96.48,96.33,55944.8,58,2021-07-08 00:00:00,2021-07-08 23:59:59,RU000A102DB2
96.49,96.5,96.5,96.49,43421.5,45,2021-07-12 00:00:00,2021-07-12 23:59:59,RU000A102DB2
96.29,96.29,96.29,96.29,962.9,1,2021-07-13 00:00:00,2021-07-13 23:59:59,RU000A102DB2
96.48,96.5,96.5,96.48,276936.4,287,2021-07-15 00:00:00,2021-07-15 23:59:59,RU000A102DB2
95.16,95.16,95.16,95.16,951.6,1,2021-07-16 00:00:00,2021-07-16 23:59:59,RU000A102DB2
96.49,96.49,96.49,96.49,964.9,1,2021-07-19 00:00:00,2021-07-19 23:59:59,RU000A102DB2
96.45,96.45,96.45,96.45,964.5,1,2021-07-20 00:00:00,2021-07-20 23:59:59,RU000A102DB2
95.16,95.16,95.16,95.16,1903.2,2,2021-07-22 00:00:00,2021-07-22 23:59:59,RU000A102DB2
96.49,96.49,96.49,96.49,964.9,1,2021-07-26 00:00:00,2021-07-26 23:59:59,RU000A102DB2
96.48,96.5,96.5,96.48,51143.7,53,2021-07-29 00:00:00,2021-07-29 23:59:59,RU000A102DB2
96.5,96.5,96.5,96.5,965.0,1,2021-07-30 00:00:00,2021-07-30 23:59:59,RU000A102DB2
96.5,95.6,96.5,95.6,96588.2,101,2021-08-02 00:00:00,2021-08-02 23:59:59,RU000A102DB2
96.92,96.92,96.92,96.92,969.2,1,2021-08-03 00:00:00,2021-08-03 23:59:59,RU000A102DB2
96.96,96.93,96.96,96.93,7754.7,8,2021-08-04 00:00:00,2021-08-04 23:59:59,RU000A102DB2
95.61,96.82,96.82,95.61,145944.3,152,2021-08-05 00:00:00,2021-08-05 23:59:59,RU000A102DB2
96.82,96.84,96.84,96.82,2904.8,3,2021-08-06 00:00:00,2021-08-06 23:59:59,RU000A102DB2
96.84,96.84,96.84,96.84,968.4,1,2021-08-09 00:00:00,2021-08-09 23:59:59,RU000A102DB2
96.74,96.85,96.85,96.74,995597.0,1028,2021-08-10 00:00:00,2021-08-10 23:59:59,RU000A102DB2
96.85,96.96,96.96,96.85,7748969.6,8001,2021-08-11 00:00:00,2021-08-11 23:59:59,RU000A102DB2
97.5,97.5,97.5,97.5,975.0,1,2021-08-13 00:00:00,2021-08-13 23:59:59,RU000A102DB2
95.61,96.82,96.82,95.61,13433.8,14,2021-08-16 00:00:00,2021-08-16 23:59:59,RU000A102DB2
95.62,95.62,95.62,95.62,9562.0,10,2021-08-18 00:00:00,2021-08-18 23:59:59,RU000A102DB2
95.64,95.66,95.66,95.64,43042.0,45,2021-08-19 00:00:00,2021-08-19 23:59:59,RU000A102DB2
96.45,96.45,96.45,96.45,964.5,1,2021-08-20 00:00:00,2021-08-20 23:59:59,RU000A102DB2
96.45,96.55,96.74,95.75,66134.4,69,2021-08-23 00:00:00,2021-08-23 23:59:59,RU000A102DB2
96.55,96.55,96.55,96.55,965.5,1,2021-08-24 00:00:00,2021-08-24 23:59:59,RU000A102DB2
96.45,96.45,96.45,96.44,36650.3,38,2021-08-25 00:00:00,2021-08-25 23:59:59,RU000A102DB2
96.4,96.4,96.4,96.4,964.0,1,2021-08-27 00:00:00,2021-08-27 23:59:59,RU000A102DB2
96.45,96.44,96.45,96.44,1928.9,2,2021-08-30 00:00:00,2021-08-30 23:59:59,RU000A102DB2
95.61,95.61,95.61,95.61,956.1,1,2021-08-31 00:00:00,2021-08-31 23:59:59,RU000A102DB2
96.5,96.75,96.75,96.5,28956.6,30,2021-09-01 00:00:00,2021-09-01 23:59:59,RU000A102DB2
96.99,96.99,96.99,96.99,4849.5,5,2021-09-03 00:00:00,2021-09-03 23:59:59,RU000A102DB2
96.69,96.75,96.75,96.69,11608.2,12,2021-09-06 00:00:00,2021-09-06 23:59:59,RU000A102DB2
97.27,95.61,97.27,95.61,487783.3,510,2021-09-07 00:00:00,2021-09-07 23:59:59,RU000A102DB2
96.0,96.29,96.29,95.6,9562928.7,10003,2021-09-08 00:00:00,2021-09-08 23:59:59,RU000A102DB2
96.3,96.3,96.3,96.3,19260.0,20,2021-09-09 00:00:00,2021-09-09 23:59:59,RU000A102DB2
96.01,95.6,96.01,95.6,5744.4,6,2021-09-10 00:00:00,2021-09-10 23:59:59,RU000A102DB2
96.19,96.19,96.19,96.19,2885.7,3,2021-09-13 00:00:00,2021-09-13 23:59:59,RU000A102DB2
96.35,96.35,96.35,96.35,28905.0,30,2021-09-14 00:00:00,2021-09-14 23:59:59,RU000A102DB2
95.03,96.23,96.23,95.03,47875.0,50,2021-09-15 00:00:00,2021-09-15 23:59:59,RU000A102DB2
95.82,96.05,96.05,95.82,2876.9,3,2021-09-20 00:00:00,2021-09-20 23:59:59,RU000A102DB2
95.03,95.0,95.03,95.0,47504.3,50,2021-09-27 00:00:00,2021-09-27 23:59:59,RU000A102DB2
95.03,95.03,95.03,95.03,1900.6,2,2021-09-28 00:00:00,2021-09-28 23:59:59,RU000A102DB2
95.03,95.86,95.88,95.03,120790.6,126,2021-09-29 00:00:00,2021-09-29 23:59:59,RU000A102DB2
95.31,95.5,95.5,95.31,3818.1,4,2021-09-30 00:00:00,2021-09-30 23:59:59,RU000A102DB2
95.5,95.5,95.5,95.01,88516.1,93,2021-10-04 00:00:00,2021-10-04 23:59:59,RU000A102DB2
95.6,95.6,95.6,95.6,66920.0,70,2021-10-05 00:00:00,2021-10-05 23:59:59,RU000A102DB2
95.2,95.2,95.2,95.2,952.0,1,2021-10-06 00:00:00,2021-10-06 23:59:59,RU000A102DB2
95.0,95.0,95.0,95.0,3214800.0,3384,2021-10-07 00:00:00,2021-10-07 23:59:59,RU000A102DB2
95.39,95.39,95.39,95.39,47695.0,50,2021-10-08 00:00:00,2021-10-08 23:59:59,RU000A102DB2
94.11,95.4,95.4,94.1,567462.1,603,2021-10-11 00:00:00,2021-10-11 23:59:59,RU000A102DB2
94.9,95.4,95.4,94.9,10444.0,11,2021-10-13 00:00:00,2021-10-13 23:59:59,RU000A102DB2
95.38,95.0,95.39,95.0,1902857.7,2003,2021-10-14 00:00:00,2021-10-14 23:59:59,RU000A102DB2
95.32,95.35,95.35,95.32,381326.9,400,2021-10-15 00:00:00,2021-10-15 23:59:59,RU000A102DB2
94.92,95.2,95.2,94.92,90434.4,95,2021-10-18 00:00:00,2021-10-18 23:59:59,RU000A102DB2
94.92,95.36,95.36,94.92,1902.8,2,2021-10-19 00:00:00,2021-10-19 23:59:59,RU000A102DB2
94.91,94.92,94.92,94.91,19932.7,21,2021-10-20 00:00:00,2021-10-20 23:59:59,RU000A102DB2
95.2,95.2,95.2,95.2,95200.0,100,2021-10-21 00:00:00,2021-10-21 23:59:59,RU000A102DB2
94.15,95.38,95.38,94.1,149304.7,158,2021-10-22 00:00:00,2021-10-22 23:59:59,RU000A102DB2
95.13,95.13,95.13,95.13,951.3,1,2021-10-25 00:00:00,2021-10-25 23:59:59,RU000A102DB2
95.04,95.1,95.1,94.1,234774.6,249,2021-10-26 00:00:00,2021-10-26 23:59:59,RU000A102DB2
95.0,95.03,95.03,94.97,70286.7,74,2021-10-27 00:00:00,2021-10-27 23:59:59,RU000A102DB2
94.5,94.5,94.5,94.5,21735.0,23,2021-10-28 00:00:00,2021-10-28 23:59:59,RU000A102DB2
94.4,94.0,94.4,94.0,89340.0,95,2021-10-29 00:00:00,2021-10-29 23:59:59,RU000A102DB2
94.0,93.5,94.0,92.9,389087.3,418,2021-11-01 00:00:00,2021-11-01 23:59:59,RU000A102DB2
93.49,93.5,93.5,93.15,4689287.5,5034,2021-11-02 00:00:00,2021-11-02 23:59:59,RU000A102DB2
93.5,93.5,93.5,93.5,12155.0,13,2021-11-03 00:00:00,2021-11-03 23:59:59,RU000A102DB2
93.5,93.5,93.5,93.5,46750.0,50,2021-11-05 00:00:00,2021-11-05 23:59:59,RU000A102DB2
93.15,93.15,93.15,93.15,4657500.0,5000,2021-11-08 00:00:00,2021-11-08 23:59:59,RU000A102DB2
93.49,93.2,93.49,93.01,19573.0,21,2021-11-09 00:00:00,2021-11-09 23:59:59,RU000A102DB2
93.2,93.5,93.5,93.2,839735.0,901,2021-11-11 00:00:00,2021-11-11 23:59:59,RU000A102DB2
93.55,93.55,93.55,93.02,596796.0,638,2021-11-12 00:00:00,2021-11-12 23:59:59,RU000A102DB2
93.63,93.49,93.63,93.2,16800.9,18,2021-11-15 00:00:00,2021-11-15 23:59:59,RU000A102DB2
93.25,93.25,93.25,93.25,24245.0,26,2021-11-16 00:00:00,2021-11-16 23:59:59,RU000A102DB2
93.3,93.29,93.3,93.29,33586.4,36,2021-11-17 00:00:00,2021-11-17 23:59:59,RU000A102DB2
93.29,93.39,93.4,93.1,4665272.4,5011,2021-11-18 00:00:00,2021-11-18 23:59:59,RU000A102DB2
93.4,93.24,93.4,92.31,1885445.7,2041,2021-11-19 00:00:00,2021-11-19 23:59:59,RU000A102DB2
92.6,93.22,93.24,92.01,761352.6,824,2021-11-22 00:00:00,2021-11-22 23:59:59,RU000A102DB2
92.17,91.87,92.99,91.72,704043.4,760,2021-11-23 00:00:00,2021-11-23 23:59:59,RU000A102DB2
91.86,91.86,92.99,91.86,597142.9,643,2021-11-24 00:00:00,2021-11-24 23:59:59,RU000A102DB2
92.99,92.3,92.99,92.3,62255.0,67,2021-11-25 00:00:00,2021-11-25 23:59:59,RU000A102DB2
92.96,92.68,92.96,91.87,258227.9,281,2021-11-26 00:00:00,2021-11-26 23:59:59,RU000A102DB2
92.89,92.98,92.98,92.89,4649246.3,5001,2021-11-29 00:00:00,2021-11-29 23:59:59,RU000A102DB2
92.47,92.9,92.9,92.47,51169736.7,55081,2021-11-30 00:00:00,2021-11-30 23:59:59,RU000A102DB2
93.0,92.99,93.0,92.99,31921009.9,34324,2021-12-01 00:00:00,2021-12-01 23:59:59,RU000A102DB2
92.24,92.24,92.24,92.24,922.4,1,2021-12-02 00:00:00,2021-12-02 23:59:59,RU000A102DB2
93.47,93.47,93.49,93.47,90666.7,97,2021-12-03 00:00:00,2021-12-03 23:59:59,RU000A102DB2
93.49,93.49,93.49,93.49,934.9,1,2021-12-06 00:00:00,2021-12-06 23:59:59,RU000A102DB2
93.99,92.78,93.99,92.78,4639939.9,5001,2021-12-08 00:00:00,2021-12-08 23:59:59,RU000A102DB2
93.48,92.5,93.48,92.5,3622311.4,3916,2021-12-09 00:00:00,2021-12-09 23:59:59,RU000A102DB2
92.22,93.48,93.48,92.21,2211268.8,2397,2021-12-10 00:00:00,2021-12-10 23:59:59,RU000A102DB2
92.48,92.45,92.48,92.45,1850850.1,2002,2021-12-13 00:00:00,2021-12-13 23:59:59,RU000A102DB2
93.98,93.98,93.98,93.98,1879.6,2,2021-12-14 00:00:00,2021-12-14 23:59:59,RU000A102DB2
92.38,92.38,92.38,92.37,106236.8,115,2021-12-15 00:00:00,2021-12-15 23:59:59,RU000A102DB2
93.94,92.53,93.94,92.51,4696854.7,5076,2021-12-16 00:00:00,2021-12-16 23:59:59,RU000A102DB2
92.51,92.5,92.51,92.21,82304.8,89,2021-12-17 00:00:00,2021-12-17 23:59:59,RU000A102DB2
92.67,93.47,93.47,92.5,4676892.5,5054,2021-12-20 00:00:00,2021-12-20 23:59:59,RU000A102DB2
93.99,93.99,93.99,93.99,939.9,1,2021-12-21 00:00:00,2021-12-21 23:59:59,RU000A102DB2
93.99,93.48,94.0,92.75,48700.2,52,2021-12-22 00:00:00,2021-12-22 23:59:59,RU000A102DB2
93.49,93.49,93.49,92.55,1018683.8,1090,2021-12-24 00:00:00,2021-12-24 23:59:59,RU000A102DB2
93.4,93.49,93.49,93.4,537431.6,575,2021-12-27 00:00:00,2021-12-27 23:59:59,RU000A102DB2
93.5,93.4,93.5,92.8,395485.7,426,2021-12-28 00:00:00,2021-12-28 23:59:59,RU000A102DB2
93.79,93.98,94.03,93.79,436098.5,464,2021-12-29 00:00:00,2021-12-29 23:59:59,RU000A102DB2
93.99,93.99,93.99,93.99,939.9,1,2021-12-30 00:00:00,2021-12-30 23:59:59,RU000A102DB2
94.78,94.78,94.78,94.78,42651.0,45,2022-01-03 00:00:00,2022-01-03 23:59:59,RU000A102DB2
94.8,94.8,94.8,94.8,948.0,1,2022-01-05 00:00:00,2022-01-05 23:59:59,RU000A102DB2
93.55,94.8,94.8,93.55,3779.4,4,2022-01-06 00:00:00,2022-01-06 23:59:59,RU000A102DB2
93.49,93.4,93.49,93.4,144864.5,155,2022-01-10 00:00:00,2022-01-10 23:59:59,RU000A102DB2
93.4,93.69,93.69,92.84,8752515.2,9375,2022-01-11 00:00:00,2022-01-11 23:59:59,RU000A102DB2
93.79,93.4,93.8,93.4,5240880.6,5610,2022-01-12 00:00:00,2022-01-12 23:59:59,RU000A102DB2
92.81,92.75,92.81,92.75,806927.2,870,2022-01-13 00:00:00,2022-01-13 23:59:59,RU000A102DB2
92.75,91.99,92.75,91.99,400614.0,432,2022-01-14 00:00:00,2022-01-14 23:59:59,RU000A102DB2
92.73,91.85,92.73,91.85,102916.0,112,2022-01-17 00:00:00,2022-01-17 23:59:59,RU000A102DB2
91.7,90.5,91.8,90.5,961051.0,1050,2022-01-18 00:00:00,2022-01-18 23:59:59,RU000A102DB2
90.5,91.74,91.98,90.5,910615.6,1006,2022-01-19 00:00:00,2022-01-19 23:59:59,RU000A102DB2
90.94,90.94,90.94,90.94,4547.0,5,2022-01-20 00:00:00,2022-01-20 23:59:59,RU000A102DB2
91.52,91.52,91.52,91.52,915.2,1,2022-01-21 00:00:00,2022-01-21 23:59:59,RU000A102DB2
91.6,91.44,91.69,91.44,1837494.0,2006,2022-01-24 00:00:00,2022-01-24 23:59:59,RU000A102DB2
91.49,91.43,91.95,89.4,258562.2,288,2022-01-25 00:00:00,2022-01-25 23:59:59,RU000A102DB2
90.62,91.75,91.75,90.62,15529.7,17,2022-01-26 00:00:00,2022-01-26 23:59:59,RU000A102DB2
91.4,91.0,91.4,91.0,79202.0,87,2022-01-27 00:00:00,2022-01-27 23:59:59,RU000A102DB2
91.0,91.0,91.0,91.0,110110.0,121,2022-01-28 00:00:00,2022-01-28 23:59:59,RU000A102DB2
91.57,91.75,91.75,91.57,1013648.5,1105,2022-01-31 00:00:00,2022-01-31 23:59:59,RU000A102DB2
89.35,91.75,91.75,89.34,412380.5,450,2022-02-01 00:00:00,2022-02-01 23:59:59,RU000A102DB2
91.75,91.75,91.75,91.75,1835.0,2,2022-02-03 00:00:00,2022-02-03 23:59:59,RU000A102DB2
91.55,91.55,91.55,91.3,185844.0,203,2022-02-04 00:00:00,2022-02-04 23:59:59,RU000A102DB2
91.6,91.6,91.6,91.6,792340.0,865,2022-02-07 00:00:00,2022-02-07 23:59:59,RU000A102DB2
91.7,91.8,91.8,91.7,101883.0,111,2022-02-09 00:00:00,2022-02-09 23:59:59,RU000A102DB2
91.6,91.6,91.6,91.6,2748.0,3,2022-02-11 00:00:00,2022-02-11 23:59:59,RU000A102DB2
89.51,89.51,89.51,89.51,895.1,1,2022-02-17 00:00:00,2022-02-17 23:59:59,RU000A102DB2
91.41,91.35,91.41,91.35,42961.5,47,2022-02-18 00:00:00,2022-02-18 23:59:59,RU000A102DB2
89.56,89.56,89.56,89.56,5373.6,6,2022-02-21 00:00:00,2022-02-21 23:59:59,RU000A102DB2
76.01,78.51,84.44,76.0,37071.4,46,2022-03-28 00:00:00,2022-03-28 23:59:59,RU000A102DB2
84.29,76.01,84.29,76.01,7006.5,9,2022-03-29 00:00:00,2022-03-29 23:59:59,RU000A102DB2
77.03,84.31,84.31,77.03,86475.2,108,2022-03-30 00:00:00,2022-03-30 23:59:59,RU000A102DB2
86.1,86.13,86.13,86.1,411693.8,478,2022-03-31 00:00:00,2022-03-31 23:59:59,RU000A102DB2
86.13,86.13,86.13,86.13,861.3,1,2022-04-01 00:00:00,2022-04-01 23:59:59,RU000A102DB2
86.12,86.12,86.12,86.12,861.2,1,2022-04-04 00:00:00,2022-04-04 23:59:59,RU000A102DB2
86.1,85.02,86.1,85.02,1711.2,2,2022-04-05 00:00:00,2022-04-05 23:59:59,RU000A102DB2
85.99,85.99,85.99,85.99,859.9,1,2022-04-06 00:00:00,2022-04-06 23:59:59,RU000A102DB2
86.1,86.1,86.1,86.1,861.0,1,2022-04-07 00:00:00,2022-04-07 23:59:59,RU000A102DB2
85.59,86.12,86.13,84.0,1948707.9,2265,2022-04-08 00:00:00,2022-04-08 23:59:59,RU000A102DB2
86.13,86.13,86.13,86.13,146421.0,170,2022-04-11 00:00:00,2022-04-11 23:59:59,RU000A102DB2
77.05,86.12,86.12,77.03,29597.6,35,2022-04-12 00:00:00,2022-04-12 23:59:59,RU000A102DB2
86.13,86.13,86.13,86.13,861.3,1,2022-04-14 00:00:00,2022-04-14 23:59:59,RU000A102DB2
86.13,86.13,86.13,86.13,3445.2,4,2022-04-15 00:00:00,2022-04-15 23:59:59,RU000A102DB2
78.01,86.0,87.98,78.01,37185.8,45,2022-04-18 00:00:00,2022-04-18 23:59:59,RU000A102DB2
84.0,87.4,87.4,84.0,62894.0,72,2022-04-19 00:00:00,2022-04-19 23:59:59,RU000A102DB2
87.4,87.4,87.4,87.4,25346.0,29,2022-04-20 00:00:00,2022-04-20 23:59:59,RU000A102DB2
86.0,86.0,86.0,86.0,44720.0,52,2022-04-21 00:00:00,2022-04-21 23:59:59,RU000A102DB2
87.5,87.0,87.5,87.0,87875.0,101,2022-04-25 00:00:00,2022-04-25 23:59:59,RU000A102DB2
89.49,89.32,89.49,89.32,2681.3,3,2022-04-26 00:00:00,2022-04-26 23:59:59,RU000A102DB2
89.1,89.32,89.32,89.1,499960.0,560,2022-04-27 00:00:00,2022-04-27 23:59:59,RU000A102DB2
89.4,89.4,89.4,89.4,189528.0,212,2022-04-29 00:00:00,2022-04-29 23:59:59,RU000A102DB2
89.5,90.0,90.0,89.5,20685.0,23,2022-05-04 00:00:00,2022-05-04 23:59:59,RU000A102DB2
91.18,91.18,91.18,91.18,1823.6,2,2022-05-06 00:00:00,2022-05-06 23:59:59,RU000A102DB2
87.16,87.15,87.16,87.15,366902.8,421,2022-05-12 00:00:00,2022-05-12 23:59:59,RU000A102DB2
87.16,89.72,89.72,87.15,303618.6,347,2022-05-13 00:00:00,2022-05-13 23:59:59,RU000A102DB2
89.85,89.86,89.86,89.85,22463.8,25,2022-05-17 00:00:00,2022-05-17 23:59:59,RU000A102DB2
88.5,88.5,88.5,88.5,443385.0,501,2022-05-18 00:00:00,2022-05-18 23:59:59,RU000A102DB2
89.87,89.5,89.87,87.9,25841842.3,29029,2022-05-19 00:00:00,2022-05-19 23:59:59,RU000A102DB2
89.99,89.99,89.99,89.99,899.9,1,2022-05-20 00:00:00,2022-05-20 23:59:59,RU000A102DB2
91.99,90.2,91.99,89.93,23317120.1,25883,2022-05-23 00:00:00,2022-05-23 23:59:59,RU000A102DB2
90.11,90.1,90.11,90.1,893793.5,992,2022-05-24 00:00:00,2022-05-24 23:59:59,RU000A102DB2
89.51,90.49,90.49,89.51,2704.8,3,2022-05-25 00:00:00,2022-05-25 23:59:59,RU000A102DB2
92.0,92.0,92.0,92.0,14720.0,16,2022-05-27 00:00:00,2022-05-27 23:59:59,RU000A102DB2
90.03,90.98,90.98,90.0,39789.5,44,2022-06-01 00:00:00,2022-06-01 23:59:59,RU000A102DB2
91.0,91.75,93.0,91.0,4645502.5,5103,2022-06-03 00:00:00,2022-06-03 23:59:51,RU000A102DB2
93.08,94.91,94.91,93.0,9242828.5,9928,2022-06-06 00:00:00,2022-06-06 23:59:59,RU000A102DB2
92.0,93.0,93.0,92.0,1757500.0,1900,2022-06-09 00:00:00,2022-06-09 23:59:59,RU000A102DB2
95.35,95.35,95.35,95.35,953.5,1,2022-06-10 00:00:00,2022-06-10 23:59:59,RU000A102DB2
93.0,93.0,93.0,93.0,955110.0,1027,2022-06-15 00:00:00,2022-06-15 23:59:59,RU000A102DB2
95.35,95.35,95.35,95.35,1907.0,2,2022-06-16 00:00:00,2022-06-16 23:59:59,RU000A102DB2
93.0,93.25,93.25,93.0,1862500.0,2000,2022-06-17 00:00:00,2022-06-17 23:59:59,RU000A102DB2
93.0,94.49,94.49,93.0,4709.6,5,2022-06-21 00:00:00,2022-06-21 23:59:59,RU000A102DB2
95.52,95.52,95.52,95.52,955.2,1,2022-06-23 00:00:00,2022-06-23 23:59:59,RU000A102DB2
85.01,94.49,94.49,85.01,1795.0,2,2022-06-24 00:00:00,2022-06-24 23:59:59,RU000A102DB2
93.5,93.5,93.5,93.5,1870000.0,2000,2022-06-30 00:00:00,2022-06-30 23:59:59,RU000A102DB2
90.68,90.67,90.68,90.67,3626.9,4,2022-07-01 00:00:00,2022-07-01 23:59:59,RU000A102DB2
94.63,94.64,94.64,94.63,36909.3,39,2022-07-04 00:00:00,2022-07-04 23:59:59,RU000A102DB2
91.01,94.64,94.64,91.01,4586.8,5,2022-07-05 00:00:00,2022-07-05 23:59:59,RU000A102DB2
94.59,94.59,94.59,94.59,945.9,1,2022-07-07 00:00:00,2022-07-07 23:59:59,RU000A102DB2
90.67,90.67,90.67,90.67,906.7,1,2022-07-11 00:00:00,2022-07-11 23:59:59,RU000A102DB2
94.65,94.66,94.66,94.65,47329.7,50,2022-07-12 00:00:00,2022-07-12 23:59:59,RU000A102DB2
90.81,95.15,95.15,90.81,129988.2,137,2022-07-18 00:00:00,2022-07-18 23:59:59,RU000A102DB2
91.16,94.99,94.99,91.16,11169.0,12,2022-07-21 00:00:00,2022-07-21 23:59:59,RU000A102DB2
95.0,95.0,95.0,95.0,11299300.0,11894,2022-07-22 00:00:00,2022-07-22 23:59:59,RU000A102DB2
91.21,95.54,95.54,91.21,1867.5,2,2022-07-25 00:00:00,2022-07-25 23:59:59,RU000A102DB2
95.55,95.54,95.55,92.81,14167.7,15,2022-07-26 00:00:00,2022-07-26 23:59:59,RU000A102DB2
92.69,92.69,92.69,92.69,1853.8,2,2022-07-27 00:00:00,2022-07-27 23:59:59,RU000A102DB2
95.59,95.5,95.89,95.5,127980.6,134,2022-07-28 00:00:00,2022-07-28 23:59:59,RU000A102DB2
95.5,95.8,95.8,95.5,11589743.0,12098,2022-07-29 00:00:00,2022-07-29 23:59:59,RU000A102DB2
96.6,95.6,96.6,95.6,19130.0,20,2022-08-01 00:00:00,2022-08-01 23:59:59,RU000A102DB2
83.75,96.48,96.55,83.75,8048.8,9,2022-08-03 00:00:00,2022-08-03 23:59:59,RU000A102DB2
96.57,96.57,96.57,96.57,965.7,1,2022-08-04 00:00:00,2022-08-04 23:59:59,RU000A102DB2
95.0,96.59,96.59,95.0,39915.9,42,2022-08-08 00:00:00,2022-08-08 23:59:59,RU000A102DB2
90.66,96.59,96.59,90.66,4651.6,5,2022-08-11 00:00:00,2022-08-11 23:59:59,RU000A102DB2
96.57,96.57,96.57,96.57,965.7,1,2022-08-12 00:00:00,2022-08-12 23:59:59,RU000A102DB2
96.59,96.59,96.59,96.59,3863.6,4,2022-08-15 00:00:00,2022-08-15 23:59:59,RU000A102DB2
91.66,86.08,96.18,83.79,112275.0,133,2022-08-17 00:00:00,2022-08-17 23:59:59,RU000A102DB2
96.44,96.44,96.44,96.44,2893.2,3,2022-08-18 00:00:00,2022-08-18 23:59:59,RU000A102DB2
91.68,95.0,95.28,91.68,17663.7,19,2022-08-19 00:00:00,2022-08-19 23:59:59,RU000A102DB2
92.76,92.76,92.76,92.76,927.6,1,2022-08-22 00:00:00,2022-08-22 23:59:59,RU000A102DB2
96.0,96.07,96.07,96.0,9606956.6,10000,2022-08-23 00:00:00,2022-08-23 23:59:59,RU000A102DB2
91.88,91.88,91.88,91.88,8269.2,9,2022-08-25 00:00:00,2022-08-25 23:59:59,RU000A102DB2
96.09,96.1,96.1,96.09,14414.1,15,2022-08-26 00:00:00,2022-08-26 23:59:59,RU000A102DB2
96.37,96.37,96.37,96.37,963.7,1,2022-08-29 00:00:00,2022-08-29 23:59:59,RU000A102DB2
95.53,95.53,95.53,95.53,955.3,1,2022-08-30 00:00:00,2022-08-30 23:59:59,RU000A102DB2
95.49,95.49,95.49,95.49,954.9,1,2022-09-01 00:00:00,2022-09-01 23:59:59,RU000A102DB2
94.5,95.0,95.0,94.5,42725.0,45,2022-09-05 00:00:00,2022-09-05 23:59:59,RU000A102DB2
94.83,95.0,95.0,94.01,88154.9,93,2022-09-08 00:00:00,2022-09-08 23:59:59,RU000A102DB2
95.94,95.95,95.95,95.94,76759.0,80,2022-09-09 00:00:00,2022-09-09 23:59:59,RU000A102DB2
96.39,96.38,96.39,88.69,15344.9,16,2022-09-12 00:00:00,2022-09-12 23:59:59,RU000A102DB2
95.0,96.69,96.69,95.0,199669.0,210,2022-09-14 00:00:00,2022-09-14 23:59:59,RU000A102DB2
91.67,91.67,91.67,91.67,183340.0,200,2022-09-16 00:00:00,2022-09-16 23:59:59,RU000A102DB2
96.66,96.66,96.66,96.66,4833.0,5,2022-09-19 00:00:00,2022-09-19 23:59:59,RU000A102DB2
96.64,95.0,96.64,94.99,647896.8,682,2022-09-20 00:00:00,2022-09-20 23:59:59,RU000A102DB2
91.68,96.5,96.5,91.68,3763.6,4,2022-09-21 00:00:00,2022-09-21 23:59:59,RU000A102DB2
93.01,93.0,93.01,93.0,14880.4,16,2022-09-30 00:00:00,2022-09-30 23:59:59,RU000A102DB2
94.3,93.8,94.3,93.8,3767.0,4,2022-10-03 00:00:00,2022-10-03 23:59:59,RU000A102DB2
96.38,96.3,96.38,96.3,2890.6,3,2022-10-07 00:00:00,2022-10-07 23:59:59,RU000A102DB2
94.71,94.71,94.71,94.71,947.1,1,2022-10-10 00:00:00,2022-10-10 23:59:59,RU000A102DB2
94.86,94.94,94.94,94.86,10442.6,11,2022-10-14 00:00:00,2022-10-14 23:59:59,RU000A102DB2
83.77,94.99,94.99,83.77,15026.3,17,2022-10-17 00:00:00,2022-10-17 23:59:59,RU000A102DB2
95.12,95.15,95.15,94.8,2530356.4,2663,2022-10-18 00:00:00,2022-10-18 23:59:59,RU000A102DB2
94.46,95.15,95.15,94.46,19023.1,20,2022-10-19 00:00:00,2022-10-19 23:59:59,RU000A102DB2
90.17,95.65,95.65,90.17,9072.3,10,2022-10-24 00:00:00,2022-10-24 23:59:59,RU000A102DB2
96.21,96.27,96.5,96.21,334522.2,347,2022-10-25 00:00:00,2022-10-25 23:59:59,RU000A102DB2
96.0,96.0,96.0,96.0,108480.0,113,2022-10-27 00:00:00,2022-10-27 23:59:59,RU000A102DB2
96.0,96.28,96.28,91.28,2592924.7,2694,2022-10-28 00:00:00,2022-10-28 23:59:59,RU000A102DB2
96.2,96.2,96.2,96.2,1924000.0,2000,2022-10-31 00:00:00,2022-10-31 23:59:59,RU000A102DB2
98.0,98.0,98.0,98.0,980.0,1,2022-11-03 00:00:00,2022-11-03 23:59:59,RU000A102DB2
97.0,97.0,97.0,97.0,3880.0,4,2022-11-08 00:00:00,2022-11-08 23:59:59,RU000A102DB2
94.7,94.7,94.7,94.7,10417.0,11,2022-11-09 00:00:00,2022-11-09 23:59:59,RU000A102DB2
96.08,96.08,96.08,96.08,960.8,1,2022-11-10 00:00:00,2022-11-10 23:59:59,RU000A102DB2
96.97,96.97,99.66,96.97,59590.8,61,2022-11-17 00:00:00,2022-11-17 23:59:59,RU000A102DB2
93.01,94.88,99.65,93.0,590286.3,618,2022-11-21 00:00:00,2022-11-21 23:59:59,RU000A102DB2
95.5,96.58,96.58,95.5,33435.8,35,2022-11-22 00:00:00,2022-11-22 23:59:59,RU000A102DB2
96.5,96.5,96.5,96.5,965.0,1,2022-11-25 00:00:00,2022-11-25 23:59:59,RU000A102DB2
94.0,94.0,94.0,94.0,4700.0,5,2022-11-30 00:00:00,2022-11-30 23:59:59,RU000A102DB2
92.13,92.13,92.13,92.13,921.3,1,2022-12-01 00:00:00,2022-12-01 23:59:59,RU000A102DB2
96.6,96.6,96.6,96.6,2898.0,3,2022-12-02 00:00:00,2022-12-02 23:59:59,RU000A102DB2
94.28,96.5,96.5,94.28,226365.0,235,2022-12-05 00:00:00,2022-12-05 23:59:59,RU000A102DB2
96.89,96.89,96.89,96.89,968.9,1,2022-12-06 00:00:00,2022-12-06 23:59:59,RU000A102DB2
96.25,95.18,96.3,95.0,34794478.6,36168,2022-12-07 00:00:00,2022-12-07 23:59:59,RU000A102DB2
96.29,96.0,96.3,96.0,22884624.1,23765,2022-12-08 00:00:00,2022-12-08 23:59:59,RU000A102DB2
94.44,96.3,96.3,93.94,14286154.2,14836,2022-12-09 00:00:00,2022-12-09 23:59:59,RU000A102DB2
96.29,96.84,96.84,96.29,11643829.0,12091,2022-12-12 00:00:00,2022-12-12 23:59:59,RU000A102DB2
96.31,96.3,96.32,96.3,951446.4,988,2022-12-13 00:00:00,2022-12-13 23:59:59,RU000A102DB2
96.36,97.22,97.22,96.34,976997.7,1014,2022-12-15 00:00:00,2022-12-15 23:59:59,RU000A102DB2
97.12,97.28,97.28,93.07,475853.1,491,2022-12-16 00:00:00,2022-12-16 23:59:59,RU000A102DB2
97.27,97.27,97.27,97.27,559302.5,575,2022-12-19 00:00:00,2022-12-19 23:59:59,RU000A102DB2
95.05,96.88,96.88,94.89,1247512.7,1306,2022-12-22 00:00:00,2022-12-22 23:59:59,RU000A102DB2
96.49,96.9,96.9,96.31,10338473.7,10672,2022-12-23 00:00:00,2022-12-23 23:59:59,RU000A102DB2
92.03,96.9,96.9,92.03,16711.5,18,2022-12-26 00:00:00,2022-12-26 23:59:59,RU000A102DB2
96.8,96.8,96.8,96.5,665951.0,688,2022-12-28 00:00:00,2022-12-28 23:59:59,RU000A102DB2
96.27,96.75,96.75,96.27,10594.5,11,2022-12-29 00:00:00,2022-12-29 23:59:59,RU000A102DB2
96.5,96.5,96.5,96.5,6784915.0,7031,2022-12-30 00:00:00,2022-12-30 23:59:59,RU000A102DB2
97.29,97.29,97.29,97.29,9729.0,10,2023-01-09 00:00:00,2023-01-09 23:59:59,RU000A102DB2
96.27,96.99,96.99,96.24,780595.5,811,2023-01-10 00:00:00,2023-01-10 23:59:59,RU000A102DB2
97.22,97.23,97.23,97.22,565878.4,582,2023-01-12 00:00:00,2023-01-12 23:59:59,RU000A102DB2
97.23,97.23,97.23,97.23,4861.5,5,2023-01-18 00:00:00,2023-01-18 23:59:59,RU000A102DB2
97.35,96.85,97.35,96.6,9681122.5,9997,2023-01-24 00:00:00,2023-01-24 23:59:59,RU000A102DB2
96.9,96.9,96.9,96.9,375003.0,387,2023-01-25 00:00:00,2023-01-25 23:59:59,RU000A102DB2
96.57,96.9,96.9,96.57,2900.4,3,2023-01-27 00:00:00,2023-01-27 23:59:59,RU000A102DB2
96.26,96.9,96.9,96.0,1934955.4,2006,2023-01-31 00:00:00,2023-01-31 23:59:59,RU000A102DB2
97.34,97.4,97.4,97.34,146096.7,150,2023-02-01 00:00:00,2023-02-01 23:59:59,RU000A102DB2
96.11,97.19,97.19,96.11,10582.9,11,2023-02-02 00:00:00,2023-02-02 23:59:59,RU000A102DB2
97.19,97.19,97.19,97.19,1943.8,2,2023-02-03 00:00:00,2023-02-03 23:59:59,RU000A102DB2
90.88,97.3,97.3,90.87,1198696.8,1233,2023-02-06 00:00:00,2023-02-06 23:59:59,RU000A102DB2
96.1,97.27,97.27,95.9,24029.7,25,2023-02-07 00:00:00,2023-02-07 23:59:59,RU000A102DB2
97.19,97.19,97.19,97.19,97190.0,100,2023-02-08 00:00:00,2023-02-08 23:59:59,RU000A102DB2
93.97,97.25,97.25,93.97,1912.2,2,2023-02-10 00:00:00,2023-02-10 23:59:59,RU000A102DB2
96.2,97.0,97.2,96.2,49343018.0,50765,2023-02-13 00:00:00,2023-02-13 23:59:59,RU000A102DB2
97.0,97.0,97.0,97.0,12610.0,13,2023-02-14 00:00:00,2023-02-14 23:59:59,RU000A102DB2
97.18,97.19,97.19,97.18,9718.9,10,2023-02-15 00:00:00,2023-02-15 23:59:59,RU000A102DB2
97.0,97.0,97.0,97.0,4250540.0,4382,2023-02-16 00:00:00,2023-02-16 23:59:59,RU000A102DB2
96.8,96.6,96.8,96.6,17460656.0,18042,2023-02-17 00:00:00,2023-02-17 23:59:59,RU000A102DB2
96.8,96.8,96.8,96.8,72450928.0,74846,2023-02-20 00:00:00,2023-02-20 23:59:59,RU000A102DB2
96.8,96.85,96.85,96.8,13806180.0,14260,2023-02-21 00:00:00,2023-02-21 23:59:59,RU000A102DB2
98.79,96.8,98.8,96.18,9755.2,10,2023-02-24 00:00:00,2023-02-24 23:59:59,RU000A102DB2
96.79,96.95,96.95,96.79,25493719.7,26320,2023-02-27 00:00:00,2023-02-27 23:59:59,RU000A102DB2
96.95,96.7,96.95,96.52,4850398.7,5003,2023-02-28 00:00:00,2023-02-28 23:59:59,RU000A102DB2
96.95,97.0,97.0,96.95,9702908.4,10003,2023-03-01 00:00:00,2023-03-01 23:59:59,RU000A102DB2
97.05,97.05,97.05,97.0,29049763.5,29933,2023-03-02 00:00:00,2023-03-02 23:59:59,RU000A102DB2
97.04,97.05,97.05,97.04,47699042.8,49154,2023-03-03 00:00:00,2023-03-03 23:59:59,RU000A102DB2
97.06,97.05,97.06,97.05,23756869.7,24479,2023-03-06 00:00:00,2023-03-06 23:59:59,RU000A102DB2
97.01,97.01,97.01,97.01,19402000.0,20000,2023-03-07 00:00:00,2023-03-07 23:59:59,RU000A102DB2
97.0,96.9,97.0,96.49,24688108.7,25552,2023-03-09 00:00:00,2023-03-09 23:59:59,RU000A102DB2
96.9,97.0,97.0,96.9,2828512.0,2919,2023-03-10 00:00:00,2023-03-10 23:59:59,RU000A102DB2
96.95,97.0,97.0,96.95,9714542.0,10015,2023-03-13 00:00:00,2023-03-13 23:59:59,RU000A102DB2
97.0,97.0,97.0,91.01,42926585.5,44255,2023-03-14 00:00:00,2023-03-14 23:59:59,RU000A102DB2
91.72,96.95,97.25,91.72,5608476.6,5782,2023-03-15 00:00:00,2023-03-15 23:59:59,RU000A102DB2
96.99,97.0,97.0,96.99,8701869.8,8971,2023-03-16 00:00:00,2023-03-16 23:59:59,RU000A102DB2
97.0,97.0,97.0,97.0,15330850.0,15805,2023-03-17 00:00:00,2023-03-17 23:59:59,RU000A102DB2
96.98,96.98,96.98,96.98,969.8,1,2023-03-20 00:00:00,2023-03-20 23:59:59,RU000A102DB2
97.0,97.0,97.0,97.0,9919220.0,10226,2023-03-21 00:00:00,2023-03-21 23:59:59,RU000A102DB2
96.99,97.15,97.15,96.99,1865677.4,1922,2023-03-23 00:00:00,2023-03-23 23:59:59,RU000A102DB2
95.29,97.13,97.13,95.28,109643.6,113,2023-03-27 00:00:00,2023-03-27 23:59:59,RU000A102DB2
94.09,97.13,97.13,93.2,1169576.2,1222,2023-03-28 00:00:00,2023-03-28 23:59:59,RU000A102DB2
97.13,97.15,97.15,97.13,4463029.8,4594,2023-03-29 00:00:00,2023-03-29 23:59:59,RU000A102DB2
97.15,97.15,97.15,97.15,3886.0,4,2023-03-30 00:00:00,2023-03-30 23:59:59,RU000A102DB2
93.27,97.14,97.14,93.27,3769.5,4,2023-03-31 00:00:00,2023-03-31 23:59:59,RU000A102DB2
97.1,97.1,97.1,97.1,6797.0,7,2023-04-06 00:00:00,2023-04-06 23:59:59,RU000A102DB2
97.4,96.81,97.4,94.4,26877.5,28,2023-04-07 00:00:00,2023-04-07 23:59:59,RU000A102DB2
97.11,97.1,97.11,97.1,4619047.4,4757,2023-04-10 00:00:00,2023-04-10 23:59:59,RU000A102DB2
97.29,97.29,97.29,97.29,972.9,1,2023-04-11 00:00:00,2023-04-11 23:59:59,RU000A102DB2
97.38,97.4,97.4,97.38,97397.8,100,2023-04-24 00:00:00,2023-04-24 23:59:59,RU000A102DB2
97.0,97.44,97.44,97.0,2914.4,3,2023-04-25 00:00:00,2023-04-25 23:59:59,RU000A102DB2
94.73,97.39,97.39,94.73,21104.2,22,2023-04-27 00:00:00,2023-04-27 23:59:59,RU000A102DB2
97.3,97.4,97.4,97.3,302903.0,311,2023-05-02 00:00:00,2023-05-02 23:59:59,RU000A102DB2
98.5,98.48,98.5,95.21,404622.6,415,2023-05-08 00:00:00,2023-05-08 23:59:59,RU000A102DB2
95.42,97.88,97.88,95.42,1933.0,2,2023-05-15 00:00:00,2023-05-15 23:59:59,RU000A102DB2
97.75,97.7,97.75,97.7,67414.3,69,2023-05-17 00:00:00,2023-05-17 23:59:59,RU000A102DB2
97.77,97.77,97.77,97.77,514270.2,526,2023-05-18 00:00:00,2023-05-18 23:59:59,RU000A102DB2
104.99,97.75,104.99,97.75,48369.5,48,2023-05-19 00:00:00,2023-05-19 23:59:59,RU000A102DB2
97.74,97.74,97.74,94.88,78050.5,80,2023-05-22 00:00:00,2023-05-22 23:59:59,RU000A102DB2
93.9,97.74,97.74,93.89,2855.3,3,2023-05-23 00:00:00,2023-05-23 23:59:59,RU000A102DB2
97.69,97.69,97.69,97.69,3907.6,4,2023-05-24 00:00:00,2023-05-24 23:59:59,RU000A102DB2
94.05,97.59,97.59,94.05,3832.8,4,2023-05-25 00:00:00,2023-05-25 23:59:59,RU000A102DB2
97.5,97.5,97.5,97.5,19500.0,20,2023-05-29 00:00:00,2023-05-29 23:59:59,RU000A102DB2
95.02,97.8,97.97,95.02,192809.7,201,2023-05-30 00:00:00,2023-05-30 23:59:59,RU000A102DB2
96.71,97.83,97.83,96.71,1945.4,2,2023-06-02 00:00:00,2023-06-02 23:59:59,RU000A102DB2
97.84,97.84,97.84,97.84,978.4,1,2023-06-06 00:00:00,2023-06-06 23:59:59,RU000A102DB2
97.4,97.8,97.8,97.4,95456.0,98,2023-06-07 00:00:00,2023-06-07 23:59:59,RU000A102DB2
95.96,97.89,97.89,95.96,2898.1,3,2023-06-16 00:00:00,2023-06-16 23:59:59,RU000A102DB2
95.87,97.87,97.87,95.87,6830.8,7,2023-06-19 00:00:00,2023-06-19 23:59:59,RU000A102DB2
97.82,97.81,97.82,96.51,6808.0,7,2023-06-23 00:00:00,2023-06-23 23:59:59,RU000A102DB2
96.58,97.79,97.79,96.58,3875.3,4,2023-06-28 00:00:00,2023-06-28 23:59:59,RU000A102DB2
97.55,97.55,97.55,97.55,1951.0,2,2023-06-29 00:00:00,2023-06-29 23:59:59,RU000A102DB2
96.51,97.8,97.8,96.51,2908.2,3,2023-06-30 00:00:00,2023-06-30 23:59:59,RU000A102DB2
96.65,97.81,97.81,96.65,5856.9,6,2023-07-03 00:00:00,2023-07-03 23:59:59,RU000A102DB2
97.51,97.82,97.82,97.51,10729.2,11,2023-07-07 00:00:00,2023-07-07 23:59:59,RU000A102DB2
97.69,97.75,97.75,97.2,19695311.1,20159,2023-07-11 00:00:00,2023-07-11 23:59:59,RU000A102DB2
96.53,97.78,97.78,96.53,5804.3,6,2023-07-12 00:00:00,2023-07-12 23:59:59,RU000A102DB2
97.6,97.8,97.8,97.6,39044.0,40,2023-07-13 00:00:00,2023-07-13 23:59:59,RU000A102DB2
97.6,97.7,97.7,97.6,1766562.0,1810,2023-07-18 00:00:00,2023-07-18 23:59:59,RU000A102DB2
97.5,97.79,97.79,97.5,5313227.9,5449,2023-07-19 00:00:00,2023-07-19 23:59:59,RU000A102DB2
97.79,97.79,97.79,97.79,10756.9,11,2023-07-21 00:00:00,2023-07-21 23:59:59,RU000A102DB2
95.76,97.74,97.74,95.74,24017.3,25,2023-07-25 00:00:00,2023-07-25 23:59:59,RU000A102DB2
97.74,97.74,97.74,97.74,977.4,1,2023-07-27 00:00:00,2023-07-27 23:59:59,RU000A102DB2
97.74,97.74,97.74,97.74,5864.4,6,2023-07-28 00:00:00,2023-07-28 23:59:59,RU000A102DB2
97.75,97.75,97.75,97.5,150160.0,154,2023-07-31 00:00:00,2023-07-31 23:59:59,RU000A102DB2
97.5,97.75,97.75,97.5,98477.5,101,2023-08-01 00:00:00,2023-08-01 23:59:59,RU000A102DB2
97.0,97.71,97.71,97.0,10736789.6,11065,2023-08-04 00:00:00,2023-08-04 23:59:59,RU000A102DB2
97.2,97.69,97.69,97.2,1948.9,2,2023-08-07 00:00:00,2023-08-07 23:59:59,RU000A102DB2
97.68,97.68,97.68,97.68,3907.2,4,2023-08-08 00:00:00,2023-08-08 23:59:59,RU000A102DB2
97.49,97.5,97.5,97.3,18490.9,19,2023-08-10 00:00:00,2023-08-10 23:59:59,RU000A102DB2
97.5,97.31,97.79,97.31,37060724.6,38011,2023-08-11 00:00:00,2023-08-11 23:59:59,RU000A102DB2
97.78,97.59,97.78,97.58,11760577.4,12051,2023-08-14 00:00:00,2023-08-14 23:59:59,RU000A102DB2
94.77,96.49,97.39,94.77,20013.9,21,2023-08-15 00:00:00,2023-08-15 23:59:59,RU000A102DB2
96.48,96.49,96.49,96.48,192015.0,199,2023-08-16 00:00:00,2023-08-16 23:59:59,RU000A102DB2
97.19,97.2,97.2,96.02,11651.2,12,2023-08-17 00:00:00,2023-08-17 23:59:59,RU000A102DB2
96.0,96.44,97.0,96.0,130226.1,135,2023-08-18 00:00:00,2023-08-18 23:59:59,RU000A102DB2
97.58,97.28,97.6,97.28,489936.6,502,2023-08-21 00:00:00,2023-08-21 23:59:59,RU000A102DB2
96.79,96.79,96.79,96.79,1935.8,2,2023-08-29 00:00:00,2023-08-29 23:59:59,RU000A102DB2
96.54,96.54,96.54,96.54,965.4,1,2023-08-30 00:00:00,2023-08-30 23:59:59,RU000A102DB2
96.69,97.69,97.69,96.69,1943.8,2,2023-08-31 00:00:00,2023-08-31 23:59:59,RU000A102DB2
96.69,96.69,96.69,96.69,966.9,1,2023-09-01 00:00:00,2023-09-01 23:59:59,RU000A102DB2
96.41,96.78,96.78,96.41,6752.4,7,2023-09-04 00:00:00,2023-09-04 23:59:59,RU000A102DB2
96.29,96.29,96.29,96.29,962.9,1,2023-09-11 00:00:00,2023-09-11 23:59:59,RU000A102DB2
96.49,96.5,96.5,96.49,9649.1,10,2023-09-14 00:00:00,2023-09-14 23:59:59,RU000A102DB2
96.51,96.51,96.51,96.51,53080.5,55,2023-09-18 00:00:00,2023-09-18 23:59:59,RU000A102DB2
96.24,96.1,96.24,95.8,18986645.3,19819,2023-09-19 00:00:00,2023-09-19 23:59:59,RU000A102DB2
95.85,96.48,96.48,95.85,2142253.8,2235,2023-09-20 00:00:00,2023-09-20 23:59:59,RU000A102DB2
95.99,95.99,95.99,95.99,3839.6,4,2023-09-21 00:00:00,2023-09-21 23:59:59,RU000A102DB2
96.04,95.7,96.04,95.7,765634.0,800,2023-09-25 00:00:00,2023-09-25 23:59:59,RU000A102DB2
100.1,100.33,100.48,100.1,3462988.6,3452,2020-12-11 00:00:00,2020-12-11 23:59:59,RU000A102GJ8
100.23,100.19,100.25,100.19,12762760.6,12732,2020-12-14 00:00:00,2020-12-14 23:59:59,RU000A102GJ8
100.17,100.29,100.29,100.17,100262.2,100,2020-12-15 00:00:00,2020-12-15 23:59:59,RU000A102GJ8
100.22,100.21,100.23,100.21,301663.1,301,2020-12-16 00:00:00,2020-12-16 23:59:59,RU000A102GJ8
100.17,100.17,100.17,100.17,1001.7,1,2020-12-17 00:00:00,2020-12-17 23:59:59,RU000A102GJ8
100.15,100.1,100.15,100.1,252377.0,252,2020-12-18 00:00:00,2020-12-18 23:59:59,RU000A102GJ8
100.24,100.1,100.24,100.1,3064800.2,3059,2020-12-21 00:00:00,2020-12-21 23:59:59,RU000A102GJ8
100.1,100.0,100.1,100.0,3917813.0,3917,2020-12-22 00:00:00,2020-12-22 23:59:59,RU000A102GJ8
100.05,100.05,100.05,100.05,1249624.5,1249,2020-12-23 00:00:00,2020-12-23 23:59:59,RU000A102GJ8
100.09,100.09,100.09,100.0,218187.2,218,2020-12-24 00:00:00,2020-12-24 23:59:59,RU000A102GJ8
100.05,100.05,100.05,100.05,500250.0,500,2020-12-25 00:00:00,2020-12-25 23:59:59,RU000A102GJ8
100.1,100.1,100.1,100.05,9137653.5,9129,2020-12-28 00:00:00,2020-12-28 23:59:59,RU000A102GJ8
100.12,100.12,100.12,100.0,24505776.0,24480,2020-12-29 00:00:00,2020-12-29 23:59:59,RU000A102GJ8
100.2,100.15,100.2,100.04,34451277.5,34433,2020-12-30 00:00:00,2020-12-30 23:59:59,RU000A102GJ8
100.0,100.0,100.0,100.0,1000.0,1,2021-01-04 00:00:00,2021-01-04 23:59:59,RU000A102GJ8
100.69,100.69,100.69,100.69,5034.5,5,2021-01-06 00:00:00,2021-01-06 23:59:59,RU000A102GJ8
100.06,100.14,100.14,100.06,2713560.2,2711,2021-01-11 00:00:00,2021-01-11 23:59:59,RU000A102GJ8
100.09,100.05,100.1,100.05,19566485.4,19550,2021-01-12 00:00:00,2021-01-12 23:59:59,RU000A102GJ8
100.05,100.0,100.05,100.0,6269362.1,6269,2021-01-13 00:00:00,2021-01-13 23:59:59,RU000A102GJ8
100.0,100.03,100.04,100.0,68556166.6,68556,2021-01-14 00:00:00,2021-01-14 23:59:59,RU000A102GJ8
100.05,99.9,100.05,99.9,3921990.5,3922,2021-01-15 00:00:00,2021-01-15 23:59:59,RU000A102GJ8
99.97,99.99,99.99,99.97,51984.8,52,2021-01-18 00:00:00,2021-01-18 23:59:59,RU000A102GJ8
99.91,99.95,99.95,99.9,11103958.5,11110,2021-01-19 00:00:00,2021-01-19 23:59:59,RU000A102GJ8
99.85,99.95,99.95,99.85,1504246.5,1505,2021-01-20 00:00:00,2021-01-20 23:59:59,RU000A102GJ8
99.85,99.95,99.95,99.75,9013414.0,9024,2021-01-21 00:00:00,2021-01-21 23:59:59,RU000A102GJ8
99.94,99.9,99.94,99.85,168832.0,169,2021-01-26 00:00:00,2021-01-26 23:59:59,RU000A102GJ8
99.75,99.9,99.9,99.75,70948547.0,71119,2021-01-27 00:00:00,2021-01-27 23:59:59,RU000A102GJ8
99.89,99.89,99.89,99.65,285948015.8,286951,2021-01-28 00:00:00,2021-01-28 23:59:59,RU000A102GJ8
98.97,100.1,100.1,98.97,4775865.3,4773,2021-01-29 00:00:00,2021-01-29 23:59:59,RU000A102GJ8
99.75,99.8,99.8,99.75,30089699.0,30150,2021-02-01 00:00:00,2021-02-01 23:59:59,RU000A102GJ8
99.85,100.0,100.0,99.85,2651998.5,2652,2021-02-04 00:00:00,2021-02-04 23:59:59,RU000A102GJ8
99.8,99.8,99.8,99.8,99800.0,100,2021-02-05 00:00:00,2021-02-05 23:59:59,RU000A102GJ8
100.14,100.14,100.14,100.14,1001.4,1,2021-02-08 00:00:00,2021-02-08 23:59:59,RU000A102GJ8
99.8,99.8,99.8,99.8,2994.0,3,2021-02-09 00:00:00,2021-02-09 23:59:59,RU000A102GJ8
99.25,99.8,99.8,99.25,318230.0,320,2021-02-12 00:00:00,2021-02-12 23:59:59,RU000A102GJ8
100.0,99.8,100.0,99.8,62357635.5,62403,2021-02-15 00:00:00,2021-02-15 23:59:59,RU000A102GJ8
99.05,99.75,99.75,99.05,451740.0,456,2021-02-17 00:00:00,2021-02-17 23:59:59,RU000A102GJ8
99.1,99.74,99.74,99.05,104037.5,105,2021-02-18 00:00:00,2021-02-18 23:59:59,RU000A102GJ8
99.1,99.1,99.1,99.1,4955.0,5,2021-02-22 00:00:00,2021-02-22 23:59:59,RU000A102GJ8
99.1,99.1,99.1,99.1,99100.0,100,2021-02-24 00:00:00,2021-02-24 23:59:59,RU000A102GJ8
99.6,99.1,99.6,99.1,13894.0,14,2021-02-25 00:00:00,2021-02-25 23:59:59,RU000A102GJ8
99.1,99.1,99.1,99.1,991.0,1,2021-02-26 00:00:00,2021-02-26 23:59:59,RU000A102GJ8
99.4,99.4,99.4,99.4,994.0,1,2021-03-01 00:00:00,2021-03-01 23:59:59,RU000A102GJ8
99.1,99.05,99.1,99.05,149566.5,151,2021-03-02 00:00:00,2021-03-02 23:59:59,RU000A102GJ8
99.1,99.05,99.1,99.05,4953.0,5,2021-03-03 00:00:00,2021-03-03 23:59:59,RU000A102GJ8
99.65,99.65,99.65,99.65,4982.5,5,2021-03-04 00:00:00,2021-03-04 23:59:59,RU000A102GJ8
99.1,99.1,99.1,99.1,94145.0,95,2021-03-05 00:00:00,2021-03-05 23:59:59,RU000A102GJ8
99.1,99.0,99.1,99.0,1980357.0,2000,2021-03-11 00:00:00,2021-03-11 23:59:59,RU000A102GJ8
99.59,99.59,99.59,99.59,90626.9,91,2021-03-12 00:00:00,2021-03-12 23:59:59,RU000A102GJ8
99.0,99.0,99.0,99.0,990.0,1,2021-03-15 00:00:00,2021-03-15 23:59:59,RU000A102GJ8
99.0,99.0,99.01,99.0,2971980.2,3002,2021-03-16 00:00:00,2021-03-16 23:59:59,RU000A102GJ8
98.7,99.79,99.79,98.7,555822.7,563,2021-03-17 00:00:00,2021-03-17 23:59:59,RU000A102GJ8
98.7,98.7,98.7,98.7,2073687.0,2101,2021-03-18 00:00:00,2021-03-18 23:59:59,RU000A102GJ8
99.75,99.75,99.75,99.75,997.5,1,2021-03-22 00:00:00,2021-03-22 23:59:59,RU000A102GJ8
98.5,98.5,98.5,98.5,298455.0,303,2021-03-26 00:00:00,2021-03-26 23:59:59,RU000A102GJ8
99.49,99.49,99.49,99.49,497450.0,500,2021-03-30 00:00:00,2021-03-30 23:59:59,RU000A102GJ8
98.3,98.3,98.3,98.3,209379.0,213,2021-04-05 00:00:00,2021-04-05 23:59:59,RU000A102GJ8
98.2,98.2,98.2,98.2,1964000.0,2000,2021-04-06 00:00:00,2021-04-06 23:59:59,RU000A102GJ8
99.4,97.6,99.4,97.0,10952912.5,11253,2021-04-12 00:00:00,2021-04-12 23:59:59,RU000A102GJ8
98.4,98.4,98.4,98.4,32472.0,33,2021-04-13 00:00:00,2021-04-13 23:59:59,RU000A102GJ8
96.1,98.0,98.0,96.1,58175.0,60,2021-04-19 00:00:00,2021-04-19 23:59:59,RU000A102GJ8
97.6,97.07,97.6,97.07,100517.4,103,2021-04-22 00:00:00,2021-04-22 23:59:59,RU000A102GJ8
98.15,98.15,98.15,98.15,4907.5,5,2021-04-23 00:00:00,2021-04-23 23:59:59,RU000A102GJ8
97.65,97.99,97.99,97.65,819300.5,839,2021-04-26 00:00:00,2021-04-26 23:59:59,RU000A102GJ8
97.05,97.98,97.98,97.05,15537.3,16,2021-04-27 00:00:00,2021-04-27 23:59:59,RU000A102GJ8
97.05,97.05,97.05,97.05,242625.0,250,2021-04-28 00:00:00,2021-04-28 23:59:59,RU000A102GJ8
97.88,97.88,97.88,97.88,97880.0,100,2021-04-29 00:00:00,2021-04-29 23:59:59,RU000A102GJ8
97.9,97.55,98.5,97.55,4584814.7,4665,2021-04-30 00:00:00,2021-04-30 23:59:59,RU000A102GJ8
98.99,98.99,98.99,98.99,9899.0,10,2021-05-04 00:00:00,2021-05-04 23:59:59,RU000A102GJ8
97.55,97.55,97.55,97.55,99501.0,102,2021-05-05 00:00:00,2021-05-05 23:59:59,RU000A102GJ8
97.55,97.55,97.55,97.55,170712.5,175,2021-05-06 00:00:00,2021-05-06 23:59:59,RU000A102GJ8
97.55,98.99,98.99,97.55,34214.5,35,2021-05-07 00:00:00,2021-05-07 23:59:59,RU000A102GJ8
98.5,98.5,98.5,98.5,1970.0,2,2021-05-13 00:00:00,2021-05-13 23:59:59,RU000A102GJ8
98.4,98.4,98.4,98.4,984000.0,1000,2021-05-14 00:00:00,2021-05-14 23:59:59,RU000A102GJ8
98.4,98.35,98.4,98.35,23605.0,24,2021-05-17 00:00:00,2021-05-17 23:59:59,RU000A102GJ8
98.35,98.35,98.35,98.35,983.5,1,2021-05-18 00:00:00,2021-05-18 23:59:59,RU000A102GJ8
98.35,98.35,98.35,98.35,1967.0,2,2021-05-19 00:00:00,2021-05-19 23:59:59,RU000A102GJ8
98.0,98.0,98.0,98.0,2940.0,3,2021-05-26 00:00:00,2021-05-26 23:59:59,RU000A102GJ8
97.56,97.56,97.57,97.56,457558.4,469,2021-05-27 00:00:00,2021-05-27 23:59:59,RU000A102GJ8
98.98,98.98,98.98,98.98,989.8,1,2021-05-28 00:00:00,2021-05-28 23:59:59,RU000A102GJ8
98.4,98.4,98.4,98.4,984.0,1,2021-06-02 00:00:00,2021-06-02 23:59:59,RU000A102GJ8
97.57,98.39,98.39,97.57,102489.5,105,2021-06-04 00:00:00,2021-06-04 23:59:59,RU000A102GJ8
98.38,98.38,98.38,98.38,4919.0,5,2021-06-07 00:00:00,2021-06-07 23:59:59,RU000A102GJ8
97.56,97.55,97.56,97.55,3064049.6,3141,2021-06-10 00:00:00,2021-06-10 23:59:59,RU000A102GJ8
97.0,97.0,97.1,97.0,253172.0,261,2021-06-11 00:00:00,2021-06-11 23:59:59,RU000A102GJ8
98.0,98.0,98.0,98.0,980.0,1,2021-06-14 00:00:00,2021-06-14 23:59:59,RU000A102GJ8
97.01,97.99,97.99,97.01,972059.8,1002,2021-06-15 00:00:00,2021-06-15 23:59:59,RU000A102GJ8
96.6,96.6,97.5,96.6,1159477.0,1197,2021-06-16 00:00:00,2021-06-16 23:59:59,RU000A102GJ8
98.9,97.5,98.9,97.5,1964.0,2,2021-06-17 00:00:00,2021-06-17 23:59:59,RU000A102GJ8
96.6,96.6,96.6,96.6,1932.0,2,2021-06-18 00:00:00,2021-06-18 23:59:59,RU000A102GJ8
97.3,97.0,97.3,97.0,2037003.0,2100,2021-06-21 00:00:00,2021-06-21 23:59:59,RU000A102GJ8
97.0,97.0,97.0,97.0,2910.0,3,2021-06-22 00:00:00,2021-06-22 23:59:59,RU000A102GJ8
97.0,97.0,97.0,97.0,1940.0,2,2021-06-23 00:00:00,2021-06-23 23:59:59,RU000A102GJ8
96.8,96.8,96.8,96.8,8228000.0,8500,2021-06-24 00:00:00,2021-06-24 23:59:59,RU000A102GJ8
97.0,97.0,97.0,97.0,1940000.0,2000,2021-06-25 00:00:00,2021-06-25 23:59:59,RU000A102GJ8
97.0,97.0,97.0,97.0,1792560.0,1848,2021-06-28 00:00:00,2021-06-28 23:59:59,RU000A102GJ8
97.0,97.0,97.0,97.0,29100.0,30,2021-06-29 00:00:00,2021-06-29 23:59:59,RU000A102GJ8
97.0,97.99,97.99,97.0,1690973.7,1740,2021-06-30 00:00:00,2021-06-30 23:59:59,RU000A102GJ8
97.0,97.0,97.0,97.0,108640.0,112,2021-07-05 00:00:00,2021-07-05 23:59:59,RU000A102GJ8
96.8,97.5,97.5,96.8,560134.0,578,2021-07-06 00:00:00,2021-07-06 23:59:59,RU000A102GJ8
96.8,96.8,96.8,96.8,968.0,1,2021-07-15 00:00:00,2021-07-15 23:59:59,RU000A102GJ8
96.9,96.9,96.9,96.9,969.0,1,2021-07-20 00:00:00,2021-07-20 23:59:59,RU000A102GJ8
96.9,96.9,96.9,96.9,969.0,1,2021-07-23 00:00:00,2021-07-23 23:59:59,RU000A102GJ8
96.9,96.9,96.9,96.9,3245181.0,3349,2021-07-26 00:00:00,2021-07-26 23:59:59,RU000A102GJ8
96.52,96.85,97.0,96.5,68736945.1,70974,2021-07-28 00:00:00,2021-07-28 23:59:59,RU000A102GJ8
96.85,96.85,96.85,96.85,243214562.5,251125,2021-07-29 00:00:00,2021-07-29 23:59:59,RU000A102GJ8
97.0,97.0,97.0,97.0,9700.0,10,2021-08-02 00:00:00,2021-08-02 23:59:59,RU000A102GJ8
96.9,96.9,96.9,96.9,537795.0,555,2021-08-03 00:00:00,2021-08-03 23:59:59,RU000A102GJ8
96.85,96.85,96.85,96.85,10653.5,11,2021-08-05 00:00:00,2021-08-05 23:59:59,RU000A102GJ8
96.85,96.85,96.85,96.85,7748.0,8,2021-08-06 00:00:00,2021-08-06 23:59:59,RU000A102GJ8
96.0,96.85,96.85,96.0,85185.5,88,2021-08-09 00:00:00,2021-08-09 23:59:59,RU000A102GJ8
96.85,96.85,96.85,96.85,503620.0,520,2021-08-10 00:00:00,2021-08-10 23:59:59,RU000A102GJ8
96.84,96.85,96.85,96.84,29054.8,30,2021-08-13 00:00:00,2021-08-13 23:59:59,RU000A102GJ8
96.84,97.0,97.0,96.84,87179999.5,90000,2021-08-16 00:00:00,2021-08-16 23:59:59,RU000A102GJ8
97.0,97.0,97.0,97.0,48500.0,50,2021-08-23 00:00:00,2021-08-23 23:59:59,RU000A102GJ8
96.9,96.9,96.9,96.9,1938.0,2,2021-08-26 00:00:00,2021-08-26 23:59:59,RU000A102GJ8
96.56,96.8,96.8,96.56,1113936.0,1152,2021-08-27 00:00:00,2021-08-27 23:59:59,RU000A102GJ8
96.6,96.9,96.9,96.5,21276.0,22,2021-08-30 00:00:00,2021-08-30 23:59:59,RU000A102GJ8
96.05,96.8,96.8,96.05,8695.8,9,2021-08-31 00:00:00,2021-08-31 23:59:59,RU000A102GJ8
97.0,97.0,97.0,97.0,14472400.0,14920,2021-09-01 00:00:00,2021-09-01 23:59:59,RU000A102GJ8
96.61,96.8,96.8,96.6,24180.1,25,2021-09-06 00:00:00,2021-09-06 23:59:59,RU000A102GJ8
96.6,96.75,96.75,96.6,321207.0,332,2021-09-07 00:00:00,2021-09-07 23:59:59,RU000A102GJ8
96.6,96.6,96.6,96.6,96600.0,100,2021-09-08 00:00:00,2021-09-08 23:59:59,RU000A102GJ8
96.52,96.52,96.52,96.52,9652.0,10,2021-09-13 00:00:00,2021-09-13 23:59:59,RU000A102GJ8
96.7,96.7,96.7,96.7,48350.0,50,2021-09-14 00:00:00,2021-09-14 23:59:59,RU000A102GJ8
96.26,96.75,96.75,96.26,48854783.0,50500,2021-09-15 00:00:00,2021-09-15 23:59:59,RU000A102GJ8
96.5,96.5,96.5,96.5,2895.0,3,2021-09-16 00:00:00,2021-09-16 23:59:59,RU000A102GJ8
96.5,96.5,96.5,96.5,2335300.0,2420,2021-09-17 00:00:00,2021-09-17 23:59:59,RU000A102GJ8
96.11,96.11,96.11,96.11,1922.2,2,2021-09-20 00:00:00,2021-09-20 23:59:59,RU000A102GJ8
96.5,96.5,96.5,96.5,26055.0,27,2021-09-21 00:00:00,2021-09-21 23:59:59,RU000A102GJ8
96.12,96.12,96.12,96.12,3844.8,4,2021-09-22 00:00:00,2021-09-22 23:59:59,RU000A102GJ8
96.11,96.11,96.11,96.11,961.1,1,2021-09-23 00:00:00,2021-09-23 23:59:59,RU000A102GJ8
96.12,96.57,96.57,96.12,20275.2,21,2021-09-24 00:00:00,2021-09-24 23:59:59,RU000A102GJ8
96.57,96.57,96.57,96.57,391108.5,405,2021-09-28 00:00:00,2021-09-28 23:59:59,RU000A102GJ8
96.4,96.25,96.4,96.25,14455.5,15,2021-10-01 00:00:00,2021-10-01 23:59:59,RU000A102GJ8
96.2,96.2,96.2,96.2,962.0,1,2021-10-04 00:00:00,2021-10-04 23:59:59,RU000A102GJ8
96.11,96.1,96.11,96.1,3844.1,4,2021-10-05 00:00:00,2021-10-05 23:59:59,RU000A102GJ8
96.0,96.0,96.0,96.0,2880.0,3,2021-10-08 00:00:00,2021-10-08 23:59:59,RU000A102GJ8
95.77,95.5,95.77,95.5,71802413.0,75060,2021-10-11 00:00:00,2021-10-11 23:59:59,RU000A102GJ8
95.65,95.65,95.66,95.65,1618401.4,1692,2021-10-12 00:00:00,2021-10-12 23:59:59,RU000A102GJ8
95.5,95.74,95.74,95.3,2891987.2,3034,2021-10-13 00:00:00,2021-10-13 23:59:59,RU000A102GJ8
95.11,95.65,95.69,95.11,416358.1,436,2021-10-14 00:00:00,2021-10-14 23:59:59,RU000A102GJ8
95.65,96.0,96.0,95.64,1202670.2,1257,2021-10-15 00:00:00,2021-10-15 23:59:59,RU000A102GJ8
95.1,95.31,95.98,95.1,32604.3,34,2021-10-19 00:00:00,2021-10-19 23:59:59,RU000A102GJ8
95.5,95.65,95.65,95.5,193142.5,202,2021-10-20 00:00:00,2021-10-20 23:59:59,RU000A102GJ8
95.69,95.69,95.69,95.69,956.9,1,2021-10-21 00:00:00,2021-10-21 23:59:59,RU000A102GJ8
95.85,95.2,95.85,95.2,245529.9,257,2021-10-22 00:00:00,2021-10-22 23:59:59,RU000A102GJ8
95.83,94.9,95.83,94.9,101524.0,106,2021-10-25 00:00:00,2021-10-25 23:59:59,RU000A102GJ8
95.0,95.0,95.0,95.0,47500.0,50,2021-10-26 00:00:00,2021-10-26 23:59:59,RU000A102GJ8
94.76,94.75,94.76,94.75,4737.7,5,2021-10-29 00:00:00,2021-10-29 23:59:59,RU000A102GJ8
94.51,94.5,94.51,94.0,90706.0,96,2021-11-01 00:00:00,2021-11-01 23:59:59,RU000A102GJ8
94.5,94.25,94.5,93.61,1939417.7,2071,2021-11-02 00:00:00,2021-11-02 23:59:59,RU000A102GJ8
94.43,94.43,94.43,94.43,944.3,1,2021-11-05 00:00:00,2021-11-05 23:59:59,RU000A102GJ8
94.43,94.35,94.43,93.53,132969085.7,140932,2021-11-09 00:00:00,2021-11-09 23:59:59,RU000A102GJ8
94.43,94.3,94.43,94.3,221897.5,235,2021-11-10 00:00:00,2021-11-10 23:59:59,RU000A102GJ8
94.43,94.6,94.7,94.43,1644070.3,1741,2021-11-11 00:00:00,2021-11-11 23:59:59,RU000A102GJ8
94.35,94.5,94.5,93.41,3569006.8,3777,2021-11-12 00:00:00,2021-11-12 23:59:59,RU000A102GJ8
94.58,94.6,94.6,94.58,567539.4,600,2021-11-17 00:00:00,2021-11-17 23:59:59,RU000A102GJ8
93.42,94.49,94.49,93.42,37421.5,40,2021-11-22 00:00:00,2021-11-22 23:59:59,RU000A102GJ8
93.02,93.02,93.02,93.02,2790.6,3,2021-11-25 00:00:00,2021-11-25 23:59:59,RU000A102GJ8
94.0,93.25,94.0,93.25,82697.5,88,2021-11-26 00:00:00,2021-11-26 23:59:59,RU000A102GJ8
94.09,94.09,94.09,94.09,188180.0,200,2021-11-29 00:00:00,2021-11-29 23:59:59,RU000A102GJ8
94.09,94.09,94.09,94.09,94090.0,100,2021-12-01 00:00:00,2021-12-01 23:59:59,RU000A102GJ8
93.01,93.01,93.01,93.01,369249.7,397,2021-12-02 00:00:00,2021-12-02 23:59:59,RU000A102GJ8
94.0,94.09,94.09,94.0,602993.7,641,2021-12-03 00:00:00,2021-12-03 23:59:59,RU000A102GJ8
94.0,94.09,94.09,94.0,2787631.0,2965,2021-12-06 00:00:00,2021-12-06 23:59:59,RU000A102GJ8
94.0,94.0,94.0,94.0,100580.0,107,2021-12-07 00:00:00,2021-12-07 23:59:59,RU000A102GJ8
93.76,93.75,93.76,93.75,44183747.7,47129,2021-12-08 00:00:00,2021-12-08 23:59:59,RU000A102GJ8
94.0,93.55,94.0,93.55,4494160.0,4804,2021-12-09 00:00:00,2021-12-09 23:59:59,RU000A102GJ8
94.09,93.55,94.09,93.55,4346444.4,4646,2021-12-10 00:00:00,2021-12-10 23:59:59,RU000A102GJ8
93.5,94.09,94.09,93.5,48914.8,52,2021-12-13 00:00:00,2021-12-13 23:59:59,RU000A102GJ8
92.5,94.0,94.0,92.5,7348066.5,7931,2021-12-14 00:00:00,2021-12-14 23:59:59,RU000A102GJ8
90.61,94.09,94.52,90.61,3186712.5,3386,2021-12-16 00:00:00,2021-12-16 23:59:59,RU000A102GJ8
93.92,93.86,93.92,93.86,183057.3,195,2021-12-17 00:00:00,2021-12-17 23:59:59,RU000A102GJ8
94.0,94.0,94.0,94.0,374120.0,398,2021-12-20 00:00:00,2021-12-20 23:59:59,RU000A102GJ8
94.1,94.25,94.25,94.05,5882776.5,6249,2021-12-21 00:00:00,2021-12-21 23:59:59,RU000A102GJ8
94.25,94.25,94.25,94.07,59399804.5,63027,2021-12-22 00:00:00,2021-12-22 23:59:59,RU000A102GJ8
92.92,94.29,94.29,92.92,3239565.7,3436,2021-12-23 00:00:00,2021-12-23 23:59:59,RU000A102GJ8
94.5,94.5,94.5,94.5,3782835.0,4003,2021-12-24 00:00:00,2021-12-24 23:59:59,RU000A102GJ8
94.5,94.5,94.5,94.5,50034915.0,52947,2021-12-27 00:00:00,2021-12-27 23:59:59,RU000A102GJ8
94.5,94.5,94.5,93.57,10427036.0,11034,2021-12-28 00:00:00,2021-12-28 23:59:59,RU000A102GJ8
94.78,93.82,94.8,93.82,1545988.5,1631,2021-12-29 00:00:00,2021-12-29 23:59:59,RU000A102GJ8
95.99,94.01,96.0,94.01,5450863.1,5735,2021-12-30 00:00:00,2021-12-30 23:59:59,RU000A102GJ8
96.08,96.08,96.08,96.08,1921.6,2,2022-01-03 00:00:00,2022-01-03 23:59:59,RU000A102GJ8
95.0,95.0,95.0,95.0,334400.0,352,2022-01-04 00:00:00,2022-01-04 23:59:59,RU000A102GJ8
95.0,94.5,95.0,94.5,97345.1,103,2022-01-05 00:00:00,2022-01-05 23:59:59,RU000A102GJ8
94.5,94.5,94.5,94.5,642600.0,680,2022-01-10 00:00:00,2022-01-10 23:59:59,RU000A102GJ8
94.89,94.6,94.89,94.6,24389774.9,25782,2022-01-11 00:00:00,2022-01-11 23:59:59,RU000A102GJ8
94.6,94.84,94.84,94.6,27052764.4,28597,2022-01-12 00:00:00,2022-01-12 23:59:59,RU000A102GJ8
94.83,94.83,94.83,94.83,948.3,1,2022-01-13 00:00:00,2022-01-13 23:59:59,RU000A102GJ8
92.53,95.9,95.9,92.53,1884.3,2,2022-01-14 00:00:00,2022-01-14 23:59:59,RU000A102GJ8
92.28,92.2,92.28,92.2,507500.1,550,2022-01-20 00:00:00,2022-01-20 23:59:59,RU000A102GJ8
93.99,93.98,93.99,91.62,126315.4,136,2022-01-24 00:00:00,2022-01-24 23:59:59,RU000A102GJ8
90.61,92.64,92.64,82.6,9426.7,11,2022-01-26 00:00:00,2022-01-26 23:59:59,RU000A102GJ8
92.99,92.99,93.49,92.99,597307.1,640,2022-02-01 00:00:00,2022-02-01 23:59:59,RU000A102GJ8
93.96,93.72,93.96,93.72,64705.2,69,2022-02-02 00:00:00,2022-02-02 23:59:59,RU000A102GJ8
93.72,94.0,94.0,93.72,8811784.6,9375,2022-02-08 00:00:00,2022-02-08 23:59:59,RU000A102GJ8
92.52,92.95,92.95,91.8,1061264.3,1153,2022-02-11 00:00:00,2022-02-11 23:59:59,RU000A102GJ8
92.7,92.0,92.7,90.13,751570.9,817,2022-02-14 00:00:00,2022-02-14 23:59:59,RU000A102GJ8
92.6,92.6,92.6,92.6,926.0,1,2022-02-15 00:00:00,2022-02-15 23:59:59,RU000A102GJ8
92.0,92.89,92.89,92.0,544729.0,592,2022-02-16 00:00:00,2022-02-16 23:59:59,RU000A102GJ8
90.62,90.61,90.62,90.61,5436.7,6,2022-02-21 00:00:00,2022-02-21 23:59:59,RU000A102GJ8
89.76,89.76,89.76,89.76,897.6,1,2022-02-22 00:00:00,2022-02-22 23:59:59,RU000A102GJ8
87.0,87.0,87.0,87.0,2610.0,3,2022-03-31 00:00:00,2022-03-31 23:59:59,RU000A102GJ8
87.0,87.0,87.0,76.0,142413.5,171,2022-04-01 00:00:00,2022-04-01 23:59:59,RU000A102GJ8
87.0,86.99,87.0,80.0,43666.9,51,2022-04-04 00:00:00,2022-04-04 23:59:59,RU000A102GJ8
80.23,80.22,80.23,80.22,16044.3,20,2022-04-05 00:00:00,2022-04-05 23:59:59,RU000A102GJ8
86.97,86.97,86.97,86.97,4348.5,5,2022-04-06 00:00:00,2022-04-06 23:59:59,RU000A102GJ8
86.49,88.25,88.25,86.49,2630186.3,3000,2022-04-07 00:00:00,2022-04-07 23:59:59,RU000A102GJ8
87.99,88.23,88.23,87.99,7935.9,9,2022-04-08 00:00:00,2022-04-08 23:59:59,RU000A102GJ8
88.23,88.23,88.23,88.0,164042.0,186,2022-04-11 00:00:00,2022-04-11 23:59:59,RU000A102GJ8
88.23,88.0,88.23,88.0,40581.2,46,2022-04-12 00:00:00,2022-04-12 23:59:59,RU000A102GJ8
88.22,88.5,88.5,88.0,10629858.6,12020,2022-04-13 00:00:00,2022-04-13 23:59:59,RU000A102GJ8
90.0,90.0,90.0,90.0,9900.0,11,2022-04-14 00:00:00,2022-04-14 23:59:59,RU000A102GJ8
88.5,88.5,88.5,88.5,52215.0,59,2022-04-19 00:00:00,2022-04-19 23:59:59,RU000A102GJ8
92.0,92.0,92.0,92.0,5520.0,6,2022-04-20 00:00:00,2022-04-20 23:59:59,RU000A102GJ8
87.23,88.0,90.0,87.23,46468.5,53,2022-04-21 00:00:00,2022-04-21 23:59:59,RU000A102GJ8
92.0,92.0,92.0,92.0,36800.0,40,2022-04-22 00:00:00,2022-04-22 23:59:59,RU000A102GJ8
92.99,91.5,92.99,91.1,24557115.9,26847,2022-04-27 00:00:00,2022-04-27 23:59:59,RU000A102GJ8
93.89,92.99,93.89,92.99,35381.2,38,2022-04-28 00:00:00,2022-04-28 23:59:59,RU000A102GJ8
93.9,93.44,93.9,79.51,19984.8,22,2022-04-29 00:00:00,2022-04-29 23:59:59,RU000A102GJ8
92.99,93.0,93.0,92.99,7439.7,8,2022-05-04 00:00:00,2022-05-04 23:59:59,RU000A102GJ8
93.0,93.0,93.0,93.0,1860.0,2,2022-05-05 00:00:00,2022-05-05 23:59:59,RU000A102GJ8
91.5,92.9,93.0,91.5,9153717.0,10004,2022-05-06 00:00:00,2022-05-06 23:59:59,RU000A102GJ8
92.9,92.9,92.9,92.9,15793.0,17,2022-05-11 00:00:00,2022-05-11 23:59:59,RU000A102GJ8
92.9,92.5,92.9,92.5,37929.0,41,2022-05-12 00:00:00,2022-05-12 23:59:59,RU000A102GJ8
80.47,92.48,92.9,80.47,56011.4,67,2022-05-13 00:00:00,2022-05-13 23:59:59,RU000A102GJ8
92.89,92.5,92.89,92.49,29614.2,32,2022-05-16 00:00:00,2022-05-16 23:59:59,RU000A102GJ8
92.9,92.5,92.9,92.5,60141.0,65,2022-05-17 00:00:00,2022-05-17 23:59:59,RU000A102GJ8
92.9,92.6,92.9,92.6,75189.0,81,2022-05-18 00:00:00,2022-05-18 23:59:59,RU000A102GJ8
92.9,92.75,92.9,92.75,39915.5,43,2022-05-19 00:00:00,2022-05-19 23:59:59,RU000A102GJ8
92.75,92.25,92.75,82.0,21057.5,23,2022-05-20 00:00:00,2022-05-20 23:59:59,RU000A102GJ8
92.25,92.25,92.25,92.25,8302.5,9,2022-05-23 00:00:00,2022-05-23 23:59:59,RU000A102GJ8
92.25,92.25,92.25,92.25,10147.5,11,2022-05-24 00:00:00,2022-05-24 23:59:59,RU000A102GJ8
92.25,92.0,93.15,81.68,232910.3,253,2022-05-26 00:00:00,2022-05-26 23:59:59,RU000A102GJ8
81.77,93.0,93.15,81.77,53878.0,58,2022-05-27 00:00:00,2022-05-27 23:59:59,RU000A102GJ8
93.15,93.45,93.45,93.15,5604.0,6,2022-05-30 00:00:00,2022-05-30 23:59:59,RU000A102GJ8
93.45,93.39,93.45,93.39,22414.2,24,2022-05-31 00:00:00,2022-05-31 23:59:59,RU000A102GJ8
93.5,93.5,93.5,93.5,935.0,1,2022-06-01 00:00:00,2022-06-01 23:59:59,RU000A102GJ8
93.75,93.98,93.99,90.0,98512.2,105,2022-06-02 00:00:00,2022-06-02 23:59:59,RU000A102GJ8
95.0,93.98,95.0,93.98,19746.0,21,2022-06-03 00:00:00,2022-06-03 23:59:51,RU000A102GJ8
94.98,94.95,94.98,90.0,58540.8,62,2022-06-06 00:00:00,2022-06-06 23:59:59,RU000A102GJ8
94.94,94.93,94.94,90.0,44014.6,48,2022-06-07 00:00:00,2022-06-07 23:59:59,RU000A102GJ8
94.94,94.93,94.94,91.02,23969.9,26,2022-06-08 00:00:00,2022-06-08 23:59:59,RU000A102GJ8
94.94,94.95,94.95,92.01,468041.3,495,2022-06-09 00:00:00,2022-06-09 23:59:59,RU000A102GJ8
94.92,94.28,95.0,94.25,7202651.6,7582,2022-06-10 00:00:00,2022-06-10 23:59:59,RU000A102GJ8
96.2,91.08,96.2,91.0,675984.0,712,2022-06-14 00:00:00,2022-06-14 23:59:59,RU000A102GJ8
94.13,94.4,95.8,93.5,98064.9,104,2022-06-15 00:00:00,2022-06-15 23:59:59,RU000A102GJ8
93.67,94.55,94.55,93.55,5092196.3,5386,2022-06-16 00:00:00,2022-06-16 23:59:59,RU000A102GJ8
95.54,95.53,95.54,92.13,19971.1,21,2022-06-17 00:00:00,2022-06-17 23:59:59,RU000A102GJ8
94.41,94.65,94.65,94.0,913070.6,966,2022-06-20 00:00:00,2022-06-20 23:59:59,RU000A102GJ8
93.71,93.71,93.71,93.71,11245.2,12,2022-06-21 00:00:00,2022-06-21 23:59:59,RU000A102GJ8
94.69,94.7,94.7,94.26,5391263.7,5693,2022-06-22 00:00:00,2022-06-22 23:59:59,RU000A102GJ8
95.79,95.46,95.79,91.38,7600.4,8,2022-06-23 00:00:00,2022-06-23 23:59:59,RU000A102GJ8
93.72,95.49,95.49,93.71,18915.6,20,2022-06-24 00:00:00,2022-06-24 23:59:59,RU000A102GJ8
94.36,94.35,94.36,94.35,4717.7,5,2022-06-27 00:00:00,2022-06-27 23:59:59,RU000A102GJ8
95.32,95.3,95.84,91.2,166264.6,176,2022-06-28 00:00:00,2022-06-28 23:59:59,RU000A102GJ8
95.59,94.7,96.2,94.7,20117.3,21,2022-06-30 00:00:00,2022-06-30 23:59:59,RU000A102GJ8
94.48,94.48,94.48,94.48,944.8,1,2022-07-04 00:00:00,2022-07-04 23:59:59,RU000A102GJ8
95.65,95.63,95.66,95.62,12434.1,13,2022-07-05 00:00:00,2022-07-05 23:59:59,RU000A102GJ8
95.08,95.42,95.42,95.0,15212.8,16,2022-07-06 00:00:00,2022-07-06 23:59:59,RU000A102GJ8
95.36,94.82,95.37,94.82,26617.3,28,2022-07-07 00:00:00,2022-07-07 23:59:59,RU000A102GJ8
95.13,95.63,95.63,95.0,83712.7,88,2022-07-08 00:00:00,2022-07-08 23:59:59,RU000A102GJ8
95.63,95.63,95.63,95.63,956.3,1,2022-07-11 00:00:00,2022-07-11 23:59:59,RU000A102GJ8
95.0,95.07,95.63,95.0,17142.7,18,2022-07-12 00:00:00,2022-07-12 23:59:59,RU000A102GJ8
95.01,95.5,96.19,95.0,70644.7,74,2022-07-13 00:00:00,2022-07-13 23:59:59,RU000A102GJ8
95.37,95.55,95.55,92.14,139303.7,147,2022-07-14 00:00:00,2022-07-14 23:59:59,RU000A102GJ8
95.5,95.51,95.66,95.5,18166.1,19,2022-07-15 00:00:00,2022-07-15 23:59:59,RU000A102GJ8
95.79,95.5,95.79,95.5,1912.9,2,2022-07-19 00:00:00,2022-07-19 23:59:59,RU000A102GJ8
95.79,95.75,95.83,95.75,5747.9,6,2022-07-20 00:00:00,2022-07-20 23:59:59,RU000A102GJ8
94.53,96.17,96.17,94.53,15303.7,16,2022-07-21 00:00:00,2022-07-21 23:59:59,RU000A102GJ8
96.18,96.19,96.19,96.18,1296640.2,1348,2022-07-22 00:00:00,2022-07-22 23:59:59,RU000A102GJ8
94.53,96.51,96.51,93.89,36302.1,38,2022-07-25 00:00:00,2022-07-25 23:59:59,RU000A102GJ8
96.51,96.5,96.51,96.01,303682.3,315,2022-07-26 00:00:00,2022-07-26 23:59:59,RU000A102GJ8
96.11,96.51,96.51,96.1,568297.4,589,2022-07-27 00:00:00,2022-07-27 23:59:59,RU000A102GJ8
96.02,96.52,96.78,96.02,317508.4,329,2022-07-28 00:00:00,2022-07-28 23:59:59,RU000A102GJ8
96.22,97.07,97.07,96.21,20272.4,21,2022-07-29 00:00:00,2022-07-29 23:59:59,RU000A102GJ8
97.47,97.07,97.47,93.01,11647.8,12,2022-08-01 00:00:00,2022-08-01 23:59:59,RU000A102GJ8
96.5,96.5,96.5,96.5,965.0,1,2022-08-02 00:00:00,2022-08-02 23:59:59,RU000A102GJ8
96.97,96.5,96.97,96.5,21241.6,22,2022-08-04 00:00:00,2022-08-04 23:59:59,RU000A102GJ8
96.7,97.04,97.04,96.7,26166.5,27,2022-08-05 00:00:00,2022-08-05 23:59:59,RU000A102GJ8
97.44,96.62,97.46,96.62,7788.2,8,2022-08-08 00:00:00,2022-08-08 23:59:59,RU000A102GJ8
97.47,97.48,97.5,97.47,11699.1,12,2022-08-10 00:00:00,2022-08-10 23:59:59,RU000A102GJ8
97.1,97.1,97.1,96.53,8733.2,9,2022-08-11 00:00:00,2022-08-11 23:59:59,RU000A102GJ8
96.98,96.98,96.98,96.98,6788.6,7,2022-08-12 00:00:00,2022-08-12 23:59:59,RU000A102GJ8
97.4,97.4,97.4,97.4,2922.0,3,2022-08-15 00:00:00,2022-08-15 23:59:59,RU000A102GJ8
97.0,97.25,97.25,97.0,14575.0,15,2022-08-17 00:00:00,2022-08-17 23:59:59,RU000A102GJ8
95.61,96.5,96.8,95.61,3851.8,4,2022-08-23 00:00:00,2022-08-23 23:59:59,RU000A102GJ8
97.24,96.69,97.24,93.06,3839.5,4,2022-08-24 00:00:00,2022-08-24 23:59:59,RU000A102GJ8
96.8,96.8,96.8,96.8,3872.0,4,2022-08-26 00:00:00,2022-08-26 23:59:59,RU000A102GJ8
96.2,95.03,96.2,95.03,12494.3,13,2022-08-29 00:00:00,2022-08-29 23:59:59,RU000A102GJ8
96.48,97.11,97.11,96.48,1935.9,2,2022-08-30 00:00:00,2022-08-30 23:59:59,RU000A102GJ8
97.11,97.39,97.39,97.11,5834.7,6,2022-08-31 00:00:00,2022-08-31 23:59:59,RU000A102GJ8
97.39,97.2,97.39,97.15,19988625.0,20575,2022-09-01 00:00:00,2022-09-01 23:59:59,RU000A102GJ8
97.4,97.5,97.5,97.4,1499522.7,1538,2022-09-02 00:00:00,2022-09-02 23:59:59,RU000A102GJ8
97.5,97.5,97.5,97.5,3900.0,4,2022-09-05 00:00:00,2022-09-05 23:59:59,RU000A102GJ8
96.72,97.24,97.25,96.5,1017044.6,1046,2022-09-07 00:00:00,2022-09-07 23:59:59,RU000A102GJ8
96.74,96.74,96.74,96.74,3869.6,4,2022-09-08 00:00:00,2022-09-08 23:59:59,RU000A102GJ8
97.81,97.0,97.82,96.48,80222.3,83,2022-09-09 00:00:00,2022-09-09 23:59:59,RU000A102GJ8
97.25,97.48,97.49,97.0,69559417.5,71498,2022-09-12 00:00:00,2022-09-12 23:59:59,RU000A102GJ8
97.5,97.49,97.5,97.3,1023626.2,1050,2022-09-13 00:00:00,2022-09-13 23:59:59,RU000A102GJ8
97.2,97.07,97.2,95.31,30985.9,32,2022-09-14 00:00:00,2022-09-14 23:59:59,RU000A102GJ8
97.29,97.49,97.49,97.29,200013640.6,205554,2022-09-15 00:00:00,2022-09-15 23:59:59,RU000A102GJ8
97.49,97.01,97.49,97.0,450345.2,462,2022-09-16 00:00:00,2022-09-16 23:59:59,RU000A102GJ8
96.45,97.6,97.6,96.44,18857298.3,19342,2022-09-19 00:00:00,2022-09-19 23:59:59,RU000A102GJ8
97.9,97.47,97.9,95.97,2736456.3,2812,2022-09-20 00:00:00,2022-09-20 23:59:59,RU000A102GJ8
85.5,97.84,97.85,85.5,4568.0,5,2022-09-21 00:00:00,2022-09-21 23:59:59,RU000A102GJ8
96.95,96.95,96.95,96.95,969.5,1,2022-09-22 00:00:00,2022-09-22 23:59:59,RU000A102GJ8
85.5,97.65,97.7,85.5,39915.5,41,2022-09-23 00:00:00,2022-09-23 23:59:59,RU000A102GJ8
85.5,94.0,94.0,85.5,62579.4,70,2022-09-26 00:00:00,2022-09-26 23:59:59,RU000A102GJ8
94.0,94.0,94.0,94.0,2820.0,3,2022-09-27 00:00:00,2022-09-27 23:59:59,RU000A102GJ8
93.91,97.47,97.49,93.91,176391.0,181,2022-09-28 00:00:00,2022-09-28 23:59:59,RU000A102GJ8
85.5,97.3,97.3,85.5,5719.5,6,2022-09-29 00:00:00,2022-09-29 23:59:59,RU000A102GJ8
97.2,95.8,97.2,90.16,11231.1,12,2022-09-30 00:00:00,2022-09-30 23:59:59,RU000A102GJ8
85.55,97.0,97.0,85.5,6844359.0,7070,2022-10-03 00:00:00,2022-10-03 23:59:59,RU000A102GJ8
94.42,94.42,94.42,94.42,944.2,1,2022-10-05 00:00:00,2022-10-05 23:59:59,RU000A102GJ8
97.45,97.45,97.45,97.45,1949.0,2,2022-10-06 00:00:00,2022-10-06 23:59:59,RU000A102GJ8
96.48,96.0,96.48,96.0,7703.9,8,2022-10-07 00:00:00,2022-10-07 23:59:59,RU000A102GJ8
96.51,96.51,96.51,96.51,3860.4,4,2022-10-11 00:00:00,2022-10-11 23:59:59,RU000A102GJ8
96.2,96.56,97.27,96.2,197952.6,205,2022-10-12 00:00:00,2022-10-12 23:59:59,RU000A102GJ8
96.64,96.64,96.64,96.64,239667.2,248,2022-10-14 00:00:00,2022-10-14 23:59:59,RU000A102GJ8
96.78,96.77,96.78,93.57,72456.6,75,2022-10-17 00:00:00,2022-10-17 23:59:59,RU000A102GJ8
95.82,96.95,96.95,95.82,6265668.0,6478,2022-10-18 00:00:00,2022-10-18 23:59:59,RU000A102GJ8
97.0,97.39,97.4,96.44,384682.8,395,2022-10-19 00:00:00,2022-10-19 23:59:59,RU000A102GJ8
94.1,97.15,97.4,94.1,14569.4,15,2022-10-20 00:00:00,2022-10-20 23:59:59,RU000A102GJ8
95.39,97.27,97.29,92.23,3633610.2,3737,2022-10-21 00:00:00,2022-10-21 23:59:59,RU000A102GJ8
97.0,97.27,97.34,96.83,26175.6,27,2022-10-24 00:00:00,2022-10-24 23:59:59,RU000A102GJ8
97.44,97.34,97.44,96.38,68723.1,71,2022-10-25 00:00:00,2022-10-25 23:59:59,RU000A102GJ8
96.3,97.48,97.48,96.3,9630974.8,10001,2022-10-26 00:00:00,2022-10-26 23:59:59,RU000A102GJ8
97.47,97.47,97.47,97.47,5848.2,6,2022-10-27 00:00:00,2022-10-27 23:59:59,RU000A102GJ8
97.99,97.48,97.99,96.92,2923.9,3,2022-10-28 00:00:00,2022-10-28 23:59:59,RU000A102GJ8
97.46,97.46,97.46,97.46,4873.0,5,2022-10-31 00:00:00,2022-10-31 23:59:59,RU000A102GJ8
96.91,97.55,97.55,96.91,5839.2,6,2022-11-01 00:00:00,2022-11-01 23:59:59,RU000A102GJ8
97.55,97.55,97.55,97.55,975.5,1,2022-11-02 00:00:00,2022-11-02 23:59:59,RU000A102GJ8
97.11,97.39,97.39,97.1,4858.0,5,2022-11-03 00:00:00,2022-11-03 23:59:59,RU000A102GJ8
96.2,96.99,97.11,96.2,11614.4,12,2022-11-07 00:00:00,2022-11-07 23:59:59,RU000A102GJ8
97.59,97.39,97.59,97.39,4875.5,5,2022-11-08 00:00:00,2022-11-08 23:59:59,RU000A102GJ8
97.5,96.76,97.59,96.76,3894.4,4,2022-11-09 00:00:00,2022-11-09 23:59:59,RU000A102GJ8
97.55,97.58,97.58,97.55,4878.7,5,2022-11-10 00:00:00,2022-11-10 23:59:59,RU000A102GJ8
97.59,97.58,97.59,97.58,77088.4,79,2022-11-11 00:00:00,2022-11-11 23:59:59,RU000A102GJ8
97.59,97.6,97.6,97.59,118094.1,121,2022-11-14 00:00:00,2022-11-14 23:59:59,RU000A102GJ8
97.6,97.58,97.6,97.0,16556.8,17,2022-11-15 00:00:00,2022-11-15 23:59:59,RU000A102GJ8
97.59,97.56,97.59,96.51,11638.0,12,2022-11-16 00:00:00,2022-11-16 23:59:59,RU000A102GJ8
97.59,97.6,97.6,97.59,4879.9,5,2022-11-17 00:00:00,2022-11-17 23:59:59,RU000A102GJ8
97.6,97.6,97.6,97.59,4879.7,5,2022-11-18 00:00:00,2022-11-18 23:59:59,RU000A102GJ8
96.71,97.6,97.6,96.71,7792.0,8,2022-11-21 00:00:00,2022-11-21 23:59:59,RU000A102GJ8
96.94,96.5,96.94,96.5,194951.9,202,2022-11-22 00:00:00,2022-11-22 23:59:59,RU000A102GJ8
95.3,97.59,97.6,95.0,84405.2,87,2022-11-23 00:00:00,2022-11-23 23:59:59,RU000A102GJ8
96.91,97.32,97.5,96.74,15538.1,16,2022-11-24 00:00:00,2022-11-24 23:59:59,RU000A102GJ8
97.6,97.59,97.6,96.64,7798.3,8,2022-11-25 00:00:00,2022-11-25 23:59:59,RU000A102GJ8
96.55,97.59,97.6,96.54,7757.4,8,2022-11-28 00:00:00,2022-11-28 23:59:59,RU000A102GJ8
96.99,97.56,97.56,96.99,3891.1,4,2022-11-29 00:00:00,2022-11-29 23:59:59,RU000A102GJ8
97.59,97.59,97.59,97.59,1951.8,2,2022-11-30 00:00:00,2022-11-30 23:59:59,RU000A102GJ8
96.82,97.5,97.5,96.82,3893.0,4,2022-12-01 00:00:00,2022-12-01 23:59:59,RU000A102GJ8
97.6,97.6,97.6,97.6,98576.0,101,2022-12-02 00:00:00,2022-12-02 23:59:59,RU000A102GJ8
96.72,97.7,97.7,96.72,916784.2,939,2022-12-05 00:00:00,2022-12-05 23:59:59,RU000A102GJ8
96.78,97.54,97.54,95.33,15492.7,16,2022-12-06 00:00:00,2022-12-06 23:59:59,RU000A102GJ8
97.48,97.4,97.49,97.39,2227359.4,2286,2022-12-07 00:00:00,2022-12-07 23:59:59,RU000A102GJ8
97.7,97.95,98.0,97.7,201861.1,206,2022-12-08 00:00:00,2022-12-08 23:59:59,RU000A102GJ8
96.71,97.83,97.88,96.71,138626.0,143,2022-12-09 00:00:00,2022-12-09 23:59:59,RU000A102GJ8
97.95,97.9,97.99,97.01,535539.6,549,2022-12-12 00:00:00,2022-12-12 23:59:59,RU000A102GJ8
97.89,97.55,97.89,97.55,80014.9,82,2022-12-13 00:00:00,2022-12-13 23:59:59,RU000A102GJ8
97.98,97.55,97.98,97.55,3417180.8,3503,2022-12-14 00:00:00,2022-12-14 23:59:59,RU000A102GJ8
98.2,98.03,98.2,97.16,37040.7,38,2022-12-15 00:00:00,2022-12-15 23:59:59,RU000A102GJ8
97.31,97.74,97.9,96.5,214488.9,222,2022-12-16 00:00:00,2022-12-16 23:59:59,RU000A102GJ8
96.91,97.89,97.9,96.9,145724.6,149,2022-12-19 00:00:00,2022-12-19 23:59:59,RU000A102GJ8
97.99,97.5,97.99,97.39,1138853.2,1166,2022-12-20 00:00:00,2022-12-20 23:59:59,RU000A102GJ8
97.5,97.83,97.87,96.51,1727523.5,1774,2022-12-21 00:00:00,2022-12-21 23:59:59,RU000A102GJ8
97.21,97.84,97.84,96.6,442932.0,457,2022-12-22 00:00:00,2022-12-22 23:59:59,RU000A102GJ8
97.31,97.82,97.82,97.2,100142.8,103,2022-12-23 00:00:00,2022-12-23 23:59:59,RU000A102GJ8
97.81,97.83,97.83,97.2,75964.1,78,2022-12-26 00:00:00,2022-12-26 23:59:59,RU000A102GJ8
97.34,97.81,97.81,97.2,49581.1,51,2022-12-27 00:00:00,2022-12-27 23:59:59,RU000A102GJ8
97.43,98.04,98.08,97.2,123115.7,126,2022-12-28 00:00:00,2022-12-28 23:59:59,RU000A102GJ8
97.42,98.03,98.04,96.5,196387.2,201,2022-12-29 00:00:00,2022-12-29 23:59:59,RU000A102GJ8
98.2,98.05,98.2,98.05,426146.4,434,2022-12-30 00:00:00,2022-12-30 23:59:59,RU000A102GJ8
98.08,98.05,98.08,98.05,17650.2,18,2023-01-03 00:00:00,2023-01-03 23:59:59,RU000A102GJ8
98.06,98.09,98.09,98.06,29426.2,30,2023-01-04 00:00:00,2023-01-04 23:59:59,RU000A102GJ8
98.1,98.09,98.1,98.09,12752.1,13,2023-01-05 00:00:00,2023-01-05 23:59:59,RU000A102GJ8
98.0,98.0,98.0,98.0,3920.0,4,2023-01-06 00:00:00,2023-01-06 23:59:59,RU000A102GJ8
97.99,97.99,97.99,97.99,979.9,1,2023-01-09 00:00:00,2023-01-09 23:59:59,RU000A102GJ8
98.0,97.8,98.0,97.79,57802.7,59,2023-01-10 00:00:00,2023-01-10 23:59:59,RU000A102GJ8
98.02,98.0,98.02,98.0,9801.2,10,2023-01-11 00:00:00,2023-01-11 23:59:59,RU000A102GJ8
97.69,98.01,98.01,97.69,3917.2,4,2023-01-12 00:00:00,2023-01-12 23:59:59,RU000A102GJ8
97.54,98.01,98.01,97.49,11725.4,12,2023-01-17 00:00:00,2023-01-17 23:59:59,RU000A102GJ8
98.1,98.1,98.1,98.08,147149.8,150,2023-01-18 00:00:00,2023-01-18 23:59:59,RU000A102GJ8
97.9,97.9,97.9,97.9,979979.0,1001,2023-01-19 00:00:00,2023-01-19 23:59:59,RU000A102GJ8
97.42,98.09,98.09,97.42,14686.3,15,2023-01-23 00:00:00,2023-01-23 23:59:59,RU000A102GJ8
97.5,97.97,97.97,96.69,11672.3,12,2023-01-24 00:00:00,2023-01-24 23:59:59,RU000A102GJ8
97.8,97.8,97.8,97.8,9780.0,10,2023-01-25 00:00:00,2023-01-25 23:59:59,RU000A102GJ8
97.35,98.1,98.1,97.34,2978270.8,3036,2023-01-26 00:00:00,2023-01-26 23:59:59,RU000A102GJ8
97.9,97.9,97.9,97.75,55797.0,57,2023-01-27 00:00:00,2023-01-27 23:59:59,RU000A102GJ8
97.99,97.99,97.99,97.99,979.9,1,2023-01-30 00:00:00,2023-01-30 23:59:59,RU000A102GJ8
98.09,97.9,98.09,97.9,5883.5,6,2023-01-31 00:00:00,2023-01-31 23:59:59,RU000A102GJ8
98.16,97.8,98.17,97.72,203196.2,207,2023-02-01 00:00:00,2023-02-01 23:59:59,RU000A102GJ8
98.0,98.1,98.1,98.0,13400702.0,13667,2023-02-02 00:00:00,2023-02-02 23:59:59,RU000A102GJ8
98.16,98.0,98.16,98.0,6863.8,7,2023-02-03 00:00:00,2023-02-03 23:59:59,RU000A102GJ8
98.1,98.1,98.1,98.1,5379804.0,5484,2023-02-06 00:00:00,2023-02-06 23:59:59,RU000A102GJ8
98.1,98.14,98.14,97.6,3648279.3,3719,2023-02-07 00:00:00,2023-02-07 23:59:59,RU000A102GJ8
98.1,97.33,98.14,97.33,4958613.4,5055,2023-02-08 00:00:00,2023-02-08 23:59:59,RU000A102GJ8
97.33,97.65,98.15,97.33,5203315.4,5304,2023-02-09 00:00:00,2023-02-09 23:59:59,RU000A102GJ8
98.13,98.13,98.13,98.13,981.3,1,2023-02-10 00:00:00,2023-02-10 23:59:59,RU000A102GJ8
98.19,98.2,98.2,97.8,621283.5,633,2023-02-13 00:00:00,2023-02-13 23:59:59,RU000A102GJ8
98.19,98.19,98.19,98.19,981.9,1,2023-02-14 00:00:00,2023-02-14 23:59:59,RU000A102GJ8
98.18,98.18,98.18,98.18,19636.0,20,2023-02-16 00:00:00,2023-02-16 23:59:59,RU000A102GJ8
98.19,98.19,98.19,98.19,981.9,1,2023-02-17 00:00:00,2023-02-17 23:59:59,RU000A102GJ8
97.62,97.62,97.62,97.62,976.2,1,2023-02-20 00:00:00,2023-02-20 23:59:59,RU000A102GJ8
98.17,98.17,98.17,98.17,981.7,1,2023-02-22 00:00:00,2023-02-22 23:59:59,RU000A102GJ8
98.2,98.0,98.2,97.7,2247342.6,2300,2023-02-27 00:00:00,2023-02-27 23:59:59,RU000A102GJ8
98.1,98.1,98.1,98.1,981.0,1,2023-02-28 00:00:00,2023-02-28 23:59:59,RU000A102GJ8
97.38,98.08,98.08,97.38,1954.6,2,2023-03-01 00:00:00,2023-03-01 23:59:59,RU000A102GJ8
98.0,98.09,98.09,98.0,6952120.9,7094,2023-03-02 00:00:00,2023-03-02 23:59:59,RU000A102GJ8
98.09,98.09,98.09,98.09,8828.1,9,2023-03-03 00:00:00,2023-03-03 23:59:59,RU000A102GJ8
98.4,98.4,98.4,98.4,5904.0,6,2023-03-06 00:00:00,2023-03-06 23:59:59,RU000A102GJ8
98.3,98.3,98.3,98.3,9830.0,10,2023-03-07 00:00:00,2023-03-07 23:59:59,RU000A102GJ8
98.3,98.3,98.3,97.42,119908.2,122,2023-03-09 00:00:00,2023-03-09 23:59:59,RU000A102GJ8
97.68,97.9,97.9,96.6,96989.9,100,2023-03-13 00:00:00,2023-03-13 23:59:59,RU000A102GJ8
97.97,98.0,98.0,96.63,51869.7,53,2023-03-14 00:00:00,2023-03-14 23:59:59,RU000A102GJ8
98.12,99.0,99.0,98.12,961941.0,972,2023-03-15 00:00:00,2023-03-15 23:59:59,RU000A102GJ8
98.47,97.91,98.47,97.91,3922.0,4,2023-03-16 00:00:00,2023-03-16 23:59:59,RU000A102GJ8
98.99,98.99,98.99,98.99,989.9,1,2023-03-17 00:00:00,2023-03-17 23:59:59,RU000A102GJ8
98.33,97.75,98.33,97.75,2938.3,3,2023-03-20 00:00:00,2023-03-20 23:59:59,RU000A102GJ8
98.03,98.35,98.35,98.03,605826.6,616,2023-03-21 00:00:00,2023-03-21 23:59:59,RU000A102GJ8
102.29,99.25,102.29,99.25,9962.9,10,2023-03-22 00:00:00,2023-03-22 23:59:59,RU000A102GJ8
97.8,98.45,98.45,97.8,378553.0,385,2023-03-24 00:00:00,2023-03-24 23:59:59,RU000A102GJ8
98.45,97.81,98.45,97.81,100412.6,102,2023-03-27 00:00:00,2023-03-27 23:59:59,RU000A102GJ8
98.4,97.81,98.4,97.81,6852.6,7,2023-03-28 00:00:00,2023-03-28 23:59:59,RU000A102GJ8
97.09,98.46,98.46,97.09,14595.9,15,2023-03-29 00:00:00,2023-03-29 23:59:59,RU000A102GJ8
97.51,98.03,98.03,97.51,12701.9,13,2023-03-31 00:00:00,2023-03-31 23:59:59,RU000A102GJ8
98.06,97.98,98.2,97.11,57630.5,59,2023-04-03 00:00:00,2023-04-03 23:59:59,RU000A102GJ8
98.39,98.1,98.39,98.1,10801.9,11,2023-04-04 00:00:00,2023-04-04 23:59:59,RU000A102GJ8
97.2,98.21,98.21,97.19,8798.1,9,2023-04-06 00:00:00,2023-04-06 23:59:59,RU000A102GJ8
97.9,98.39,98.39,97.9,4899.9,5,2023-04-10 00:00:00,2023-04-10 23:59:59,RU000A102GJ8
98.3,98.31,98.31,98.3,2339777.9,2380,2023-04-11 00:00:00,2023-04-11 23:59:59,RU000A102GJ8
98.38,97.82,98.38,97.82,30329.8,31,2023-04-12 00:00:00,2023-04-12 23:59:59,RU000A102GJ8
97.83,98.35,98.35,97.78,383333.9,390,2023-04-13 00:00:00,2023-04-13 23:59:59,RU000A102GJ8
98.0,98.4,98.49,98.0,4916.9,5,2023-04-14 00:00:00,2023-04-14 23:59:59,RU000A102GJ8
97.75,98.28,98.4,97.75,1012438.3,1029,2023-04-17 00:00:00,2023-04-17 23:59:59,RU000A102GJ8
98.39,98.4,98.4,98.39,5730734.4,5824,2023-04-18 00:00:00,2023-04-18 23:59:59,RU000A102GJ8
98.49,98.59,98.59,98.49,1970.8,2,2023-04-19 00:00:00,2023-04-19 23:59:59,RU000A102GJ8
98.2,98.49,98.49,98.2,46246.8,47,2023-04-20 00:00:00,2023-04-20 23:59:59,RU000A102GJ8
98.59,98.59,98.6,98.59,25635.8,26,2023-04-25 00:00:00,2023-04-25 23:59:59,RU000A102GJ8
98.49,98.49,98.5,98.0,596649.6,606,2023-04-27 00:00:00,2023-04-27 23:59:59,RU000A102GJ8
97.91,98.5,98.5,97.79,111209.2,113,2023-04-28 00:00:00,2023-04-28 23:59:59,RU000A102GJ8
97.81,98.49,98.49,97.81,593706.4,603,2023-05-02 00:00:00,2023-05-02 23:59:59,RU000A102GJ8
98.4,98.6,98.6,98.4,3207215.0,3253,2023-05-03 00:00:00,2023-05-03 23:59:59,RU000A102GJ8
97.86,98.79,98.79,97.86,9832.5,10,2023-05-08 00:00:00,2023-05-08 23:59:59,RU000A102GJ8
98.7,98.3,98.7,98.3,200547.0,204,2023-05-10 00:00:00,2023-05-10 23:59:59,RU000A102GJ8
98.6,98.7,98.7,98.6,13977600.0,14168,2023-05-11 00:00:00,2023-05-11 23:59:59,RU000A102GJ8
98.8,98.3,98.8,98.3,403055.0,410,2023-05-12 00:00:00,2023-05-12 23:59:59,RU000A102GJ8
98.7,98.77,98.77,98.33,294309.2,298,2023-05-15 00:00:00,2023-05-15 23:59:59,RU000A102GJ8
98.78,98.33,98.78,98.33,1971.1,2,2023-05-16 00:00:00,2023-05-16 23:59:59,RU000A102GJ8
98.7,98.85,98.85,98.7,193722.9,196,2023-05-18 00:00:00,2023-05-18 23:59:59,RU000A102GJ8
98.85,98.35,98.85,98.35,1972.0,2,2023-05-19 00:00:00,2023-05-19 23:59:59,RU000A102GJ8
98.8,98.8,98.8,98.8,1254760.0,1270,2023-05-23 00:00:00,2023-05-23 23:59:59,RU000A102GJ8
98.75,98.75,98.75,98.75,1975.0,2,2023-05-25 00:00:00,2023-05-25 23:59:59,RU000A102GJ8
98.38,98.75,98.81,98.38,3000704.3,3037,2023-05-26 00:00:00,2023-05-26 23:59:59,RU000A102GJ8
98.81,98.81,98.81,98.81,2964.3,3,2023-05-29 00:00:00,2023-05-29 23:59:59,RU000A102GJ8
98.73,98.73,98.73,98.73,1974.6,2,2023-05-30 00:00:00,2023-05-30 23:59:59,RU000A102GJ8
98.38,98.38,98.38,98.38,983.8,1,2023-05-31 00:00:00,2023-05-31 23:59:59,RU000A102GJ8
98.73,98.39,98.73,98.39,2424805.4,2456,2023-06-01 00:00:00,2023-06-01 23:59:59,RU000A102GJ8
98.75,98.7,98.75,98.55,1531002.4,1551,2023-06-02 00:00:00,2023-06-02 23:59:59,RU000A102GJ8
98.79,98.79,98.8,98.79,1414673.6,1432,2023-06-05 00:00:00,2023-06-05 23:59:59,RU000A102GJ8
98.79,98.79,98.79,98.79,3951.6,4,2023-06-06 00:00:00,2023-06-06 23:59:59,RU000A102GJ8
98.79,98.79,98.79,98.79,13830.6,14,2023-06-08 00:00:00,2023-06-08 23:59:59,RU000A102GJ8
99.0,98.99,99.0,97.3,41513.6,42,2023-06-09 00:00:00,2023-06-09 23:59:59,RU000A102GJ8
99.2,98.87,99.2,97.9,401967.0,407,2023-06-13 00:00:00,2023-06-13 23:59:59,RU000A102GJ8
98.06,98.8,98.94,98.05,24687.5,25,2023-06-14 00:00:00,2023-06-14 23:59:59,RU000A102GJ8
98.5,98.86,98.87,98.5,517492.1,525,2023-06-15 00:00:00,2023-06-15 23:59:59,RU000A102GJ8
98.87,98.8,98.87,98.8,4941977.4,5002,2023-06-16 00:00:00,2023-06-16 23:59:59,RU000A102GJ8
98.8,98.9,98.9,98.6,326044.0,330,2023-06-19 00:00:00,2023-06-19 23:59:59,RU000A102GJ8
98.9,98.9,98.9,97.99,32558.1,33,2023-06-20 00:00:00,2023-06-20 23:59:59,RU000A102GJ8
98.9,98.9,98.9,98.5,6907.0,7,2023-06-21 00:00:00,2023-06-21 23:59:59,RU000A102GJ8
97.9,98.72,98.72,97.9,3924.9,4,2023-06-22 00:00:00,2023-06-22 23:59:59,RU000A102GJ8
98.14,98.84,98.85,97.91,729322.1,738,2023-06-23 00:00:00,2023-06-23 23:59:59,RU000A102GJ8
98.85,98.85,98.85,98.84,106757.7,108,2023-06-26 00:00:00,2023-06-26 23:59:59,RU000A102GJ8
98.38,98.88,98.88,97.32,1758631.8,1797,2023-06-27 00:00:00,2023-06-27 23:59:59,RU000A102GJ8
98.51,98.5,98.89,98.5,39462.9,40,2023-06-28 00:00:00,2023-06-28 23:59:59,RU000A102GJ8
97.4,98.7,98.88,97.4,4451094.3,4519,2023-06-29 00:00:00,2023-06-29 23:59:59,RU000A102GJ8
98.9,99.0,99.0,98.8,7916.0,8,2023-06-30 00:00:00,2023-06-30 23:59:59,RU000A102GJ8
98.48,98.73,98.73,98.47,10837.6,11,2023-07-03 00:00:00,2023-07-03 23:59:59,RU000A102GJ8
98.9,98.9,98.9,98.32,177024.9,179,2023-07-04 00:00:00,2023-07-04 23:59:59,RU000A102GJ8
97.44,98.9,98.9,97.44,365618.8,370,2023-07-05 00:00:00,2023-07-05 23:59:59,RU000A102GJ8
98.9,98.9,98.9,97.66,21732.3,22,2023-07-06 00:00:00,2023-07-06 23:59:59,RU000A102GJ8
98.9,98.75,98.9,98.75,354975.1,359,2023-07-07 00:00:00,2023-07-07 23:59:59,RU000A102GJ8
98.75,98.75,98.8,98.75,27656.5,28,2023-07-10 00:00:00,2023-07-10 23:59:59,RU000A102GJ8
98.94,98.94,98.94,98.94,107844.6,109,2023-07-11 00:00:00,2023-07-11 23:59:59,RU000A102GJ8
98.8,98.75,98.93,98.75,8323726.7,8429,2023-07-12 00:00:00,2023-07-12 23:59:59,RU000A102GJ8
98.93,98.93,98.93,98.75,277926.5,281,2023-07-13 00:00:00,2023-07-13 23:59:59,RU000A102GJ8
98.89,98.89,98.89,98.89,197780.0,200,2023-07-14 00:00:00,2023-07-14 23:59:59,RU000A102GJ8
98.8,98.95,98.95,98.01,2141142.9,2164,2023-07-17 00:00:00,2023-07-17 23:59:59,RU000A102GJ8
98.94,98.93,98.94,98.62,2096527.6,2119,2023-07-18 00:00:00,2023-07-18 23:59:59,RU000A102GJ8
98.5,98.85,98.9,98.5,152237.3,154,2023-07-20 00:00:00,2023-07-20 23:59:59,RU000A102GJ8
98.95,98.95,98.95,98.95,33643.0,34,2023-07-21 00:00:00,2023-07-21 23:59:59,RU000A102GJ8
93.01,98.93,98.94,93.01,1011757.2,1023,2023-07-24 00:00:00,2023-07-24 23:59:59,RU000A102GJ8
98.93,98.99,98.99,98.7,711548.2,720,2023-07-25 00:00:00,2023-07-25 23:59:59,RU000A102GJ8
98.06,98.99,98.99,98.0,164737.1,168,2023-07-26 00:00:00,2023-07-26 23:59:59,RU000A102GJ8
98.99,98.99,98.99,98.99,1276971.0,1290,2023-07-28 00:00:00,2023-07-28 23:59:59,RU000A102GJ8
98.99,98.98,99.0,98.98,71272.4,72,2023-07-31 00:00:00,2023-07-31 23:59:59,RU000A102GJ8
98.97,98.97,98.97,98.97,2969.1,3,2023-08-01 00:00:00,2023-08-01 23:59:59,RU000A102GJ8
98.99,98.85,98.99,98.85,35069092.9,35477,2023-08-02 00:00:00,2023-08-02 23:59:59,RU000A102GJ8
98.58,98.6,98.6,98.58,105481.0,107,2025-11-19 00:00:00,2025-11-19 23:59:59,RU000A102LU5
98.58,98.6,98.6,98.58,2071546.0,2101,2025-11-20 00:00:00,2025-11-20 23:59:59,RU000A102LU5
138.05,138.05,138.05,138.05,2761.0,2,2025-11-25 00:00:00,2025-11-25 23:59:59,RU000A102LU5
125.0,125.0,125.0,125.0,1250.0,1,2025-12-03 00:00:00,2025-12-03 23:59:59,RU000A102LU5
125.0,125.0,125.0,99.65,3496.5,3,2025-12-08 00:00:00,2025-12-08 23:59:59,RU000A102LU5
112.5,101.25,112.5,101.25,13050.0,12,2025-12-09 00:00:00,2025-12-09 23:59:59,RU000A102LU5
122.0,102.0,122.0,102.0,22640.0,22,2025-12-10 00:00:00,2025-12-10 23:59:59,RU000A102LU5
119.96,119.96,119.96,119.96,9596.8,8,2025-12-17 00:00:00,2025-12-17 23:59:59,RU000A102LU5
119.95,119.95,119.95,119.95,1199.5,1,2025-12-18 00:00:00,2025-12-18 23:59:59,RU000A102LU5
168.07,165.0,168.07,129.8,33422.1,22,2025-12-26 00:00:00,2025-12-26 23:59:59,RU000A102LU5
90.29,154.99,154.99,90.29,2452.8,2,2025-12-29 00:00:00,2025-12-29 23:59:59,RU000A102LU5
90.29,155.0,155.0,90.29,3355.8,3,2026-01-05 00:00:00,2026-01-05 23:59:59,RU000A102LU5
79.12,89.25,147.98,79.01,62150.6,75,2026-01-13 00:00:00,2026-01-13 23:59:59,RU000A102LU5
89.85,99.87,109.86,89.85,38737.8,42,2026-01-14 00:00:00,2026-01-14 23:59:59,RU000A102LU5
99.8,90.75,99.8,90.75,43097.5,44,2026-01-15 00:00:00,2026-01-15 23:59:59,RU000A102LU5
131.27,139.7,139.71,131.27,26679.1,20,2026-01-16 00:00:00,2026-01-16 23:59:59,RU000A102LU5
100.0,100.0,100.0,91.34,158738.9,159,2026-01-19 00:00:00,2026-01-19 23:59:59,RU000A102LU5
100.0,100.0,100.0,100.0,7000.0,7,2026-01-20 00:00:00,2026-01-20 23:59:59,RU000A102LU5
100.0,100.0,100.0,100.0,1000.0,1,2026-01-21 00:00:00,2026-01-21 23:59:59,RU000A102LU5
100.0,99.0,100.0,99.0,5950.0,6,2026-01-22 00:00:00,2026-01-22 23:59:59,RU000A102LU5
99.0,99.0,99.0,99.0,10890.0,11,2026-01-23 00:00:00,2026-01-23 23:59:59,RU000A102LU5
99.0,99.0,99.0,99.0,990.0,1,2026-01-26 00:00:00,2026-01-26 23:59:59,RU000A102LU5
98.99,98.38,98.99,92.37,80219.8,86,2026-01-28 00:00:00,2026-01-28 23:59:59,RU000A102LU5
99.08,99.08,99.08,99.08,4954.0,5,2026-01-29 00:00:00,2026-01-29 23:59:59,RU000A102LU5
99.99,99.99,99.99,99.99,999.9,1,2026-01-30 00:00:00,2026-01-30 23:59:59,RU000A102LU5
89.34,109.95,109.99,89.34,37431.6,35,2026-02-02 00:00:00,2026-02-02 23:59:59,RU000A102LU5
97.16,97.15,97.16,97.15,1943.1,2,2026-02-06 00:00:00,2026-02-06 23:59:59,RU000A102LU5
107.99,100.0,107.99,100.0,2079.9,2,2026-02-10 00:00:00,2026-02-10 23:59:59,RU000A102LU5
100.0,100.0,100.0,100.0,12000.0,12,2026-02-11 00:00:00,2026-02-11 23:59:59,RU000A102LU5
100.0,100.0,100.0,100.0,4000.0,4,2026-02-12 00:00:00,2026-02-12 23:59:59,RU000A102LU5
100.0,100.0,100.0,100.0,2000.0,2,2026-02-13 00:00:00,2026-02-13 23:59:59,RU000A102LU5
97.5,98.5,98.5,97.05,11685.5,12,2026-02-18 00:00:00,2026-02-18 23:59:59,RU000A102LU5
99.99,99.99,99.99,99.99,10998.9,11,2026-02-20 00:00:00,2026-02-20 23:59:59,RU000A102LU5
95.46,99.88,99.88,95.27,62069.9,63,2026-02-24 00:00:00,2026-02-24 23:59:59,RU000A102LU5
99.99,100.0,100.0,99.99,32999.8,33,2026-02-25 00:00:00,2026-02-25 23:59:59,RU000A102LU5
100.0,98.11,100.0,98.05,10865.5,11,2026-02-26 00:00:00,2026-02-26 23:59:59,RU000A102LU5
99.81,97.29,100.14,97.29,30898.5,31,2026-02-27 00:00:00,2026-02-27 23:59:59,RU000A102LU5
100.98,99.49,101.99,99.49,6054.2,6,2026-03-02 00:00:00,2026-03-02 23:59:59,RU000A102LU5
97.11,99.12,99.94,97.11,3954.0,4,2026-03-03 00:00:00,2026-03-03 23:59:59,RU000A102LU5
99.11,97.18,99.11,97.18,4878.3,5,2026-03-04 00:00:00,2026-03-04 23:59:59,RU000A102LU5
97.77,99.99,99.99,97.77,39501.0,40,2026-03-05 00:00:00,2026-03-05 23:59:59,RU000A102LU5
99.99,99.99,99.99,99.99,999.9,1,2026-03-09 00:00:00,2026-03-09 23:59:59,RU000A102LU5
100.0,100.0,100.0,100.0,36000.0,36,2026-03-12 00:00:00,2026-03-12 23:59:59,RU000A102LU5
100.0,100.0,100.0,100.0,3000.0,3,2026-03-13 00:00:00,2026-03-13 23:59:59,RU000A102LU5
102.0,100.0,102.0,100.0,57360.0,57,2026-03-16 00:00:00,2026-03-16 23:59:59,RU000A102LU5
100.0,100.0,100.0,100.0,7043000.0,7043,2026-03-17 00:00:00,2026-03-17 23:59:59,RU000A102LU5
100.0,100.0,100.0,100.0,44000.0,44,2026-03-18 00:00:00,2026-03-18 23:59:59,RU000A102LU5
99.01,100.0,100.0,97.1,64613.2,65,2026-03-19 00:00:00,2026-03-19 23:59:59,RU000A102LU5
100.0,100.0,100.0,100.0,22000.0,22,2026-03-20 00:00:00,2026-03-20 23:59:59,RU000A102LU5
100.01,100.01,100.02,100.01,12001.5,12,2026-03-23 00:00:00,2026-03-23 23:59:59,RU000A102LU5
100.02,100.0,100.02,100.0,202000.3,202,2026-03-24 00:00:00,2026-03-24 23:59:59,RU000A102LU5
100.0,100.0,100.0,100.0,10000.0,10,2026-03-25 00:00:00,2026-03-25 23:59:59,RU000A102LU5
96.04,99.98,99.98,89.99,98886.5,100,2026-03-27 00:00:00,2026-03-27 23:59:59,RU000A102LU5
95.91,99.98,99.98,95.77,9783.4,10,2026-03-30 00:00:00,2026-03-30 23:59:59,RU000A102LU5
99.99,99.99,99.99,99.99,2999.7,3,2026-03-31 00:00:00,2026-03-31 23:59:59,RU000A102LU5
96.94,96.94,96.94,96.94,969.4,1,2026-04-01 00:00:00,2026-04-01 23:59:59,RU000A102LU5
100.34,101.0,101.0,100.34,5023.9,5,2026-04-02 00:00:00,2026-04-02 23:59:59,RU000A102LU5
100.35,100.35,100.35,100.35,586044.0,584,2026-04-03 00:00:00,2026-04-03 23:59:59,RU000A102LU5
98.01,98.01,98.01,98.01,980.1,1,2026-04-05 00:00:00,2026-04-05 23:59:56,RU000A102LU5
98.01,102.99,102.99,98.01,216129.6,210,2026-04-06 00:00:00,2026-04-06 23:59:59,RU000A102LU5
100.35,100.35,100.35,100.35,1003.5,1,2026-04-07 00:00:00,2026-04-07 23:59:59,RU000A102LU5
98.02,100.35,100.35,98.0,19835.6,20,2026-04-08 00:00:00,2026-04-08 23:59:59,RU000A102LU5
100.35,101.0,101.0,100.35,7700865.5,7674,2026-04-10 00:00:00,2026-04-10 23:59:59,RU000A102LU5
98.02,103.0,103.0,98.0,39551.1,40,2026-04-13 00:00:00,2026-04-13 23:59:59,RU000A102LU5
103.89,103.89,103.89,103.89,1038.9,1,2026-04-14 00:00:00,2026-04-14 23:59:59,RU000A102LU5
100.5,100.5,100.5,100.5,2010.0,2,2026-04-15 00:00:00,2026-04-15 23:59:59,RU000A102LU5
97.4,103.87,103.87,97.4,36198.7,37,2026-04-16 00:00:00,2026-04-16 23:59:59,RU000A102LU5
98.24,98.45,104.0,98.24,16483.6,16,2026-04-20 00:00:00,2026-04-20 23:59:59,RU000A102LU5
103.34,103.34,103.34,103.34,1033.4,1,2026-04-21 00:00:00,2026-04-21 23:59:59,RU000A102LU5
103.34,103.34,103.34,103.34,1033.4,1,2026-04-22 00:00:00,2026-04-22 23:59:59,RU000A102LU5
101.0,101.0,101.0,101.0,7070.0,7,2026-04-23 00:00:00,2026-04-23 23:59:59,RU000A102LU5
101.0,100.99,101.0,100.99,12119.9,12,2026-04-24 00:00:00,2026-04-24 23:59:59,RU000A102LU5
100.11,99.09,100.11,98.89,36013.9,36,2026-04-27 00:00:00,2026-04-27 23:59:59,RU000A102LU5
103.69,101.14,106.79,101.14,14467.9,14,2026-04-28 00:00:00,2026-04-28 23:59:59,RU000A102LU5
101.15,106.21,106.21,101.15,22404.8,22,2026-04-29 00:00:00,2026-04-29 23:59:59,RU000A102LU5
106.19,101.0,106.19,101.0,18255.8,18,2026-04-30 00:00:00,2026-04-30 23:59:59,RU000A102LU5
106.05,100.01,106.05,100.01,4121.2,4,2026-05-04 00:00:00,2026-05-04 23:59:59,RU000A102LU5
101.14,101.15,101.15,101.14,13149.3,13,2026-05-05 00:00:00,2026-05-05 23:59:59,RU000A102LU5
101.15,101.15,101.16,101.15,10143322.7,10028,2026-05-06 00:00:00,2026-05-06 23:59:59,RU000A102LU5
101.15,106.14,106.14,97.48,32381.1,32,2026-05-07 00:00:00,2026-05-07 23:59:59,RU000A102LU5
100.5,100.6,100.6,99.9,66455919.1,66070,2021-12-27 00:00:00,2021-12-27 23:59:59,RU000A104B46
100.6,100.6,100.6,100.4,31232846.9,31053,2021-12-28 00:00:00,2021-12-28 23:59:59,RU000A104B46
100.5,101.0,101.0,100.5,19907698.6,19711,2021-12-29 00:00:00,2021-12-29 23:59:59,RU000A104B46
100.82,101.5,101.5,100.82,10881209.1,10723,2021-12-30 00:00:00,2021-12-30 23:59:59,RU000A104B46
101.5,101.97,102.0,101.5,238375.0,234,2022-01-03 00:00:00,2022-01-03 23:59:59,RU000A104B46
102.0,101.5,102.0,101.5,127349.7,125,2022-01-04 00:00:00,2022-01-04 23:59:59,RU000A104B46
102.21,101.5,102.21,101.0,549332.7,542,2022-01-05 00:00:00,2022-01-05 23:59:59,RU000A104B46
101.69,101.7,101.7,101.3,269315.5,265,2022-01-06 00:00:00,2022-01-06 23:59:59,RU000A104B46
101.7,101.95,105.0,101.7,1367518.3,1331,2022-01-10 00:00:00,2022-01-10 23:59:59,RU000A104B46
101.95,101.0,101.95,100.9,26242647.3,25981,2022-01-11 00:00:00,2022-01-11 23:59:59,RU000A104B46
101.0,101.0,101.0,100.5,748950.0,742,2022-01-12 00:00:00,2022-01-12 23:59:59,RU000A104B46
100.51,100.9,101.0,100.2,6620062.6,6572,2022-01-13 00:00:00,2022-01-13 23:59:59,RU000A104B46
101.0,100.3,101.0,98.55,108783739.1,109809,2022-01-14 00:00:00,2022-01-14 23:59:59,RU000A104B46
100.0,99.99,100.1,99.85,617835.8,618,2022-01-17 00:00:00,2022-01-17 23:59:59,RU000A104B46
100.0,99.0,100.0,99.0,10952310.9,10953,2022-01-18 00:00:00,2022-01-18 23:59:59,RU000A104B46
99.0,99.4,99.9,98.75,265586.7,267,2022-01-19 00:00:00,2022-01-19 23:59:59,RU000A104B46
99.89,99.9,99.9,99.5,3070706.2,3074,2022-01-20 00:00:00,2022-01-20 23:59:59,RU000A104B46
99.5,99.85,99.9,99.5,1538066.2,1541,2022-01-21 00:00:00,2022-01-21 23:59:59,RU000A104B46
99.85,99.9,99.9,96.01,2989118.2,2997,2022-01-24 00:00:00,2022-01-24 23:59:59,RU000A104B46
99.0,98.99,99.0,98.99,5430117.6,5485,2022-01-26 00:00:00,2022-01-26 23:59:59,RU000A104B46
99.0,99.86,99.86,98.0,2695666.9,2735,2022-01-27 00:00:00,2022-01-27 23:59:59,RU000A104B46
100.4,99.0,100.4,98.98,129703.0,131,2022-01-28 00:00:00,2022-01-28 23:59:59,RU000A104B46
99.0,99.5,99.5,99.0,10455383.0,10508,2022-01-31 00:00:00,2022-01-31 23:59:59,RU000A104B46
99.5,99.06,99.5,99.06,939245.4,944,2022-02-01 00:00:00,2022-02-01 23:59:59,RU000A104B46
99.2,99.45,99.5,99.2,7042183.3,7078,2022-02-02 00:00:00,2022-02-02 23:59:59,RU000A104B46
99.5,99.5,99.5,99.0,2676015.0,2691,2022-02-03 00:00:00,2022-02-03 23:59:59,RU000A104B46
99.9,98.73,99.9,97.3,52131540.8,53421,2022-02-04 00:00:00,2022-02-04 23:59:59,RU000A104B46
98.81,98.8,98.82,98.7,4748192.0,4806,2022-02-07 00:00:00,2022-02-07 23:59:59,RU000A104B46
99.89,99.5,99.9,98.8,3452122.0,3472,2022-02-08 00:00:00,2022-02-08 23:59:59,RU000A104B46
98.8,99.5,99.5,97.5,2197366.4,2209,2022-02-09 00:00:00,2022-02-09 23:59:59,RU000A104B46
99.5,99.5,99.5,99.4,856941.5,862,2022-02-10 00:00:00,2022-02-10 23:59:59,RU000A104B46
99.5,99.49,99.5,99.0,2496777.0,2511,2022-02-11 00:00:00,2022-02-11 23:59:59,RU000A104B46
99.49,98.49,99.49,97.5,1583351.7,1612,2022-02-14 00:00:00,2022-02-14 23:59:59,RU000A104B46
98.01,98.36,99.0,97.1,8393860.1,8603,2022-02-15 00:00:00,2022-02-15 23:59:59,RU000A104B46
98.99,98.55,98.99,98.55,776388.4,786,2022-02-16 00:00:00,2022-02-16 23:59:59,RU000A104B46
98.63,98.63,98.63,97.14,768944.6,786,2022-02-17 00:00:00,2022-02-17 23:59:59,RU000A104B46
97.62,97.18,97.62,97.17,44840.6,46,2022-02-18 00:00:00,2022-02-18 23:59:59,RU000A104B46
98.5,96.7,98.5,96.7,12227086.3,12534,2022-02-21 00:00:00,2022-02-21 23:59:59,RU000A104B46
95.5,95.45,97.94,95.4,10040607.3,10498,2022-02-22 00:00:00,2022-02-22 23:59:59,RU000A104B46
82.01,95.0,97.48,82.01,27434.4,29,2022-02-24 00:00:00,2022-02-24 23:59:59,RU000A104B46
97.0,88.97,97.0,82.0,2056392.3,2265,2022-02-25 00:00:00,2022-02-25 23:59:59,RU000A104B46
80.1,84.4,88.87,80.1,217232.5,258,2022-03-28 00:00:00,2022-03-28 23:59:59,RU000A104B46
81.01,85.0,85.0,80.95,167562.8,199,2022-03-29 00:00:00,2022-03-29 23:59:59,RU000A104B46
77.01,84.99,86.0,77.01,616142.0,720,2022-03-30 00:00:00,2022-03-30 23:59:59,RU000A104B46
84.99,88.79,88.79,84.99,42975.1,49,2022-03-31 00:00:00,2022-03-31 23:59:59,RU000A104B46
88.8,88.8,88.8,88.0,115200.0,130,2022-04-01 00:00:00,2022-04-01 23:59:59,RU000A104B46
95.0,95.0,95.0,83.1,226904.5,242,2022-04-04 00:00:00,2022-04-04 23:59:59,RU000A104B46
85.11,88.0,94.96,85.11,12331.7,14,2022-04-06 00:00:00,2022-04-06 23:59:59,RU000A104B46
83.01,89.45,89.45,83.0,33020.5,39,2022-04-07 00:00:00,2022-04-07 23:59:59,RU000A104B46
89.74,89.24,89.74,89.24,2916728.2,3268,2022-04-08 00:00:00,2022-04-08 23:59:59,RU000A104B46
79.23,97.38,97.39,79.23,111872.9,116,2022-04-11 00:00:00,2022-04-11 23:59:59,RU000A104B46
81.25,93.39,93.39,81.21,58351.1,69,2022-04-13 00:00:00,2022-04-13 23:59:59,RU000A104B46
95.99,87.79,95.99,87.78,595376.1,659,2022-04-14 00:00:00,2022-04-14 23:59:59,RU000A104B46
94.49,94.49,94.49,94.49,1889.8,2,2022-04-15 00:00:00,2022-04-15 23:59:59,RU000A104B46
95.99,95.86,95.99,83.03,10222.4,12,2022-04-18 00:00:00,2022-04-18 23:59:59,RU000A104B46
95.5,91.0,95.5,88.05,1710531.1,1882,2022-04-20 00:00:00,2022-04-20 23:59:59,RU000A104B46
90.21,95.0,95.98,90.2,1382520.2,1531,2022-04-21 00:00:00,2022-04-21 23:59:59,RU000A104B46
98.97,94.19,98.97,90.54,20893.2,22,2022-04-22 00:00:00,2022-04-22 23:59:59,RU000A104B46
93.15,94.99,94.99,93.1,32776.9,35,2022-04-25 00:00:00,2022-04-25 23:59:59,RU000A104B46
94.97,94.95,94.99,94.94,150991.8,159,2022-04-26 00:00:00,2022-04-26 23:59:59,RU000A104B46
94.94,94.95,94.95,94.94,914366.9,963,2022-04-27 00:00:00,2022-04-27 23:59:59,RU000A104B46
95.9,94.97,95.9,94.96,4776.3,5,2022-04-28 00:00:00,2022-04-28 23:59:59,RU000A104B46
95.88,95.99,96.0,94.9,519362.6,546,2022-04-29 00:00:00,2022-04-29 23:59:59,RU000A104B46
95.01,94.99,95.01,94.99,1341401.0,1412,2022-05-04 00:00:00,2022-05-04 23:59:59,RU000A104B46
94.98,95.9,95.92,94.98,3463724.7,3612,2022-05-05 00:00:00,2022-05-05 23:59:59,RU000A104B46
97.47,97.47,97.47,97.47,1949.4,2,2022-05-06 00:00:00,2022-05-06 23:59:59,RU000A104B46
87.81,95.01,95.01,87.81,19231.8,21,2022-05-11 00:00:00,2022-05-11 23:59:59,RU000A104B46
93.98,95.69,95.71,92.5,12199.5,13,2022-05-17 00:00:00,2022-05-17 23:59:59,RU000A104B46
95.97,94.11,95.97,94.11,2841.9,3,2022-05-18 00:00:00,2022-05-18 23:59:59,RU000A104B46
95.97,95.97,95.97,95.97,959.7,1,2022-05-19 00:00:00,2022-05-19 23:59:59,RU000A104B46
95.81,95.05,95.82,95.05,16211.9,17,2022-05-20 00:00:00,2022-05-20 23:59:59,RU000A104B46
94.99,95.9,95.9,94.99,153396.1,161,2022-05-23 00:00:00,2022-05-23 23:59:59,RU000A104B46
88.22,95.0,95.4,88.22,1058268.2,1114,2022-05-24 00:00:00,2022-05-24 23:59:59,RU000A104B46
94.79,94.02,94.8,91.51,183030.2,195,2022-05-25 00:00:00,2022-05-25 23:59:59,RU000A104B46
95.19,95.0,95.19,94.79,25159143.0,26529,2022-05-26 00:00:00,2022-05-26 23:59:59,RU000A104B46
95.89,95.1,95.89,95.1,4072862.0,4281,2022-05-27 00:00:00,2022-05-27 23:59:59,RU000A104B46
95.79,95.7,96.99,94.75,7713109.4,8060,2022-05-30 00:00:00,2022-05-30 23:59:59,RU000A104B46
95.6,95.54,95.6,93.65,394649.5,413,2022-05-31 00:00:00,2022-05-31 23:59:59,RU000A104B46
98.79,95.25,98.8,95.25,4823941.2,5041,2022-06-01 00:00:00,2022-06-01 23:59:59,RU000A104B46
97.0,97.25,97.25,96.01,445250.0,458,2022-06-02 00:00:00,2022-06-02 23:59:59,RU000A104B46
97.49,97.4,97.5,96.68,144126.40000000002,148,2022-06-03 00:00:00,2022-06-03 23:59:51,RU000A104B46
98.99,97.9,99.0,97.9,1877592.0,1897,2022-06-06 00:00:00,2022-06-06 23:59:59,RU000A104B46
98.29,98.99,99.5,98.06,1349710.8,1361,2022-06-07 00:00:00,2022-06-07 23:59:59,RU000A104B46
98.99,99.01,99.5,98.52,3095616.0,3125,2022-06-08 00:00:00,2022-06-08 23:59:59,RU000A104B46
100.57,99.5,100.57,98.36,5242187.0,5272,2022-06-09 00:00:00,2022-06-09 23:59:59,RU000A104B46
100.17,101.0,101.0,98.1,151132.4,152,2022-06-10 00:00:00,2022-06-10 23:59:59,RU000A104B46
101.0,100.9,101.0,100.0,2345881.8,2325,2022-06-14 00:00:00,2022-06-14 23:59:59,RU000A104B46
100.0,100.24,100.8,100.0,129900.9,129,2022-06-15 00:00:00,2022-06-15 23:59:59,RU000A104B46
100.74,100.74,100.74,100.74,1007.4,1,2022-06-16 00:00:00,2022-06-16 23:59:59,RU000A104B46
95.31,99.43,100.8,95.24,59056.4,59,2022-06-17 00:00:00,2022-06-17 23:59:59,RU000A104B46
100.9,100.31,113.7,99.12,624444.3,618,2022-06-20 00:00:00,2022-06-20 23:59:59,RU000A104B46
100.98,100.9,101.0,100.9,54533.5,54,2022-06-21 00:00:00,2022-06-21 23:59:59,RU000A104B46
96.45,100.77,100.77,96.44,591089.9,600,2022-06-22 00:00:00,2022-06-22 23:59:59,RU000A104B46
98.36,100.0,100.0,98.36,576818.5,577,2022-06-23 00:00:00,2022-06-23 23:59:59,RU000A104B46
100.0,101.0,101.0,100.0,127058.8,126,2022-06-24 00:00:00,2022-06-24 23:59:59,RU000A104B46
101.0,100.61,101.0,100.46,605179.9,601,2022-06-27 00:00:00,2022-06-27 23:59:59,RU000A104B46
100.86,100.7,101.0,100.7,2804460.7,2777,2022-06-28 00:00:00,2022-06-28 23:59:59,RU000A104B46
95.37,101.0,101.0,95.37,299830.7,297,2022-06-29 00:00:00,2022-06-29 23:59:59,RU000A104B46
100.0,100.61,100.63,100.0,106639.0,106,2022-07-01 00:00:00,2022-07-01 23:59:59,RU000A104B46
100.95,100.98,100.98,100.95,9087.8,9,2022-07-04 00:00:00,2022-07-04 23:59:59,RU000A104B46
96.37,100.99,100.99,96.37,481165.8,478,2022-07-05 00:00:00,2022-07-05 23:59:59,RU000A104B46
100.97,100.97,100.97,100.97,43417.1,43,2022-07-06 00:00:00,2022-07-06 23:59:59,RU000A104B46
99.36,101.0,101.0,99.35,1120842.4,1110,2022-07-07 00:00:00,2022-07-07 23:59:59,RU000A104B46
101.0,101.0,101.0,101.0,38380.0,38,2022-07-08 00:00:00,2022-07-08 23:59:59,RU000A104B46
101.0,101.0,101.0,101.0,2662360.0,2636,2022-07-11 00:00:00,2022-07-11 23:59:59,RU000A104B46
100.98,100.98,100.98,100.98,60588.0,60,2022-07-12 00:00:00,2022-07-12 23:59:59,RU000A104B46
100.95,100.94,100.95,100.55,158960.6,158,2022-07-13 00:00:00,2022-07-13 23:59:59,RU000A104B46
100.98,100.0,100.98,100.0,81049.0,81,2022-07-14 00:00:00,2022-07-14 23:59:59,RU000A104B46
101.99,101.0,101.99,100.99,2583569.3,2558,2022-07-18 00:00:00,2022-07-18 23:59:59,RU000A104B46
101.0,100.76,101.0,96.81,96810.3,96,2022-07-19 00:00:00,2022-07-19 23:59:59,RU000A104B46
96.88,100.39,100.72,96.88,154901.6,154,2022-07-20 00:00:00,2022-07-20 23:59:59,RU000A104B46
99.79,100.75,100.99,99.79,301417.5,301,2022-07-21 00:00:00,2022-07-21 23:59:59,RU000A104B46
100.98,101.96,101.97,100.86,67756180.6,67085,2022-07-22 00:00:00,2022-07-22 23:59:59,RU000A104B46
101.44,101.42,101.44,101.15,439131.3,433,2022-07-25 00:00:00,2022-07-25 23:59:59,RU000A104B46
101.41,101.57,101.57,100.99,2738957.1,2711,2022-07-26 00:00:00,2022-07-26 23:59:59,RU000A104B46
101.4,101.67,101.67,101.4,274081.2,270,2022-07-27 00:00:00,2022-07-27 23:59:59,RU000A104B46
101.53,101.82,101.82,101.4,8280594.2,8161,2022-07-28 00:00:00,2022-07-28 23:59:59,RU000A104B46
101.75,101.89,101.89,101.75,19333.9,19,2022-07-29 00:00:00,2022-07-29 23:59:59,RU000A104B46
101.97,103.48,103.49,101.62,216236.8,210,2022-08-01 00:00:00,2022-08-01 23:59:59,RU000A104B46
103.49,101.84,103.49,101.0,42536.8,42,2022-08-02 00:00:00,2022-08-02 23:59:59,RU000A104B46
101.97,101.72,101.99,101.32,1615271.2,1588,2022-08-03 00:00:00,2022-08-03 23:59:59,RU000A104B46
101.56,101.74,102.01,101.54,31541.6,31,2022-08-04 00:00:00,2022-08-04 23:59:59,RU000A104B46
101.68,101.8,101.8,101.48,281956.4,277,2022-08-05 00:00:00,2022-08-05 23:59:59,RU000A104B46
99.02,101.8,103.48,87.77,942609.3,950,2022-08-08 00:00:00,2022-08-08 23:59:59,RU000A104B46
101.99,101.65,102.09,101.31,254935.0,250,2022-08-09 00:00:00,2022-08-09 23:59:59,RU000A104B46
101.79,101.73,102.0,101.53,395696.4,388,2022-08-10 00:00:00,2022-08-10 23:59:59,RU000A104B46
101.99,102.6,102.6,101.75,741378.0,723,2022-08-11 00:00:00,2022-08-11 23:59:59,RU000A104B46
102.31,101.85,102.31,101.85,742654.9,726,2022-08-12 00:00:00,2022-08-12 23:59:59,RU000A104B46
102.02,102.02,102.02,102.02,1020.2,1,2022-08-15 00:00:00,2022-08-15 23:59:59,RU000A104B46
102.22,102.12,102.34,102.07,150400.4,147,2022-08-17 00:00:00,2022-08-17 23:59:59,RU000A104B46
102.08,102.06,102.31,101.86,207440.0,203,2022-08-18 00:00:00,2022-08-18 23:59:59,RU000A104B46
102.22,102.43,102.43,102.22,825398.3,806,2022-08-19 00:00:00,2022-08-19 23:59:59,RU000A104B46
102.41,102.43,102.43,102.41,55308.8,54,2022-08-22 00:00:00,2022-08-22 23:59:59,RU000A104B46
102.3,102.3,102.3,102.3,792825.0,775,2022-08-23 00:00:00,2022-08-23 23:59:59,RU000A104B46
101.51,102.03,102.23,101.51,1117333.4,1095,2022-08-24 00:00:00,2022-08-24 23:59:59,RU000A104B46
102.18,102.06,102.2,102.06,291261.6,285,2022-08-25 00:00:00,2022-08-25 23:59:59,RU000A104B46
102.09,102.08,102.09,102.08,12250.4,12,2022-08-26 00:00:00,2022-08-26 23:59:59,RU000A104B46
101.97,102.2,102.2,101.97,84811.8,83,2022-08-29 00:00:00,2022-08-29 23:59:59,RU000A104B46
102.17,102.18,102.18,102.17,4087.0,4,2022-08-30 00:00:00,2022-08-30 23:59:59,RU000A104B46
102.43,102.2,102.43,102.2,59034810.9,57764,2022-08-31 00:00:00,2022-08-31 23:59:59,RU000A104B46
102.17,101.98,102.17,101.94,26518.4,26,2022-09-01 00:00:00,2022-09-01 23:59:59,RU000A104B46
101.99,101.99,101.99,101.99,3059.7,3,2022-09-02 00:00:00,2022-09-02 23:59:59,RU000A104B46
96.03,102.08,102.4,96.03,291300446.9,285587,2022-09-05 00:00:00,2022-09-05 23:59:59,RU000A104B46
102.42,102.14,102.42,100.3,4421724.6,4370,2022-09-06 00:00:00,2022-09-06 23:59:59,RU000A104B46
102.12,102.14,102.14,102.12,881467.7,863,2022-09-07 00:00:00,2022-09-07 23:59:59,RU000A104B46
96.52,102.15,102.19,96.52,1249340.1,1223,2022-09-08 00:00:00,2022-09-08 23:59:59,RU000A104B46
102.15,102.15,102.15,102.15,96021.0,94,2022-09-09 00:00:00,2022-09-09 23:59:59,RU000A104B46
102.15,102.01,102.15,102.01,52095.1,51,2022-09-12 00:00:00,2022-09-12 23:59:59,RU000A104B46
102.19,102.43,102.43,102.07,1845753.6,1806,2022-09-13 00:00:00,2022-09-13 23:59:59,RU000A104B46
102.99,103.0,103.0,102.99,92698.0,90,2022-09-14 00:00:00,2022-09-14 23:59:59,RU000A104B46
102.87,102.2,102.87,101.92,193238.3,189,2022-09-15 00:00:00,2022-09-15 23:59:59,RU000A104B46
102.22,102.59,102.59,102.2,188693.4,184,2022-09-16 00:00:00,2022-09-16 23:59:59,RU000A104B46
102.23,102.23,102.23,102.23,40892.0,40,2022-09-19 00:00:00,2022-09-19 23:59:59,RU000A104B46
101.82,101.7,101.82,101.7,2852702.9,2805,2022-09-20 00:00:00,2022-09-20 23:59:59,RU000A104B46
100.99,101.0,101.0,100.99,2329059.8,2306,2022-09-21 00:00:00,2022-09-21 23:59:59,RU000A104B46
100.99,101.0,101.0,100.99,13129.8,13,2022-09-22 00:00:00,2022-09-22 23:59:59,RU000A104B46
101.01,98.53,101.01,98.53,1443425.6,1453,2022-09-23 00:00:00,2022-09-23 23:59:59,RU000A104B46
96.51,96.14,97.99,88.25,661148.1,695,2022-09-26 00:00:00,2022-09-26 23:59:59,RU000A104B46
96.09,96.8,97.49,95.91,1550704.5,1608,2022-09-27 00:00:00,2022-09-27 23:59:59,RU000A104B46
100.0,97.21,100.0,97.13,1042254.7,1046,2022-09-28 00:00:00,2022-09-28 23:59:59,RU000A104B46
97.79,97.6,97.79,97.58,1618262.1,1658,2022-09-29 00:00:00,2022-09-29 23:59:59,RU000A104B46
94.01,97.61,97.61,94.0,488042.7,502,2022-09-30 00:00:00,2022-09-30 23:59:59,RU000A104B46
99.97,98.1,99.97,98.02,1076081.9,1096,2022-10-03 00:00:00,2022-10-03 23:59:59,RU000A104B46
97.76,98.83,98.83,93.07,310214.3,322,2022-10-04 00:00:00,2022-10-04 23:59:59,RU000A104B46
98.83,98.83,98.83,98.83,30637.3,31,2022-10-05 00:00:00,2022-10-05 23:59:59,RU000A104B46
103.0,99.0,103.0,99.0,3790751.0,3825,2022-10-06 00:00:00,2022-10-06 23:59:59,RU000A104B46
99.0,99.86,102.68,99.0,6846754.2,6912,2022-10-07 00:00:00,2022-10-07 23:59:59,RU000A104B46
98.27,99.39,99.5,98.2,32535.5,33,2022-10-10 00:00:00,2022-10-10 23:59:59,RU000A104B46
98.04,101.25,101.25,98.04,36410.4,36,2022-10-11 00:00:00,2022-10-11 23:59:59,RU000A104B46
98.92,99.68,99.68,98.9,40606.2,41,2022-10-12 00:00:00,2022-10-12 23:59:59,RU000A104B46
99.96,99.9,100.0,99.7,2170623.3,2171,2022-10-13 00:00:00,2022-10-13 23:59:59,RU000A104B46
100.0,99.99,100.0,99.3,60656.7,61,2022-10-14 00:00:00,2022-10-14 23:59:59,RU000A104B46
100.0,100.0,100.0,99.99,503999.6,504,2022-10-17 00:00:00,2022-10-17 23:59:59,RU000A104B46
102.9,99.46,102.9,99.46,12998.7,13,2022-10-18 00:00:00,2022-10-18 23:59:59,RU000A104B46
100.09,100.0,100.09,99.97,1056989.3,1057,2022-10-19 00:00:00,2022-10-19 23:59:59,RU000A104B46
100.0,102.4,102.91,100.0,2482775.0,2416,2022-10-20 00:00:00,2022-10-20 23:59:59,RU000A104B46
100.92,101.99,101.99,100.92,26249.9,26,2022-10-21 00:00:00,2022-10-21 23:59:59,RU000A104B46
97.71,97.71,97.71,97.71,977.1,1,2022-10-24 00:00:00,2022-10-24 23:59:59,RU000A104B46
101.98,100.55,101.98,100.0,200112.9,200,2022-10-25 00:00:00,2022-10-25 23:59:59,RU000A104B46
97.08,101.0,101.99,97.08,869062.6,859,2022-10-26 00:00:00,2022-10-26 23:59:59,RU000A104B46
101.0,101.0,101.0,100.78,615071.8,609,2022-10-27 00:00:00,2022-10-27 23:59:59,RU000A104B46
101.0,101.0,101.0,101.0,1010.0,1,2022-10-28 00:00:00,2022-10-28 23:59:59,RU000A104B46
101.0,101.0,101.0,101.0,13130.0,13,2022-10-31 00:00:00,2022-10-31 23:59:59,RU000A104B46
102.98,100.13,102.98,100.0,140512.0,140,2022-11-01 00:00:00,2022-11-01 23:59:59,RU000A104B46
100.96,100.39,101.0,100.39,378736.5,375,2022-11-02 00:00:00,2022-11-02 23:59:59,RU000A104B46
103.94,100.99,103.94,98.2,25264.2,25,2022-11-03 00:00:00,2022-11-03 23:59:59,RU000A104B46
100.99,100.94,100.99,100.77,21178.1,21,2022-11-07 00:00:00,2022-11-07 23:59:59,RU000A104B46
100.06,100.85,100.87,100.05,4018.3,4,2022-11-08 00:00:00,2022-11-08 23:59:59,RU000A104B46
100.68,100.9,100.91,100.33,5717060.1,5667,2022-11-09 00:00:00,2022-11-09 23:59:59,RU000A104B46
100.87,100.9,100.9,100.87,380386.5,377,2022-11-10 00:00:00,2022-11-10 23:59:59,RU000A104B46
100.89,100.5,100.89,100.5,12067.8,12,2022-11-11 00:00:00,2022-11-11 23:59:59,RU000A104B46
100.89,100.61,100.89,100.6,235443.6,234,2022-11-14 00:00:00,2022-11-14 23:59:59,RU000A104B46
100.61,100.6,100.88,100.6,72437.9,72,2022-11-15 00:00:00,2022-11-15 23:59:59,RU000A104B46
100.79,100.79,100.8,100.79,103814.1,103,2022-11-16 00:00:00,2022-11-16 23:59:59,RU000A104B46
100.78,100.9,100.9,100.6,458262.6,455,2022-11-17 00:00:00,2022-11-17 23:59:59,RU000A104B46
100.25,100.9,100.9,100.25,2013956.1,1996,2022-11-21 00:00:00,2022-11-21 23:59:59,RU000A104B46
100.9,100.9,100.9,100.67,4213581.6,4176,2022-11-22 00:00:00,2022-11-22 23:59:59,RU000A104B46
100.9,100.7,100.9,100.7,35265.0,35,2022-11-23 00:00:00,2022-11-23 23:59:59,RU000A104B46
100.54,100.81,100.81,100.5,49271.5,49,2022-11-24 00:00:00,2022-11-24 23:59:59,RU000A104B46
100.9,100.9,100.9,100.87,1597242.7,1583,2022-11-25 00:00:00,2022-11-25 23:59:59,RU000A104B46
100.5,100.4,100.5,100.39,1512523.4,1506,2022-11-28 00:00:00,2022-11-28 23:59:59,RU000A104B46
100.89,100.47,100.9,100.47,523614.8,519,2022-11-29 00:00:00,2022-11-29 23:59:59,RU000A104B46
98.42,100.2,101.68,98.42,261545.3,261,2022-11-30 00:00:00,2022-11-30 23:59:59,RU000A104B46
100.27,100.7,100.87,100.27,1628325.2,1617,2022-12-01 00:00:00,2022-12-01 23:59:59,RU000A104B46
100.87,100.9,100.9,100.86,67598.7,67,2022-12-02 00:00:00,2022-12-02 23:59:59,RU000A104B46
101.91,101.91,101.91,101.91,19362.9,19,2022-12-05 00:00:00,2022-12-05 23:59:59,RU000A104B46
100.99,100.85,100.99,100.85,4771562.2,4729,2022-12-06 00:00:00,2022-12-06 23:59:59,RU000A104B46
100.85,100.62,100.9,100.5,957398.0,949,2022-12-07 00:00:00,2022-12-07 23:59:59,RU000A104B46
100.86,100.89,100.89,100.86,5016244.9,4972,2022-12-08 00:00:00,2022-12-08 23:59:59,RU000A104B46
100.89,100.89,100.89,100.88,376317.2,373,2022-12-09 00:00:00,2022-12-09 23:59:59,RU000A104B46
100.9,100.83,100.9,100.0,12087.4,12,2022-12-12 00:00:00,2022-12-12 23:59:59,RU000A104B46
102.97,100.9,102.97,100.88,655870.3,650,2022-12-13 00:00:00,2022-12-13 23:59:59,RU000A104B46
100.89,100.89,100.89,100.87,9589574.5,9505,2022-12-14 00:00:00,2022-12-14 23:59:59,RU000A104B46
100.88,100.89,100.89,100.88,1136016.2,1126,2022-12-15 00:00:00,2022-12-15 23:59:59,RU000A104B46
100.89,100.89,100.89,100.89,375310.8,372,2022-12-16 00:00:00,2022-12-16 23:59:59,RU000A104B46
100.8,99.8,100.89,99.8,1525154.1,1512,2022-12-19 00:00:00,2022-12-19 23:59:59,RU000A104B46
100.0,100.4,100.41,100.0,531108.2,529,2022-12-20 00:00:00,2022-12-20 23:59:59,RU000A104B46
100.77,100.41,100.8,100.41,483507.9,480,2022-12-21 00:00:00,2022-12-21 23:59:59,RU000A104B46
102.97,100.75,102.97,100.48,185592.5,184,2022-12-22 00:00:00,2022-12-22 23:59:59,RU000A104B46
100.85,100.72,100.9,100.52,3273431.3,3245,2022-12-23 00:00:00,2022-12-23 23:59:59,RU000A104B46
101.0,100.9,101.02,100.52,2797574.8,2773,2022-12-26 00:00:00,2022-12-26 23:59:59,RU000A104B46
100.91,100.9,100.91,100.0,3080910.7,3054,2022-12-27 00:00:00,2022-12-27 23:59:59,RU000A104B46
98.84,100.9,100.9,98.84,7357902.6,7295,2022-12-28 00:00:00,2022-12-28 23:59:59,RU000A104B46
100.9,100.9,100.9,100.89,1324812.1,1313,2022-12-29 00:00:00,2022-12-29 23:59:59,RU000A104B46
102.55,100.9,102.57,100.2,1984355.3,1967,2022-12-30 00:00:00,2022-12-30 23:59:59,RU000A104B46
102.23,102.23,102.23,102.23,1022.3,1,2023-01-03 00:00:00,2023-01-03 23:59:59,RU000A104B46
100.97,100.9,100.98,100.9,4037.5,4,2023-01-05 00:00:00,2023-01-05 23:59:59,RU000A104B46
101.0,102.1,102.15,100.55,154887.5,154,2023-01-06 00:00:00,2023-01-06 23:59:59,RU000A104B46
100.89,100.9,100.9,100.89,2019911.3,2002,2023-01-09 00:00:00,2023-01-09 23:59:59,RU000A104B46
100.89,100.89,100.89,100.89,2017.8,2,2023-01-10 00:00:00,2023-01-10 23:59:59,RU000A104B46
102.58,100.8,102.58,100.8,12115.1,12,2023-01-11 00:00:00,2023-01-11 23:59:59,RU000A104B46
100.51,100.87,100.87,100.5,711596.2,708,2023-01-12 00:00:00,2023-01-12 23:59:59,RU000A104B46
100.61,100.7,100.88,100.6,474298.2,471,2023-01-13 00:00:00,2023-01-13 23:59:59,RU000A104B46
100.71,100.9,100.9,100.7,4079335.1,4043,2023-01-16 00:00:00,2023-01-16 23:59:59,RU000A104B46
100.8,100.7,100.9,99.1,2905898.0,2889,2023-01-17 00:00:00,2023-01-17 23:59:59,RU000A104B46
100.78,100.78,100.83,100.74,6489320.7,6441,2023-01-18 00:00:00,2023-01-18 23:59:59,RU000A104B46
102.6,100.89,113.27,99.09,276491.0,256,2023-01-19 00:00:00,2023-01-19 23:59:59,RU000A104B46
100.89,100.61,100.89,100.61,10092023.9,10003,2023-01-20 00:00:00,2023-01-20 23:59:59,RU000A104B46
100.63,100.62,100.63,100.62,38238.4,38,2023-01-23 00:00:00,2023-01-23 23:59:59,RU000A104B46
100.6,100.55,100.6,99.01,132583.1,132,2023-01-24 00:00:00,2023-01-24 23:59:59,RU000A104B46
100.54,100.55,100.55,100.5,11858240.0,11794,2023-01-25 00:00:00,2023-01-25 23:59:59,RU000A104B46
100.46,100.5,100.5,100.46,4850118.4,4826,2023-01-26 00:00:00,2023-01-26 23:59:59,RU000A104B46
100.49,100.5,100.5,100.05,2740038.5,2727,2023-01-27 00:00:00,2023-01-27 23:59:59,RU000A104B46
100.48,100.9,100.9,100.48,16944910.4,16801,2023-01-30 00:00:00,2023-01-30 23:59:59,RU000A104B46
100.88,102.5,102.5,100.87,7769767.0,7593,2023-01-31 00:00:00,2023-01-31 23:59:59,RU000A104B46
102.29,102.0,102.3,102.0,116576.8,114,2023-02-01 00:00:00,2023-02-01 23:59:59,RU000A104B46
102.0,100.55,102.0,100.55,4862460.4,4816,2023-02-02 00:00:00,2023-02-02 23:59:59,RU000A104B46
101.19,101.2,101.21,100.6,3515105.5,3475,2023-02-03 00:00:00,2023-02-03 23:59:59,RU000A104B46
102.28,100.79,102.28,100.57,29231.5,29,2023-02-06 00:00:00,2023-02-06 23:59:59,RU000A104B46
101.88,101.27,101.88,101.27,5075.6,5,2023-02-07 00:00:00,2023-02-07 23:59:59,RU000A104B46
100.9,100.8,100.9,100.65,34427868.9,34200,2023-02-08 00:00:00,2023-02-08 23:59:59,RU000A104B46
100.72,100.7,100.72,100.69,11077.1,11,2023-02-09 00:00:00,2023-02-09 23:59:59,RU000A104B46
100.61,100.95,102.5,100.42,53660537.1,53386,2023-02-10 00:00:00,2023-02-10 23:59:59,RU000A104B46
107.94,100.62,107.96,100.61,274997.9,273,2023-02-13 00:00:00,2023-02-13 23:59:59,RU000A104B46
102.32,100.25,102.5,100.0,450344.8,440,2023-02-14 00:00:00,2023-02-14 23:59:59,RU000A104B46
106.49,100.18,106.49,96.07,302570.5,302,2023-02-15 00:00:00,2023-02-15 23:59:59,RU000A104B46
101.13,100.3,101.13,99.99,501457.8,501,2023-02-16 00:00:00,2023-02-16 23:59:59,RU000A104B46
100.1,100.0,100.45,99.99,2196978.6,2197,2023-02-17 00:00:00,2023-02-17 23:59:59,RU000A104B46
99.96,99.95,100.0,99.4,988187.7,994,2023-02-20 00:00:00,2023-02-20 23:59:59,RU000A104B46
100.4,99.97,100.75,99.97,122104.8,122,2023-02-21 00:00:00,2023-02-21 23:59:59,RU000A104B46
100.94,100.1,101.0,100.1,1138657.1,1136,2023-02-22 00:00:00,2023-02-22 23:59:59,RU000A104B46
100.9,100.01,100.9,99.55,845736.4,847,2023-02-27 00:00:00,2023-02-27 23:59:59,RU000A104B46
106.5,100.08,106.5,100.08,40354.7,40,2023-02-28 00:00:00,2023-02-28 23:59:59,RU000A104B46
100.48,100.1,101.0,100.1,1918872.1,1916,2023-03-01 00:00:00,2023-03-01 23:59:59,RU000A104B46
100.2,100.7,100.93,100.2,1670484.2,1664,2023-03-02 00:00:00,2023-03-02 23:59:59,RU000A104B46
100.7,100.9,101.0,100.7,1036431.8,1027,2023-03-03 00:00:00,2023-03-03 23:59:59,RU000A104B46
100.36,100.94,100.99,100.36,4028.1,4,2023-03-06 00:00:00,2023-03-06 23:59:59,RU000A104B46
100.65,100.6,100.79,100.6,14157661.8,14073,2023-03-07 00:00:00,2023-03-07 23:59:59,RU000A104B46
100.8,100.79,100.8,100.6,208451.9,207,2023-03-10 00:00:00,2023-03-10 23:59:59,RU000A104B46
100.79,100.69,100.79,100.61,11082.0,11,2023-03-13 00:00:00,2023-03-13 23:59:59,RU000A104B46
100.8,100.3,100.8,100.3,964408.3,961,2023-03-14 00:00:00,2023-03-14 23:59:59,RU000A104B46
100.47,100.0,100.47,99.99,10821160.5,10819,2023-03-15 00:00:00,2023-03-15 23:59:59,RU000A104B46
100.68,100.08,100.69,100.08,120181.4,120,2023-03-16 00:00:00,2023-03-16 23:59:59,RU000A104B46
100.97,99.98,100.97,99.98,13211365.3,13211,2023-03-17 00:00:00,2023-03-17 23:59:59,RU000A104B46
100.48,100.46,100.48,98.0,15720745.5,15708,2023-03-20 00:00:00,2023-03-20 23:59:59,RU000A104B46
100.0,100.38,100.38,99.99,20142995.3,20133,2023-03-21 00:00:00,2023-03-21 23:59:59,RU000A104B46
100.29,100.35,100.36,100.02,10291883.7,10257,2023-03-22 00:00:00,2023-03-22 23:59:59,RU000A104B46
100.42,100.43,100.44,100.39,16068.4,16,2023-03-23 00:00:00,2023-03-23 23:59:59,RU000A104B46
100.24,100.2,100.24,100.19,1419131.8,1416,2023-03-24 00:00:00,2023-03-24 23:59:59,RU000A104B46
99.05,100.4,100.43,99.05,406678.7,405,2023-03-27 00:00:00,2023-03-27 23:59:59,RU000A104B46
100.34,100.3,100.34,100.3,79241.4,79,2023-03-28 00:00:00,2023-03-28 23:59:59,RU000A104B46
100.3,100.02,100.3,100.01,372353.3,372,2023-03-29 00:00:00,2023-03-29 23:59:59,RU000A104B46
100.04,100.0,100.04,100.0,13700936.1,13697,2023-03-30 00:00:00,2023-03-30 23:59:59,RU000A104B46
100.43,100.42,100.44,99.98,518254.5,516,2023-03-31 00:00:00,2023-03-31 23:59:59,RU000A104B46
100.06,100.4,100.4,99.8,206972.6,207,2023-04-03 00:00:00,2023-04-03 23:59:59,RU000A104B46
100.39,100.56,100.6,100.0,285830.4,285,2023-04-04 00:00:00,2023-04-04 23:59:59,RU000A104B46
100.3,100.37,100.38,99.58,69045.5,69,2023-04-05 00:00:00,2023-04-05 23:59:59,RU000A104B46
100.0,99.97,100.0,99.6,2478705.7,2488,2023-04-06 00:00:00,2023-04-06 23:59:59,RU000A104B46
99.98,99.8,99.99,99.8,366811.6,367,2023-04-07 00:00:00,2023-04-07 23:59:59,RU000A104B46
99.97,99.98,99.99,98.93,85789.6,86,2023-04-10 00:00:00,2023-04-10 23:59:59,RU000A104B46
99.6,99.92,99.97,99.58,1679778.3,1681,2023-04-11 00:00:00,2023-04-11 23:59:59,RU000A104B46
99.64,99.96,99.99,99.64,1601638.3,1604,2023-04-12 00:00:00,2023-04-12 23:59:59,RU000A104B46
99.64,99.95,100.4,99.64,818963.0,816,2023-04-13 00:00:00,2023-04-13 23:59:59,RU000A104B46
100.2,99.99,100.3,99.95,2956700.2,2954,2023-04-14 00:00:00,2023-04-14 23:59:59,RU000A104B46
100.0,100.0,100.23,99.86,3315901.3,3316,2023-04-17 00:00:00,2023-04-17 23:59:59,RU000A104B46
99.81,99.97,100.02,99.0,1203711.2,1206,2023-04-18 00:00:00,2023-04-18 23:59:59,RU000A104B46
99.74,99.95,99.99,99.05,274867.3,276,2023-04-19 00:00:00,2023-04-19 23:59:59,RU000A104B46
99.98,99.97,99.98,99.73,334740.8,335,2023-04-20 00:00:00,2023-04-20 23:59:59,RU000A104B46
99.66,100.0,100.0,99.66,3073644.9,3076,2023-04-21 00:00:00,2023-04-21 23:59:59,RU000A104B46
99.75,99.8,100.01,99.75,47961479.9,47962,2023-04-24 00:00:00,2023-04-24 23:59:59,RU000A104B46
99.99,99.99,100.0,99.82,8023982.7,8024,2023-04-25 00:00:00,2023-04-25 23:59:59,RU000A104B46
100.0,99.99,100.0,99.78,6159776.2,6161,2023-04-26 00:00:00,2023-04-26 23:59:59,RU000A104B46
100.02,99.98,100.02,99.13,3361466.6,3365,2023-04-27 00:00:00,2023-04-27 23:59:59,RU000A104B46
99.98,99.99,100.0,99.73,11031084.8,11032,2023-04-28 00:00:00,2023-04-28 23:59:59,RU000A104B46
99.97,100.02,100.29,99.55,79857.8,80,2023-05-02 00:00:00,2023-05-02 23:59:59,RU000A104B46
100.38,100.0,100.38,99.81,48011.8,48,2023-05-03 00:00:00,2023-05-03 23:59:59,RU000A104B46
100.59,100.1,100.59,100.01,21051.6,21,2023-05-04 00:00:00,2023-05-04 23:59:59,RU000A104B46
100.53,100.27,100.53,100.23,53140.1,53,2023-05-05 00:00:00,2023-05-05 23:59:59,RU000A104B46
100.49,100.07,100.5,100.04,50131.6,50,2023-05-08 00:00:00,2023-05-08 23:59:59,RU000A104B46
100.49,100.28,100.49,99.99,136282.9,136,2023-05-10 00:00:00,2023-05-10 23:59:59,RU000A104B46
100.49,100.39,100.49,100.39,39715136.6,39557,2023-05-11 00:00:00,2023-05-11 23:59:59,RU000A104B46
100.0,100.25,100.4,99.99,10260309.9,10250,2023-05-12 00:00:00,2023-05-12 23:59:59,RU000A104B46
100.34,100.34,100.4,100.2,987901.7,985,2023-05-15 00:00:00,2023-05-15 23:59:59,RU000A104B46
100.39,100.03,100.4,100.03,58168.5,58,2023-05-16 00:00:00,2023-05-16 23:59:59,RU000A104B46
100.39,100.39,100.39,100.38,128498.3,128,2023-05-17 00:00:00,2023-05-17 23:59:59,RU000A104B46
100.42,100.43,100.45,100.0,94123.3,94,2023-05-18 00:00:00,2023-05-18 23:59:59,RU000A104B46
100.03,100.36,100.37,99.99,77012.5,77,2023-05-19 00:00:00,2023-05-19 23:59:59,RU000A104B46
100.36,100.14,100.39,100.12,7016.2,7,2023-05-22 00:00:00,2023-05-22 23:59:59,RU000A104B46
100.79,100.5,100.79,99.99,683763.7,681,2023-05-23 00:00:00,2023-05-23 23:59:59,RU000A104B46
100.12,100.35,100.44,100.07,67164.6,67,2023-05-24 00:00:00,2023-05-24 23:59:59,RU000A104B46
100.01,100.3,100.31,100.01,182530.0,182,2023-05-25 00:00:00,2023-05-25 23:59:59,RU000A104B46
100.39,100.4,100.51,100.39,3413566.6,3398,2023-05-26 00:00:00,2023-05-26 23:59:59,RU000A104B46
100.67,100.4,100.67,99.99,886484.2,885,2023-05-29 00:00:00,2023-05-29 23:59:59,RU000A104B46
100.58,100.48,100.68,100.24,113394.7,113,2023-05-30 00:00:00,2023-05-30 23:59:59,RU000A104B46
100.3,100.4,100.63,100.3,1286223.2,1281,2023-05-31 00:00:00,2023-05-31 23:59:59,RU000A104B46
100.4,100.4,100.4,100.15,99390.7,99,2023-06-01 00:00:00,2023-06-01 23:59:59,RU000A104B46
100.65,100.53,100.65,100.53,482547.9,480,2023-06-02 00:00:00,2023-06-02 23:59:59,RU000A104B46
100.69,100.58,100.75,100.13,292684.1,291,2023-06-05 00:00:00,2023-06-05 23:59:59,RU000A104B46
99.94,100.52,100.58,99.94,9041.9,9,2023-06-06 00:00:00,2023-06-06 23:59:59,RU000A104B46
100.52,100.78,100.79,100.36,5611971.8,5579,2023-06-07 00:00:00,2023-06-07 23:59:59,RU000A104B46
100.75,100.75,100.75,100.75,4030.0,4,2023-06-08 00:00:00,2023-06-08 23:59:59,RU000A104B46
100.86,100.85,100.86,100.8,23191.5,23,2023-06-09 00:00:00,2023-06-09 23:59:59,RU000A104B46
100.83,100.81,100.83,100.54,1387153.3,1377,2023-06-13 00:00:00,2023-06-13 23:59:59,RU000A104B46
100.07,100.85,101.15,100.01,974033.1,967,2023-06-14 00:00:00,2023-06-14 23:59:59,RU000A104B46
100.85,100.9,100.9,100.59,5684153.4,5634,2023-06-15 00:00:00,2023-06-15 23:59:59,RU000A104B46
101.11,100.69,101.11,100.4,3472323.5,3457,2023-06-16 00:00:00,2023-06-16 23:59:59,RU000A104B46
100.06,100.87,101.04,99.65,840252.2,839,2023-06-19 00:00:00,2023-06-19 23:59:59,RU000A104B46
99.31,100.25,100.97,99.31,1016644.1,1017,2023-06-20 00:00:00,2023-06-20 23:59:59,RU000A104B46
100.5,100.54,100.54,100.3,42174.2,42,2023-06-21 00:00:00,2023-06-21 23:59:59,RU000A104B46
100.43,100.58,100.7,100.3,165831.4,165,2023-06-22 00:00:00,2023-06-22 23:59:59,RU000A104B46
100.34,100.82,100.92,100.01,140177.3,139,2023-06-23 00:00:00,2023-06-23 23:59:59,RU000A104B46
99.72,100.69,100.93,99.72,14759811.5,14715,2023-06-26 00:00:00,2023-06-26 23:59:59,RU000A104B46
99.91,100.6,100.84,99.86,229748.0,229,2023-06-27 00:00:00,2023-06-27 23:59:59,RU000A104B46
100.87,100.3,100.88,99.41,3821617.1,3805,2023-06-28 00:00:00,2023-06-28 23:59:59,RU000A104B46
99.86,100.48,100.48,99.86,10266915.9,10231,2023-06-29 00:00:00,2023-06-29 23:59:59,RU000A104B46
100.48,100.06,100.48,100.03,283829.0,283,2023-06-30 00:00:00,2023-06-30 23:59:59,RU000A104B46
100.43,100.38,100.44,100.16,14043.7,14,2023-07-03 00:00:00,2023-07-03 23:59:59,RU000A104B46
99.89,100.07,100.26,99.89,18018.9,18,2023-07-04 00:00:00,2023-07-04 23:59:59,RU000A104B46
100.34,100.19,100.34,100.0,804079.6,804,2023-07-05 00:00:00,2023-07-05 23:59:59,RU000A104B46
100.31,100.04,100.31,100.03,3789517.4,3788,2023-07-06 00:00:00,2023-07-06 23:59:59,RU000A104B46
100.13,100.6,100.61,100.12,3209742.4,3194,2023-07-07 00:00:00,2023-07-07 23:59:59,RU000A104B46
100.02,100.27,100.37,100.0,348073.2,348,2023-07-10 00:00:00,2023-07-10 23:59:59,RU000A104B46
100.28,100.21,100.28,99.97,372489.6,372,2023-07-11 00:00:00,2023-07-11 23:59:59,RU000A104B46
100.5,100.35,100.5,99.45,25000.8,25,2023-07-12 00:00:00,2023-07-12 23:59:59,RU000A104B46
99.49,100.2,100.26,99.38,601211.2,602,2023-07-13 00:00:00,2023-07-13 23:59:59,RU000A104B46
100.06,100.0,100.06,99.5,4364351.0,4365,2023-07-14 00:00:00,2023-07-14 23:59:59,RU000A104B46
99.1,99.97,100.45,99.09,734400.7,739,2023-07-17 00:00:00,2023-07-17 23:59:59,RU000A104B46
99.85,100.16,100.37,99.51,1991491.9,1985,2023-07-18 00:00:00,2023-07-18 23:59:59,RU000A104B46
100.13,99.8,100.13,99.8,46981.5,47,2023-07-19 00:00:00,2023-07-19 23:59:59,RU000A104B46
100.12,99.96,100.12,99.35,109881.2,110,2023-07-20 00:00:00,2023-07-20 23:59:59,RU000A104B46
100.13,99.98,100.13,99.37,228018.6,229,2023-07-21 00:00:00,2023-07-21 23:59:59,RU000A104B46
99.99,99.68,100.0,99.68,586359.7,588,2023-07-24 00:00:00,2023-07-24 23:59:59,RU000A104B46
98.61,99.79,100.0,98.51,208547.3,210,2023-07-25 00:00:00,2023-07-25 23:59:59,RU000A104B46
99.89,99.59,99.9,99.59,143439.4,144,2023-07-26 00:00:00,2023-07-26 23:59:59,RU000A104B46
99.79,99.7,99.79,99.48,543427.6,545,2023-07-27 00:00:00,2023-07-27 23:59:59,RU000A104B46
100.15,99.84,100.16,99.6,170558.3,171,2023-07-28 00:00:00,2023-07-28 23:59:59,RU000A104B46
99.9,99.91,99.98,99.14,145558.7,146,2023-07-31 00:00:00,2023-07-31 23:59:59,RU000A104B46
99.96,99.8,99.99,99.8,323935.8,324,2023-08-01 00:00:00,2023-08-01 23:59:59,RU000A104B46
99.98,99.51,100.0,99.51,460804.3,461,2023-08-02 00:00:00,2023-08-02 23:59:59,RU000A104B46
99.95,99.36,100.0,99.33,348415.1,349,2023-08-03 00:00:00,2023-08-03 23:59:59,RU000A104B46
99.6,99.5,99.6,99.2,989255.5,995,2023-08-04 00:00:00,2023-08-04 23:59:59,RU000A104B46
99.2,99.31,99.59,99.2,169859.5,171,2023-08-07 00:00:00,2023-08-07 23:59:59,RU000A104B46
99.49,98.61,99.49,98.61,3388860.6,3433,2023-08-08 00:00:00,2023-08-08 23:59:59,RU000A104B46
99.33,98.39,99.33,98.21,1542539.9,1564,2023-08-09 00:00:00,2023-08-09 23:59:59,RU000A104B46
98.4,98.66,98.98,97.98,65045.6,66,2023-08-10 00:00:00,2023-08-10 23:59:59,RU000A104B46
98.78,98.4,98.78,97.2,679919.1,698,2023-08-11 00:00:00,2023-08-11 23:59:59,RU000A104B46
98.42,97.98,98.42,97.26,52960.9,54,2023-08-14 00:00:00,2023-08-14 23:59:59,RU000A104B46
97.75,97.47,97.75,96.24,2346028.8,2429,2023-08-15 00:00:00,2023-08-15 23:59:59,RU000A104B46
96.76,96.83,97.33,96.6,8785180.3,9084,2023-08-16 00:00:00,2023-08-16 23:59:59,RU000A104B46
96.96,97.17,97.17,96.52,483886.8,499,2023-08-17 00:00:00,2023-08-17 23:59:59,RU000A104B46
96.68,98.4,98.57,96.67,811225.1,826,2023-08-18 00:00:00,2023-08-18 23:59:59,RU000A104B46
98.31,97.6,98.31,97.55,1910316.5,1953,2023-08-21 00:00:00,2023-08-21 23:59:59,RU000A104B46
97.6,97.5,97.6,96.51,3019002.7,3118,2023-08-22 00:00:00,2023-08-22 23:59:59,RU000A104B46
98.44,97.98,98.45,97.15,169461.3,173,2023-08-23 00:00:00,2023-08-23 23:59:59,RU000A104B46
98.26,98.23,98.26,98.23,1964.9,2,2023-08-24 00:00:00,2023-08-24 23:59:59,RU000A104B46
97.93,97.99,97.99,97.27,843202.6,864,2023-08-25 00:00:00,2023-08-25 23:59:59,RU000A104B46
98.64,98.28,98.67,98.27,109477.7,111,2023-08-28 00:00:00,2023-08-28 23:59:59,RU000A104B46
98.59,98.45,98.59,98.45,19703.0,20,2023-08-29 00:00:00,2023-08-29 23:59:59,RU000A104B46
97.13,97.99,97.99,97.13,5836.4,6,2023-08-30 00:00:00,2023-08-30 23:59:59,RU000A104B46
98.01,97.77,98.39,96.64,48639.6,50,2023-08-31 00:00:00,2023-08-31 23:59:59,RU000A104B46
96.54,98.29,98.29,96.54,1438391.9,1465,2023-09-01 00:00:00,2023-09-01 23:59:59,RU000A104B46
97.54,97.53,97.54,96.86,11690.7,12,2023-09-04 00:00:00,2023-09-04 23:59:59,RU000A104B46
96.64,97.54,98.25,96.64,54456.7,56,2023-09-05 00:00:00,2023-09-05 23:59:59,RU000A104B46
96.74,96.0,96.74,95.99,406654.0,422,2023-09-06 00:00:00,2023-09-06 23:59:59,RU000A104B46
97.22,95.84,97.22,94.12,116313.3,121,2023-09-07 00:00:00,2023-09-07 23:59:59,RU000A104B46
95.59,96.16,96.16,95.53,127122.0,133,2023-09-08 00:00:00,2023-09-08 23:59:59,RU000A104B46
96.67,95.77,96.67,94.07,314136.0,330,2023-09-11 00:00:00,2023-09-11 23:59:59,RU000A104B46
95.71,95.7,96.24,95.0,305291.6,319,2023-09-12 00:00:00,2023-09-12 23:59:59,RU000A104B46
95.0,95.47,95.69,95.0,242938.1,255,2023-09-13 00:00:00,2023-09-13 23:59:59,RU000A104B46
94.24,95.16,95.93,92.29,654389.3,691,2023-09-14 00:00:00,2023-09-14 23:59:59,RU000A104B46
94.88,95.09,95.12,94.68,362853.0,382,2023-09-15 00:00:00,2023-09-15 23:59:59,RU000A104B46
95.11,95.81,95.84,95.11,38119.5,40,2023-09-18 00:00:00,2023-09-18 23:59:59,RU000A104B46
95.69,95.34,95.69,94.12,69033.5,73,2023-09-19 00:00:00,2023-09-19 23:59:59,RU000A104B46
95.71,94.96,95.71,93.6,326428.5,345,2023-09-20 00:00:00,2023-09-20 23:59:59,RU000A104B46
95.58,95.6,96.7,95.58,1684836.0,1755,2023-09-21 00:00:00,2023-09-21 23:59:59,RU000A104B46
94.61,95.5,95.51,93.52,485061.6,512,2023-09-22 00:00:00,2023-09-22 23:59:59,RU000A104B46
95.5,95.37,95.51,94.11,326322.0,344,2023-09-25 00:00:00,2023-09-25 23:59:59,RU000A104B46
94.34,95.54,95.61,94.34,92586.4,97,2023-09-26 00:00:00,2023-09-26 23:59:59,RU000A104B46
96.67,96.5,96.7,96.49,389688.0,403,2023-09-27 00:00:00,2023-09-27 23:59:59,RU000A104B46
95.0,95.97,95.97,94.42,102779.3,108,2023-09-28 00:00:00,2023-09-28 23:59:59,RU000A104B46
96.56,95.65,96.68,94.67,2858493.5,2957,2023-09-29 00:00:00,2023-09-29 23:59:59,RU000A104B46
96.67,95.17,96.68,95.0,169466.3,176,2023-10-02 00:00:00,2023-10-02 23:59:59,RU000A104B46
96.58,96.38,96.58,94.11,187756.9,195,2023-10-03 00:00:00,2023-10-03 23:59:59,RU000A104B46
95.15,95.0,95.15,95.0,135932.2,143,2023-10-04 00:00:00,2023-10-04 23:59:59,RU000A104B46
93.87,94.05,94.89,93.73,50653.4,54,2023-10-05 00:00:00,2023-10-05 23:59:59,RU000A104B46
93.88,94.4,96.17,93.5,1403733.5,1488,2023-10-06 00:00:00,2023-10-06 23:59:59,RU000A104B46
95.11,94.6,95.2,93.52,461544.0,486,2023-10-09 00:00:00,2023-10-09 23:59:59,RU000A104B46
95.1,94.72,95.1,93.9,504260.1,532,2023-10-10 00:00:00,2023-10-10 23:59:59,RU000A104B46
94.74,94.75,94.75,93.52,723578.8,765,2023-10-11 00:00:00,2023-10-11 23:59:59,RU000A104B46
96.26,95.2,96.37,94.51,985911.2,1041,2023-10-12 00:00:00,2023-10-12 23:59:59,RU000A104B46
95.98,95.86,95.98,94.49,45074.2,47,2023-10-13 00:00:00,2023-10-13 23:59:59,RU000A104B46
96.45,95.26,96.45,95.26,682575.1,714,2023-10-16 00:00:00,2023-10-16 23:59:59,RU000A104B46
95.97,95.29,95.97,94.86,14298.1,15,2023-10-17 00:00:00,2023-10-17 23:59:59,RU000A104B46
94.9,94.9,94.9,94.9,930969.0,981,2023-10-18 00:00:00,2023-10-18 23:59:59,RU000A104B46
95.29,94.6,95.29,93.85,1059214.6,1121,2023-10-19 00:00:00,2023-10-19 23:59:59,RU000A104B46
94.99,93.52,94.99,93.52,288551.8,306,2023-10-20 00:00:00,2023-10-20 23:59:59,RU000A104B46
95.94,94.01,95.94,93.0,1668207.6,1778,2023-10-23 00:00:00,2023-10-23 23:59:59,RU000A104B46
93.79,95.55,95.85,93.23,2066461.8,2198,2023-10-24 00:00:00,2023-10-24 23:59:59,RU000A104B46
95.55,95.48,95.55,95.47,13368.3,14,2023-10-25 00:00:00,2023-10-25 23:59:59,RU000A104B46
95.47,94.61,95.47,94.53,19075.9,20,2023-10-26 00:00:00,2023-10-26 23:59:59,RU000A104B46
94.99,94.96,94.99,93.99,61662.9,65,2023-10-27 00:00:00,2023-10-27 23:59:59,RU000A104B46
93.92,93.83,94.94,93.83,50910.7,54,2023-10-30 00:00:00,2023-10-30 23:59:59,RU000A104B46
95.97,95.1,95.97,92.32,512267.5,554,2023-10-31 00:00:00,2023-10-31 23:59:59,RU000A104B46
95.65,95.3,95.71,95.3,5736.4,6,2023-11-01 00:00:00,2023-11-01 23:59:59,RU000A104B46
95.69,94.63,95.7,94.63,11470.4,12,2023-11-02 00:00:00,2023-11-02 23:59:59,RU000A104B46
95.98,94.22,95.98,94.22,38930.0,41,2023-11-03 00:00:00,2023-11-03 23:59:59,RU000A104B46
99.32,95.93,99.32,94.52,8633.6,9,2023-11-06 00:00:00,2023-11-06 23:59:59,RU000A104B46
91.73,94.6,95.3,91.64,1236890.0,1325,2023-11-07 00:00:00,2023-11-07 23:59:59,RU000A104B46
94.99,94.59,94.99,94.01,29327.3,31,2023-11-08 00:00:00,2023-11-08 23:59:59,RU000A104B46
99.17,95.01,99.17,92.6,4875018.4,4918,2023-11-09 00:00:00,2023-11-09 23:59:59,RU000A104B46
95.97,95.54,95.97,95.54,4781.3,5,2023-11-10 00:00:00,2023-11-10 23:59:59,RU000A104B46
94.72,95.35,95.35,94.72,1900.7,2,2023-11-13 00:00:00,2023-11-13 23:59:59,RU000A104B46
93.75,95.01,95.05,93.28,608141.1,640,2023-11-14 00:00:00,2023-11-14 23:59:59,RU000A104B46
95.65,95.15,95.65,94.32,13359.3,14,2023-11-15 00:00:00,2023-11-15 23:59:59,RU000A104B46
95.25,94.28,95.25,93.7,186248.9,198,2023-11-16 00:00:00,2023-11-16 23:59:59,RU000A104B46
94.47,94.5,94.5,94.47,416736.9,441,2023-11-17 00:00:00,2023-11-17 23:59:59,RU000A104B46
94.49,93.5,94.49,93.12,467884.0,500,2023-11-20 00:00:00,2023-11-20 23:59:59,RU000A104B46
93.49,94.29,94.57,93.49,193748.2,206,2023-11-21 00:00:00,2023-11-21 23:59:59,RU000A104B46
94.11,93.92,94.38,93.48,459678.9,490,2023-11-22 00:00:00,2023-11-22 23:59:59,RU000A104B46
94.0,94.37,94.37,93.38,3899729.4,4154,2023-11-23 00:00:00,2023-11-23 23:59:59,RU000A104B46
93.68,94.46,94.94,93.68,405341.7,429,2023-11-24 00:00:00,2023-11-24 23:59:59,RU000A104B46
94.28,94.13,94.63,94.06,14147.1,15,2023-11-27 00:00:00,2023-11-27 23:59:59,RU000A104B46
94.0,94.5,94.5,93.92,1139735.2,1211,2023-11-28 00:00:00,2023-11-28 23:59:59,RU000A104B46
95.28,94.6,95.28,94.44,1505550.1,1585,2023-11-29 00:00:00,2023-11-29 23:59:59,RU000A104B46
94.6,94.99,95.5,94.56,50423.5,53,2023-11-30 00:00:00,2023-11-30 23:59:59,RU000A104B46
95.67,95.53,95.67,95.53,6690.4,7,2023-12-01 00:00:00,2023-12-01 23:59:59,RU000A104B46
94.99,94.15,95.04,94.0,678267.8,718,2023-12-04 00:00:00,2023-12-04 23:59:59,RU000A104B46
94.76,94.91,94.91,94.27,663185.0,703,2023-12-05 00:00:00,2023-12-05 23:59:59,RU000A104B46
94.72,94.74,94.75,94.27,534246.1,564,2023-12-06 00:00:00,2023-12-06 23:59:59,RU000A104B46
94.97,94.43,94.97,93.32,44290.1,47,2023-12-07 00:00:00,2023-12-07 23:59:59,RU000A104B46
94.94,94.56,94.94,93.02,397189.7,420,2023-12-08 00:00:00,2023-12-08 23:59:59,RU000A104B46
93.03,94.7,94.7,93.03,7556.6,8,2023-12-11 00:00:00,2023-12-11 23:59:59,RU000A104B46
91.39,93.0,94.48,91.39,13615543.5,14837,2023-12-12 00:00:00,2023-12-12 23:59:59,RU000A104B46
92.99,93.09,93.43,92.56,2800032.4,3012,2023-12-13 00:00:00,2023-12-13 23:59:59,RU000A104B46
92.73,92.94,92.99,92.48,9111501.2,9843,2023-12-14 00:00:00,2023-12-14 23:59:59,RU000A104B46
92.98,94.45,94.45,92.58,1215583.5,1307,2023-12-15 00:00:00,2023-12-15 23:59:59,RU000A104B46
94.69,94.31,94.99,93.27,306462.6,324,2023-12-18 00:00:00,2023-12-18 23:59:59,RU000A104B46
94.89,94.51,94.96,94.17,94752.3,100,2023-12-19 00:00:00,2023-12-19 23:59:59,RU000A104B46
94.26,94.69,94.69,94.08,42365.6,45,2023-12-20 00:00:00,2023-12-20 23:59:59,RU000A104B46
94.54,93.61,94.55,93.61,21656.3,23,2023-12-21 00:00:00,2023-12-21 23:59:59,RU000A104B46
93.76,94.2,94.56,93.76,2781910.1,2953,2023-12-22 00:00:00,2023-12-22 23:59:59,RU000A104B46
94.68,94.63,94.68,92.69,396786.4,422,2023-12-25 00:00:00,2023-12-25 23:59:59,RU000A104B46
94.64,94.64,94.64,94.3,516903.6,547,2023-12-26 00:00:00,2023-12-26 23:59:59,RU000A104B46
90.61,94.44,94.94,90.61,7241506.2,7730,2023-12-27 00:00:00,2023-12-27 23:59:59,RU000A104B46
91.2,94.38,95.05,91.19,5562896.6,5895,2023-12-28 00:00:00,2023-12-28 23:59:59,RU000A104B46
93.04,94.38,94.39,93.03,1012088.8,1074,2023-12-29 00:00:00,2023-12-29 23:59:59,RU000A104B46
94.26,94.4,94.4,94.0,674003.7,714,2024-01-03 00:00:00,2024-01-03 23:59:59,RU000A104B46
94.29,94.55,94.63,94.29,528968.7,560,2024-01-04 00:00:00,2024-01-04 23:59:59,RU000A104B46
94.41,94.4,94.79,94.39,160600.9,170,2024-01-05 00:00:00,2024-01-05 23:59:59,RU000A104B46
94.29,94.54,95.15,94.01,129957.3,137,2024-01-08 00:00:00,2024-01-08 23:59:59,RU000A104B46
94.55,94.14,95.23,94.14,48180.5,51,2024-01-09 00:00:00,2024-01-09 23:59:59,RU000A104B46
94.7,94.14,94.7,94.14,39632.1,42,2024-01-10 00:00:00,2024-01-10 23:59:59,RU000A104B46
94.08,94.63,94.7,94.08,1867372.5,1974,2024-01-11 00:00:00,2024-01-11 23:59:59,RU000A104B46
94.3,94.65,94.85,94.3,27480.8,29,2024-01-12 00:00:00,2024-01-12 23:59:59,RU000A104B46
94.82,93.89,94.82,93.89,866463.4,922,2024-01-15 00:00:00,2024-01-15 23:59:59,RU000A104B46
93.99,93.79,93.99,92.62,354447.7,379,2024-01-16 00:00:00,2024-01-16 23:59:59,RU000A104B46
93.68,93.4,93.68,93.14,49624.9,53,2024-01-17 00:00:00,2024-01-17 23:59:59,RU000A104B46
93.64,93.66,94.03,93.64,9760680.9,10418,2024-01-18 00:00:00,2024-01-18 23:59:59,RU000A104B46
93.72,93.71,93.9,93.7,635366.8,678,2024-01-19 00:00:00,2024-01-19 23:59:59,RU000A104B46
93.8,94.03,95.04,93.67,8144554.0,8683,2024-01-22 00:00:00,2024-01-22 23:59:59,RU000A104B46
91.92,94.3,94.47,91.92,4694.9,5,2024-01-23 00:00:00,2024-01-23 23:59:59,RU000A104B46
94.33,93.55,94.75,93.48,97729.0,104,2024-01-24 00:00:00,2024-01-24 23:59:59,RU000A104B46
94.34,94.32,94.37,94.02,17877.1,19,2024-01-25 00:00:00,2024-01-25 23:59:59,RU000A104B46
94.28,93.9,94.28,93.85,3726846.5,3969,2024-01-26 00:00:00,2024-01-26 23:59:59,RU000A104B46
94.46,93.86,94.46,93.86,280665.6,299,2024-01-29 00:00:00,2024-01-29 23:59:59,RU000A104B46
94.14,94.1,94.14,94.1,33876.4,36,2024-01-30 00:00:00,2024-01-30 23:59:59,RU000A104B46
94.21,94.89,94.9,93.85,579927.2,613,2024-01-31 00:00:00,2024-01-31 23:59:59,RU000A104B46
94.78,94.11,94.78,94.11,198246.0,210,2024-02-01 00:00:00,2024-02-01 23:59:59,RU000A104B46
94.68,94.48,94.68,94.05,236243.1,250,2024-02-02 00:00:00,2024-02-02 23:59:59,RU000A104B46
94.83,94.43,94.87,94.43,2296356.2,2421,2024-02-05 00:00:00,2024-02-05 23:59:59,RU000A104B46
100.0,100.39,100.4,100.0,200337.8,200,2022-11-24 00:00:00,2022-11-24 23:59:59,RU000A105GW4
100.19,100.29,100.4,100.0,604047314.0,602843,2022-11-25 00:00:00,2022-11-25 23:59:59,RU000A105GW4
100.25,100.3,100.39,100.1,53671055.7,53563,2022-11-28 00:00:00,2022-11-28 23:59:59,RU000A105GW4
100.4,100.2,100.5,100.2,19948806.1,19851,2022-11-29 00:00:00,2022-11-29 23:59:59,RU000A105GW4
100.65,100.35,100.65,100.15,86845950.3,86543,2022-11-30 00:00:00,2022-11-30 23:59:59,RU000A105GW4
100.4,100.34,100.4,100.31,650224.9,648,2022-12-01 00:00:00,2022-12-01 23:59:59,RU000A105GW4
100.35,100.3,100.35,100.29,3961627.5,3949,2022-12-02 00:00:00,2022-12-02 23:59:59,RU000A105GW4
100.3,100.3,100.3,100.3,452353.0,451,2022-12-05 00:00:00,2022-12-05 23:59:59,RU000A105GW4
100.2,100.2,100.2,100.2,4981944.0,4972,2022-12-06 00:00:00,2022-12-06 23:59:59,RU000A105GW4
100.28,100.29,100.3,100.2,409202.0,408,2022-12-07 00:00:00,2022-12-07 23:59:59,RU000A105GW4
100.11,100.29,100.29,100.1,115126.0,115,2022-12-08 00:00:00,2022-12-08 23:59:59,RU000A105GW4
100.3,100.2,100.3,100.2,3894875.5,3884,2022-12-09 00:00:00,2022-12-09 23:59:59,RU000A105GW4
100.3,100.05,100.3,100.05,269389.0,269,2022-12-12 00:00:00,2022-12-12 23:59:59,RU000A105GW4
100.34,100.2,100.35,100.2,6877795.5,6854,2022-12-13 00:00:00,2022-12-13 23:59:59,RU000A105GW4
100.3,100.19,100.3,100.15,46513020.7,46412,2022-12-14 00:00:00,2022-12-14 23:59:59,RU000A105GW4
100.19,100.34,100.35,100.19,916007.1,913,2022-12-15 00:00:00,2022-12-15 23:59:59,RU000A105GW4
97.01,100.45,100.45,97.01,126532.0,126,2022-12-16 00:00:00,2022-12-16 23:59:59,RU000A105GW4
100.45,100.4,100.45,100.4,2113399.3,2104,2022-12-19 00:00:00,2022-12-19 23:59:59,RU000A105GW4
100.0,100.05,100.9,100.0,369521.4,368,2022-12-20 00:00:00,2022-12-20 23:59:59,RU000A105GW4
100.44,100.0,100.44,100.0,20005.3,20,2022-12-21 00:00:00,2022-12-21 23:59:59,RU000A105GW4
100.43,100.2,100.45,98.05,1892386.0,1897,2022-12-22 00:00:00,2022-12-22 23:59:59,RU000A105GW4
100.34,100.34,100.34,100.32,793676.2,791,2022-12-23 00:00:00,2022-12-23 23:59:59,RU000A105GW4
99.51,100.2,100.4,99.5,156054.1,156,2022-12-26 00:00:00,2022-12-26 23:59:59,RU000A105GW4
100.2,100.4,100.4,100.2,1283325.5,1279,2022-12-27 00:00:00,2022-12-27 23:59:59,RU000A105GW4
100.3,99.5,100.3,99.5,5056847.0,5042,2022-12-28 00:00:00,2022-12-28 23:59:59,RU000A105GW4
100.3,100.29,100.3,100.29,2122136.5,2116,2022-12-29 00:00:00,2022-12-29 23:59:59,RU000A105GW4
100.97,100.3,100.97,100.0,240426.7,240,2022-12-30 00:00:00,2022-12-30 23:59:59,RU000A105GW4
100.89,100.25,100.89,100.25,101268.9,101,2023-01-03 00:00:00,2023-01-03 23:59:59,RU000A105GW4
100.3,100.3,100.3,100.3,1003.0,1,2023-01-10 00:00:00,2023-01-10 23:59:59,RU000A105GW4
100.3,100.15,100.5,99.1,27158898.2,27044,2023-01-11 00:00:00,2023-01-11 23:59:59,RU000A105GW4
100.3,100.02,100.3,100.0,180058.0,180,2023-01-12 00:00:00,2023-01-12 23:59:59,RU000A105GW4
99.11,100.4,100.4,99.1,61589084.2,61395,2023-01-13 00:00:00,2023-01-13 23:59:59,RU000A105GW4
102.0,100.16,102.0,100.16,5257953.9,5237,2023-01-16 00:00:00,2023-01-16 23:59:59,RU000A105GW4
100.45,100.45,100.45,100.3,97421.5,97,2023-01-17 00:00:00,2023-01-17 23:59:59,RU000A105GW4
100.4,100.3,100.4,100.3,25738643.3,25661,2023-01-18 00:00:00,2023-01-18 23:59:59,RU000A105GW4
100.11,100.5,100.5,100.11,4915451.0,4891,2023-01-19 00:00:00,2023-01-19 23:59:59,RU000A105GW4
100.5,100.5,100.5,100.1,4716581.0,4697,2023-01-20 00:00:00,2023-01-20 23:59:59,RU000A105GW4
100.5,100.5,100.5,100.3,5222862.8,5197,2023-01-23 00:00:00,2023-01-23 23:59:59,RU000A105GW4
100.99,100.5,100.99,100.5,243229.6,242,2023-01-24 00:00:00,2023-01-24 23:59:59,RU000A105GW4
98.27,100.7,100.7,98.27,2809564.2,2791,2023-01-26 00:00:00,2023-01-26 23:59:59,RU000A105GW4
100.11,100.7,100.7,100.11,950240.3,944,2023-01-27 00:00:00,2023-01-27 23:59:59,RU000A105GW4
100.42,100.75,100.75,100.42,810991.6,805,2023-01-30 00:00:00,2023-01-30 23:59:59,RU000A105GW4
100.0,100.0,100.01,100.0,404000.7,404,2023-01-31 00:00:00,2023-01-31 23:59:59,RU000A105GW4
100.7,100.66,100.7,99.51,174089.4,173,2023-02-01 00:00:00,2023-02-01 23:59:59,RU000A105GW4
100.2,100.3,100.3,100.2,105215.0,105,2023-02-02 00:00:00,2023-02-02 23:59:59,RU000A105GW4
100.1,100.3,100.3,100.1,155365.0,155,2023-02-03 00:00:00,2023-02-03 23:59:59,RU000A105GW4
100.79,100.3,100.79,100.3,3204749.7,3181,2023-02-06 00:00:00,2023-02-06 23:59:59,RU000A105GW4
100.49,100.9,100.95,100.49,3189628.0,3166,2023-02-07 00:00:00,2023-02-07 23:59:59,RU000A105GW4
98.85,100.5,100.65,98.85,290808.9,289,2023-02-09 00:00:00,2023-02-09 23:59:59,RU000A105GW4
100.51,100.5,100.51,100.5,15076.4,15,2023-02-10 00:00:00,2023-02-10 23:59:59,RU000A105GW4
100.6,100.6,100.6,100.6,197176.0,196,2023-02-13 00:00:00,2023-02-13 23:59:59,RU000A105GW4
98.31,100.28,100.28,98.31,7892.4,8,2023-02-15 00:00:00,2023-02-15 23:59:59,RU000A105GW4
100.29,100.28,100.29,100.28,2005.7,2,2023-02-16 00:00:00,2023-02-16 23:59:59,RU000A105GW4
102.0,100.41,102.0,99.65,56868.4,57,2023-02-17 00:00:00,2023-02-17 23:59:59,RU000A105GW4
100.41,99.96,100.41,98.42,15782.6,16,2023-02-20 00:00:00,2023-02-20 23:59:59,RU000A105GW4
100.37,100.37,100.37,100.37,2007.4,2,2023-02-21 00:00:00,2023-02-21 23:59:59,RU000A105GW4
100.26,100.26,100.26,100.26,1002.6,1,2023-02-22 00:00:00,2023-02-22 23:59:59,RU000A105GW4
102.0,99.4,102.0,99.4,96514.5,97,2023-02-24 00:00:00,2023-02-24 23:59:59,RU000A105GW4
101.85,100.16,101.85,99.96,9795548.0,9776,2023-02-28 00:00:00,2023-02-28 23:59:59,RU000A105GW4
99.41,100.2,100.47,99.41,397746.8,397,2023-03-01 00:00:00,2023-03-01 23:59:59,RU000A105GW4
100.2,100.2,100.2,100.12,20034.2,20,2023-03-02 00:00:00,2023-03-02 23:59:59,RU000A105GW4
101.74,100.22,101.75,99.5,10058.4,10,2023-03-03 00:00:00,2023-03-03 23:59:59,RU000A105GW4
101.79,100.0,101.79,99.95,302031.9,302,2023-03-06 00:00:00,2023-03-06 23:59:59,RU000A105GW4
100.4,100.4,100.4,100.4,3012.0,3,2023-03-07 00:00:00,2023-03-07 23:59:59,RU000A105GW4
100.43,100.4,100.43,100.4,401600.7,400,2023-03-09 00:00:00,2023-03-09 23:59:59,RU000A105GW4
100.13,100.13,100.13,100.13,7009.1,7,2023-03-10 00:00:00,2023-03-10 23:59:59,RU000A105GW4
101.6,100.5,101.6,100.5,29167.0,29,2023-03-13 00:00:00,2023-03-13 23:59:59,RU000A105GW4
99.5,100.0,100.0,99.25,5793916.5,5805,2023-03-14 00:00:00,2023-03-14 23:59:59,RU000A105GW4
100.0,100.0,100.0,100.0,8000.0,8,2023-03-15 00:00:00,2023-03-15 23:59:59,RU000A105GW4
99.54,99.85,100.0,99.5,10351659.8,10402,2023-03-16 00:00:00,2023-03-16 23:59:59,RU000A105GW4
100.0,99.98,100.0,99.95,19994.5,20,2023-03-17 00:00:00,2023-03-17 23:59:59,RU000A105GW4
99.99,99.92,100.0,98.65,4134917.1,4149,2023-03-20 00:00:00,2023-03-20 23:59:59,RU000A105GW4
99.32,99.9,100.16,99.25,188682.8,189,2023-03-21 00:00:00,2023-03-21 23:59:59,RU000A105GW4
99.5,99.95,99.95,99.5,2694234.4,2703,2023-03-22 00:00:00,2023-03-22 23:59:59,RU000A105GW4
99.66,99.95,99.97,99.66,9993.3,10,2023-03-23 00:00:00,2023-03-23 23:59:59,RU000A105GW4
99.95,99.95,99.95,99.95,3998.0,4,2023-03-24 00:00:00,2023-03-24 23:59:59,RU000A105GW4
99.95,99.6,99.99,99.36,8983.0,9,2023-03-27 00:00:00,2023-03-27 23:59:59,RU000A105GW4
99.99,99.99,99.99,99.99,999.9,1,2023-03-28 00:00:00,2023-03-28 23:59:59,RU000A105GW4
99.97,99.47,99.97,99.47,9972.0,10,2023-03-29 00:00:00,2023-03-29 23:59:59,RU000A105GW4
99.97,99.7,99.97,99.7,8994.6,9,2023-03-30 00:00:00,2023-03-30 23:59:59,RU000A105GW4
99.4,100.24,100.27,99.4,137051.1,137,2023-03-31 00:00:00,2023-03-31 23:59:59,RU000A105GW4
100.23,100.23,100.23,100.23,12027.6,12,2023-04-03 00:00:00,2023-04-03 23:59:59,RU000A105GW4
100.39,99.83,100.39,99.83,7992.0,8,2023-04-04 00:00:00,2023-04-04 23:59:59,RU000A105GW4
100.29,100.15,100.37,100.14,527031.9,526,2023-04-05 00:00:00,2023-04-05 23:59:59,RU000A105GW4
100.0,100.14,100.15,99.35,512257.7,513,2023-04-06 00:00:00,2023-04-06 23:59:59,RU000A105GW4
100.38,100.38,100.38,99.5,632130.7,631,2023-04-07 00:00:00,2023-04-07 23:59:59,RU000A105GW4
100.35,99.75,100.36,98.7,257388.4,259,2023-04-10 00:00:00,2023-04-10 23:59:59,RU000A105GW4
99.75,99.34,99.98,98.31,109061.1,110,2023-04-11 00:00:00,2023-04-11 23:59:59,RU000A105GW4
92.0,99.87,99.98,92.0,159386.7,165,2023-04-12 00:00:00,2023-04-12 23:59:59,RU000A105GW4
92.0,99.31,99.82,92.0,568043.6,584,2023-04-13 00:00:00,2023-04-13 23:59:59,RU000A105GW4
100.08,99.77,100.08,99.15,226255.3,228,2023-04-14 00:00:00,2023-04-14 23:59:59,RU000A105GW4
100.27,99.7,100.27,99.25,13013.8,13,2023-04-17 00:00:00,2023-04-17 23:59:59,RU000A105GW4
99.84,99.69,99.84,99.5,4982.3,5,2023-04-18 00:00:00,2023-04-18 23:59:59,RU000A105GW4
99.7,99.75,99.75,99.65,537443.2,539,2023-04-19 00:00:00,2023-04-19 23:59:59,RU000A105GW4
100.03,99.8,100.03,99.8,550015.0,551,2023-04-20 00:00:00,2023-04-20 23:59:59,RU000A105GW4
99.6,99.98,99.99,99.6,321342.4,322,2023-04-21 00:00:00,2023-04-21 23:59:59,RU000A105GW4
100.29,100.1,100.29,100.1,6009.8,6,2023-04-24 00:00:00,2023-04-24 23:59:59,RU000A105GW4
99.61,99.9,100.19,99.6,68797.2,69,2023-04-25 00:00:00,2023-04-25 23:59:59,RU000A105GW4
99.37,99.97,99.97,99.36,6699311.0,6735,2023-04-26 00:00:00,2023-04-26 23:59:59,RU000A105GW4
100.19,100.0,100.19,98.0,494349.2,496,2023-04-27 00:00:00,2023-04-27 23:59:59,RU000A105GW4
100.08,99.7,100.19,98.03,1076609.8,1089,2023-05-02 00:00:00,2023-05-02 23:59:59,RU000A105GW4
99.97,99.88,100.0,99.25,200913.8,202,2023-05-03 00:00:00,2023-05-03 23:59:59,RU000A105GW4
99.22,99.75,99.97,98.22,852454.3,860,2023-05-04 00:00:00,2023-05-04 23:59:59,RU000A105GW4
99.73,99.72,99.76,99.72,24932.1,25,2023-05-05 00:00:00,2023-05-05 23:59:59,RU000A105GW4
99.71,99.27,99.9,99.27,80846.1,81,2023-05-08 00:00:00,2023-05-08 23:59:59,RU000A105GW4
99.93,99.7,99.93,98.5,226280.3,227,2023-05-10 00:00:00,2023-05-10 23:59:59,RU000A105GW4
99.87,99.87,100.27,98.8,1033069.3,1036,2023-05-11 00:00:00,2023-05-11 23:59:59,RU000A105GW4
98.67,99.92,100.2,98.6,340250.7,342,2023-05-12 00:00:00,2023-05-12 23:59:59,RU000A105GW4
99.92,99.69,99.92,98.01,275596.5,279,2023-05-16 00:00:00,2023-05-16 23:59:59,RU000A105GW4
98.0,99.84,99.84,98.0,153279.6,156,2023-05-17 00:00:00,2023-05-17 23:59:59,RU000A105GW4
99.84,99.51,99.84,99.17,67756.2,68,2023-05-18 00:00:00,2023-05-18 23:59:59,RU000A105GW4
99.91,99.75,99.94,99.27,120806.2,121,2023-05-19 00:00:00,2023-05-19 23:59:59,RU000A105GW4
99.18,99.79,99.98,99.15,974453.1,978,2023-05-22 00:00:00,2023-05-22 23:59:59,RU000A105GW4
100.09,100.0,100.09,99.72,212018.4,212,2023-05-23 00:00:00,2023-05-23 23:59:59,RU000A105GW4
99.7,99.93,100.0,99.4,512266.0,514,2023-05-24 00:00:00,2023-05-24 23:59:59,RU000A105GW4
99.93,99.94,99.98,99.42,2677217.6,2680,2023-05-25 00:00:00,2023-05-25 23:59:59,RU000A105GW4
99.98,99.94,99.98,99.94,25993.2,26,2023-05-26 00:00:00,2023-05-26 23:59:59,RU000A105GW4
99.94,99.95,100.14,99.94,976380.7,976,2023-05-29 00:00:00,2023-05-29 23:59:59,RU000A105GW4
99.94,100.08,100.25,99.35,217738.3,219,2023-05-30 00:00:00,2023-05-30 23:59:59,RU000A105GW4
99.36,99.97,100.23,98.51,203550.6,205,2023-05-31 00:00:00,2023-05-31 23:59:59,RU000A105GW4
99.97,100.49,100.49,99.09,9034761.5,8999,2023-06-01 00:00:00,2023-06-01 23:59:59,RU000A105GW4
99.65,100.05,100.05,99.65,28973.1,29,2023-06-02 00:00:00,2023-06-02 23:59:59,RU000A105GW4
100.55,100.1,100.55,99.01,1561832.1,1562,2023-06-05 00:00:00,2023-06-05 23:59:59,RU000A105GW4
99.52,100.18,100.18,99.52,113999.3,114,2023-06-06 00:00:00,2023-06-06 23:59:59,RU000A105GW4
99.73,100.25,100.26,98.85,5167246.8,5156,2023-06-07 00:00:00,2023-06-07 23:59:59,RU000A105GW4
100.25,100.45,100.45,99.45,14043.0,14,2023-06-08 00:00:00,2023-06-08 23:59:59,RU000A105GW4
100.26,100.66,100.67,100.25,3712394.0,3690,2023-06-09 00:00:00,2023-06-09 23:59:59,RU000A105GW4
99.53,100.5,101.05,99.53,38610187.8,38419,2023-06-13 00:00:00,2023-06-13 23:59:59,RU000A105GW4
100.5,100.4,100.5,100.4,99397.5,99,2023-06-14 00:00:00,2023-06-14 23:59:59,RU000A105GW4
100.11,100.21,100.25,100.1,905510.1,904,2023-06-15 00:00:00,2023-06-15 23:59:59,RU000A105GW4
100.2,100.37,100.4,99.42,1571217.8,1566,2023-06-16 00:00:00,2023-06-16 23:59:59,RU000A105GW4
102.0,100.25,102.0,99.53,717381.8,715,2023-06-19 00:00:00,2023-06-19 23:59:59,RU000A105GW4
99.97,99.45,100.34,99.03,1263147.0,1263,2023-06-20 00:00:00,2023-06-20 23:59:59,RU000A105GW4
100.38,100.23,100.38,100.22,5014.8,5,2023-06-21 00:00:00,2023-06-21 23:59:59,RU000A105GW4
99.87,100.75,100.75,99.87,71431.9,71,2023-06-22 00:00:00,2023-06-22 23:59:59,RU000A105GW4
99.93,100.75,101.49,99.83,96284.1,96,2023-06-23 00:00:00,2023-06-23 23:59:59,RU000A105GW4
100.09,100.14,100.7,100.09,24145.0,24,2023-06-26 00:00:00,2023-06-26 23:59:59,RU000A105GW4
100.14,100.2,100.2,100.14,3005.4,3,2023-06-27 00:00:00,2023-06-27 23:59:59,RU000A105GW4
100.22,99.94,100.45,99.92,570344.0,569,2023-06-28 00:00:00,2023-06-28 23:59:59,RU000A105GW4
99.55,100.0,100.35,99.16,204816.0,205,2023-06-30 00:00:00,2023-06-30 23:59:59,RU000A105GW4
99.66,100.71,100.71,99.18,191069.4,192,2023-07-03 00:00:00,2023-07-03 23:59:59,RU000A105GW4
99.43,99.43,99.43,99.43,994.3,1,2023-07-04 00:00:00,2023-07-04 23:59:59,RU000A105GW4
100.1,100.33,100.38,100.1,11035.2,11,2023-07-05 00:00:00,2023-07-05 23:59:59,RU000A105GW4
100.14,100.2,100.2,100.14,1232383.6,1230,2023-07-06 00:00:00,2023-07-06 23:59:59,RU000A105GW4
100.4,99.66,100.4,99.66,4993.7,5,2023-07-07 00:00:00,2023-07-07 23:59:59,RU000A105GW4
99.5,99.9,99.95,99.5,2862170.1,2868,2023-07-10 00:00:00,2023-07-10 23:59:59,RU000A105GW4
99.58,99.96,99.96,98.7,117271.9,118,2023-07-11 00:00:00,2023-07-11 23:59:59,RU000A105GW4
99.97,99.97,99.97,99.87,147879.1,148,2023-07-12 00:00:00,2023-07-12 23:59:59,RU000A105GW4
99.99,99.99,99.99,99.78,69850.2,70,2023-07-13 00:00:00,2023-07-13 23:59:59,RU000A105GW4
99.98,99.98,99.98,99.98,999.8,1,2023-07-14 00:00:00,2023-07-14 23:59:59,RU000A105GW4
99.8,99.69,99.8,98.5,1099844.7,1103,2023-07-17 00:00:00,2023-07-17 23:59:59,RU000A105GW4
99.63,99.63,99.65,98.51,529050.3,531,2023-07-18 00:00:00,2023-07-18 23:59:59,RU000A105GW4
99.6,99.49,99.6,98.58,278845.3,280,2023-07-19 00:00:00,2023-07-19 23:59:59,RU000A105GW4
99.49,99.49,99.5,98.23,654672.0,661,2023-07-20 00:00:00,2023-07-20 23:59:59,RU000A105GW4
99.38,99.38,99.38,99.38,993.8,1,2023-07-21 00:00:00,2023-07-21 23:59:59,RU000A105GW4
100.11,99.35,100.11,99.33,602047.9,606,2023-07-24 00:00:00,2023-07-24 23:59:59,RU000A105GW4
99.5,99.35,99.85,99.03,160095.1,161,2023-07-25 00:00:00,2023-07-25 23:59:59,RU000A105GW4
99.25,99.25,99.25,99.25,992.5,1,2023-07-26 00:00:00,2023-07-26 23:59:59,RU000A105GW4
99.25,99.24,99.25,98.06,457118.2,462,2023-07-27 00:00:00,2023-07-27 23:59:59,RU000A105GW4
99.19,99.3,99.3,98.53,21469987.8,21633,2023-07-28 00:00:00,2023-07-28 23:59:59,RU000A105GW4
99.35,99.26,99.93,99.26,53913.1,54,2023-07-31 00:00:00,2023-07-31 23:59:59,RU000A105GW4
99.23,99.9,99.9,98.24,20826.8,21,2023-08-01 00:00:00,2023-08-01 23:59:59,RU000A105GW4
99.92,99.93,99.93,99.92,14989.4,15,2023-08-02 00:00:00,2023-08-02 23:59:59,RU000A105GW4
99.98,99.98,99.98,99.98,2999.4,3,2023-08-04 00:00:00,2023-08-04 23:59:59,RU000A105GW4
99.45,98.17,100.0,98.17,127790.2,129,2023-08-07 00:00:00,2023-08-07 23:59:59,RU000A105GW4
99.68,99.68,99.68,99.68,2990.4,3,2023-08-08 00:00:00,2023-08-08 23:59:59,RU000A105GW4
99.69,98.17,99.69,98.17,55986.7,57,2023-08-10 00:00:00,2023-08-10 23:59:59,RU000A105GW4
99.19,99.22,99.79,99.19,17914.5,18,2023-08-11 00:00:00,2023-08-11 23:59:59,RU000A105GW4
98.57,98.2,98.57,98.17,20663.2,21,2023-08-14 00:00:00,2023-08-14 23:59:59,RU000A105GW4
98.1,97.73,98.1,96.42,426866.6,436,2023-08-15 00:00:00,2023-08-15 23:59:59,RU000A105GW4
97.99,98.64,98.73,97.99,1382141.4,1407,2023-08-17 00:00:00,2023-08-17 23:59:59,RU000A105GW4
99.0,96.78,99.0,96.78,118840.1,122,2023-08-18 00:00:00,2023-08-18 23:59:59,RU000A105GW4
98.98,98.09,98.98,96.5,47583.1,49,2023-08-21 00:00:00,2023-08-21 23:59:59,RU000A105GW4
98.45,98.51,98.51,96.0,184654.6,191,2023-08-22 00:00:00,2023-08-22 23:59:59,RU000A105GW4
96.27,97.23,97.23,96.1,41378.4,43,2023-08-24 00:00:00,2023-08-24 23:59:59,RU000A105GW4
97.36,97.36,97.36,97.36,973.6,1,2023-08-25 00:00:00,2023-08-25 23:59:59,RU000A105GW4
98.52,96.8,98.52,95.0,1422664.4,1479,2023-08-28 00:00:00,2023-08-28 23:59:59,RU000A105GW4
97.69,96.74,97.69,95.06,244553.5,257,2023-08-29 00:00:00,2023-08-29 23:59:59,RU000A105GW4
96.55,96.25,96.9,94.5,3643456.2,3776,2023-08-30 00:00:00,2023-08-30 23:59:59,RU000A105GW4
96.7,96.84,96.84,95.06,368752.8,383,2023-08-31 00:00:00,2023-08-31 23:59:59,RU000A105GW4
96.16,96.94,97.81,96.16,189937.4,196,2023-09-01 00:00:00,2023-09-01 23:59:59,RU000A105GW4
96.84,96.76,96.84,95.47,68129.3,71,2023-09-04 00:00:00,2023-09-04 23:59:59,RU000A105GW4
94.55,96.69,96.7,94.55,50197.4,52,2023-09-05 00:00:00,2023-09-05 23:59:59,RU000A105GW4
95.14,96.76,96.86,95.11,16268.9,17,2023-09-06 00:00:00,2023-09-06 23:59:59,RU000A105GW4
94.6,96.17,96.35,94.59,4778.8,5,2023-09-07 00:00:00,2023-09-07 23:59:59,RU000A105GW4
96.49,96.6,96.7,96.45,146944.7,152,2023-09-08 00:00:00,2023-09-08 23:59:59,RU000A105GW4
96.6,96.39,96.6,96.39,2894.3,3,2023-09-11 00:00:00,2023-09-11 23:59:59,RU000A105GW4
96.39,96.39,96.39,96.39,963.9,1,2023-09-12 00:00:00,2023-09-12 23:59:59,RU000A105GW4
97.01,96.88,97.01,96.88,3876.8,4,2023-09-13 00:00:00,2023-09-13 23:59:59,RU000A105GW4
96.85,96.64,96.88,96.03,21296.9,22,2023-09-14 00:00:00,2023-09-14 23:59:59,RU000A105GW4
96.04,96.68,96.68,96.04,1927.2,2,2023-09-15 00:00:00,2023-09-15 23:59:59,RU000A105GW4
96.49,96.54,96.54,96.0,6745.5,7,2023-09-18 00:00:00,2023-09-18 23:59:59,RU000A105GW4
96.69,96.5,96.69,95.78,54819.7,57,2023-09-19 00:00:00,2023-09-19 23:59:59,RU000A105GW4
96.53,96.54,96.54,96.53,7722.5,8,2023-09-20 00:00:00,2023-09-20 23:59:59,RU000A105GW4
96.49,94.63,96.49,94.62,24056.5,25,2023-09-21 00:00:00,2023-09-21 23:59:59,RU000A105GW4
96.2,96.4,96.4,96.08,342477.4,356,2023-09-22 00:00:00,2023-09-22 23:59:59,RU000A105GW4
96.08,96.06,96.08,96.06,4803.6,5,2023-09-25 00:00:00,2023-09-25 23:59:59,RU000A105GW4
96.44,95.85,96.44,94.9,26817.1,28,2023-09-26 00:00:00,2023-09-26 23:59:59,RU000A105GW4
95.99,95.57,96.1,95.57,34581.6,36,2023-09-27 00:00:00,2023-09-27 23:59:59,RU000A105GW4
96.0,96.0,96.0,94.0,23723.6,25,2023-09-28 00:00:00,2023-09-28 23:59:59,RU000A105GW4
96.07,94.34,96.07,94.34,23934.3,25,2023-09-29 00:00:00,2023-09-29 23:59:59,RU000A105GW4
95.98,95.85,95.98,93.41,103374.3,110,2023-10-02 00:00:00,2023-10-02 23:59:59,RU000A105GW4
94.0,94.48,94.71,94.0,29195.1,31,2023-10-03 00:00:00,2023-10-03 23:59:59,RU000A105GW4
94.98,93.44,94.98,93.34,21649.3,23,2023-10-04 00:00:00,2023-10-04 23:59:59,RU000A105GW4
94.94,94.88,94.94,94.88,5695.8,6,2023-10-05 00:00:00,2023-10-05 23:59:59,RU000A105GW4
94.69,94.3,94.87,94.29,10404.8,11,2023-10-06 00:00:00,2023-10-06 23:59:59,RU000A105GW4
94.88,94.14,95.15,94.14,34163.7,36,2023-10-09 00:00:00,2023-10-09 23:59:59,RU000A105GW4
94.87,95.94,95.94,94.87,1231917.1,1297,2023-10-10 00:00:00,2023-10-10 23:59:59,RU000A105GW4
95.99,95.99,95.99,95.99,959.9,1,2023-10-11 00:00:00,2023-10-11 23:59:59,RU000A105GW4
94.23,95.98,95.98,92.08,253920.8,270,2023-10-12 00:00:00,2023-10-12 23:59:59,RU000A105GW4
95.98,95.99,95.99,95.98,37432.4,39,2023-10-13 00:00:00,2023-10-13 23:59:59,RU000A105GW4
95.99,95.99,95.99,95.99,1919.8,2,2023-10-16 00:00:00,2023-10-16 23:59:59,RU000A105GW4
95.99,95.98,95.99,94.0,17078.2,18,2023-10-17 00:00:00,2023-10-17 23:59:59,RU000A105GW4
94.92,96.82,96.82,94.0,33116.6,35,2023-10-18 00:00:00,2023-10-18 23:59:59,RU000A105GW4
94.19,94.14,94.19,94.14,9416.6,10,2023-10-19 00:00:00,2023-10-19 23:59:59,RU000A105GW4
95.81,95.88,95.88,95.81,12460.1,13,2023-10-20 00:00:00,2023-10-20 23:59:59,RU000A105GW4
95.96,94.64,95.96,94.35,67126.1,71,2023-10-23 00:00:00,2023-10-23 23:59:59,RU000A105GW4
94.43,95.41,95.41,93.6,5610593.6,5973,2023-10-24 00:00:00,2023-10-24 23:59:59,RU000A105GW4
95.27,95.27,95.27,95.27,952.7,1,2023-10-25 00:00:00,2023-10-25 23:59:59,RU000A105GW4
94.69,94.15,94.69,94.15,5653721.3,6005,2023-10-26 00:00:00,2023-10-26 23:59:59,RU000A105GW4
94.4,93.4,94.4,93.02,11062470.3,11849,2023-10-27 00:00:00,2023-10-27 23:59:59,RU000A105GW4
92.19,94.41,94.41,92.19,23327.6,25,2023-10-30 00:00:00,2023-10-30 23:59:59,RU000A105GW4
94.49,94.25,94.49,94.25,10369.9,11,2023-10-31 00:00:00,2023-10-31 23:59:59,RU000A105GW4
94.38,94.38,94.38,94.38,1887.6,2,2023-11-01 00:00:00,2023-11-01 23:59:59,RU000A105GW4
94.4,94.39,94.47,94.39,18882.7,20,2023-11-02 00:00:00,2023-11-02 23:59:59,RU000A105GW4
94.39,94.38,94.39,94.38,33033.2,35,2023-11-03 00:00:00,2023-11-03 23:59:59,RU000A105GW4
94.38,94.43,96.97,94.38,116569.5,121,2023-11-06 00:00:00,2023-11-06 23:59:59,RU000A105GW4
94.7,94.0,94.7,94.0,174112.3,185,2023-11-07 00:00:00,2023-11-07 23:59:59,RU000A105GW4
94.66,94.3,94.66,93.5,236335.9,252,2023-11-08 00:00:00,2023-11-08 23:59:59,RU000A105GW4
94.59,93.31,94.59,93.21,262303.3,280,2023-11-09 00:00:00,2023-11-09 23:59:59,RU000A105GW4
94.32,94.5,94.5,94.29,2644586.4,2799,2023-11-10 00:00:00,2023-11-10 23:59:59,RU000A105GW4
95.0,94.49,95.0,94.49,16110.3,17,2023-11-13 00:00:00,2023-11-13 23:59:59,RU000A105GW4
93.51,94.45,94.5,93.51,48033.0,51,2023-11-14 00:00:00,2023-11-14 23:59:59,RU000A105GW4
94.5,94.0,94.5,93.85,1712686.6,1822,2023-11-15 00:00:00,2023-11-15 23:59:59,RU000A105GW4
94.0,94.0,95.0,94.0,3222079.0,3414,2023-11-16 00:00:00,2023-11-16 23:59:59,RU000A105GW4
94.81,95.5,96.1,94.81,214910.6,225,2023-11-17 00:00:00,2023-11-17 23:59:59,RU000A105GW4
95.5,95.5,95.5,93.92,63920.1,67,2023-11-20 00:00:00,2023-11-20 23:59:59,RU000A105GW4
95.5,95.3,95.5,95.3,72452.0,76,2023-11-21 00:00:00,2023-11-21 23:59:59,RU000A105GW4
96.47,94.0,96.47,94.0,384441.7,408,2023-11-22 00:00:00,2023-11-22 23:59:59,RU000A105GW4
94.5,94.0,94.5,93.09,472385.1,503,2023-11-23 00:00:00,2023-11-23 23:59:59,RU000A105GW4
94.0,94.0,94.0,93.81,32888.6,35,2023-11-24 00:00:00,2023-11-24 23:59:59,RU000A105GW4
93.81,94.4,94.47,92.41,323722.0,346,2023-11-27 00:00:00,2023-11-27 23:59:59,RU000A105GW4
93.15,94.0,94.49,92.63,984722.7,1053,2023-11-28 00:00:00,2023-11-28 23:59:59,RU000A105GW4
94.0,94.1,94.18,93.98,251087.2,267,2023-11-29 00:00:00,2023-11-29 23:59:59,RU000A105GW4
93.02,94.13,94.15,92.78,863422.0,928,2023-11-30 00:00:00,2023-11-30 23:59:59,RU000A105GW4
94.18,93.13,94.19,93.12,94857.6,101,2023-12-01 00:00:00,2023-12-01 23:59:59,RU000A105GW4
94.14,92.97,94.19,92.26,2053420.9,2199,2023-12-04 00:00:00,2023-12-04 23:59:59,RU000A105GW4
93.84,93.86,93.86,92.8,202882.5,217,2023-12-05 00:00:00,2023-12-05 23:59:59,RU000A105GW4
93.84,93.02,94.19,92.99,72391.7,77,2023-12-06 00:00:00,2023-12-06 23:59:59,RU000A105GW4
94.18,94.16,94.2,93.5,110161.4,117,2023-12-07 00:00:00,2023-12-07 23:59:59,RU000A105GW4
92.6,93.45,93.45,92.0,3619944.7,3908,2023-12-08 00:00:00,2023-12-08 23:59:59,RU000A105GW4
93.24,93.9,94.11,93.24,17848.7,19,2023-12-11 00:00:00,2023-12-11 23:59:59,RU000A105GW4
93.47,93.46,93.5,92.93,13082.8,14,2023-12-12 00:00:00,2023-12-12 23:59:59,RU000A105GW4
93.49,93.46,93.5,93.46,3769254.9,4033,2023-12-13 00:00:00,2023-12-13 23:59:59,RU000A105GW4
92.37,92.9,93.0,92.37,52940.1,57,2023-12-14 00:00:00,2023-12-14 23:59:59,RU000A105GW4
92.08,92.97,93.5,92.08,622108.0,666,2023-12-15 00:00:00,2023-12-15 23:59:59,RU000A105GW4
93.49,93.59,93.94,93.33,375900.9,402,2023-12-18 00:00:00,2023-12-18 23:59:59,RU000A105GW4
93.7,93.94,94.04,93.6,192163.1,205,2023-12-19 00:00:00,2023-12-19 23:59:59,RU000A105GW4
93.89,93.68,93.92,93.19,173747.8,186,2023-12-20 00:00:00,2023-12-20 23:59:59,RU000A105GW4
93.81,93.91,93.93,93.8,153002.1,163,2023-12-21 00:00:00,2023-12-21 23:59:59,RU000A105GW4
94.01,94.02,94.02,93.69,134333.8,143,2023-12-22 00:00:00,2023-12-22 23:59:59,RU000A105GW4
94.09,93.7,94.09,93.7,880163.7,939,2023-12-25 00:00:00,2023-12-25 23:59:59,RU000A105GW4
93.73,93.74,93.74,93.25,2910437.4,3110,2023-12-26 00:00:00,2023-12-26 23:59:59,RU000A105GW4
93.98,93.9,94.0,93.54,3577721.7,3816,2023-12-27 00:00:00,2023-12-27 23:59:59,RU000A105GW4
93.71,93.9,93.9,93.7,773717.9,825,2023-12-28 00:00:00,2023-12-28 23:59:59,RU000A105GW4
93.9,93.88,93.92,93.47,3156487.6,3362,2023-12-29 00:00:00,2023-12-29 23:59:59,RU000A105GW4
92.45,94.85,95.15,92.45,201662.9,213,2024-01-03 00:00:00,2024-01-03 23:59:59,RU000A105GW4
94.75,94.9,94.94,94.58,52165.9,55,2024-01-04 00:00:00,2024-01-04 23:59:59,RU000A105GW4
94.99,95.0,95.0,94.99,4749.9,5,2024-01-05 00:00:00,2024-01-05 23:59:59,RU000A105GW4
94.59,94.6,94.6,94.59,1891.9,2,2024-01-08 00:00:00,2024-01-08 23:59:59,RU000A105GW4
94.71,94.55,95.2,94.55,92785.2,98,2024-01-09 00:00:00,2024-01-09 23:59:59,RU000A105GW4
94.16,94.74,94.99,94.16,252545.4,266,2024-01-10 00:00:00,2024-01-10 23:59:59,RU000A105GW4
94.77,94.14,94.77,94.14,33012.8,35,2024-01-11 00:00:00,2024-01-11 23:59:59,RU000A105GW4
94.65,94.7,94.74,94.65,396767.7,419,2024-01-12 00:00:00,2024-01-12 23:59:59,RU000A105GW4
94.89,94.31,94.89,94.31,29251.7,31,2024-01-15 00:00:00,2024-01-15 23:59:59,RU000A105GW4
94.37,94.25,94.6,94.16,90543.4,96,2024-01-16 00:00:00,2024-01-16 23:59:59,RU000A105GW4
94.16,94.16,94.16,94.16,941.6,1,2024-01-17 00:00:00,2024-01-17 23:59:59,RU000A105GW4
94.24,94.24,94.25,94.11,35813.4,38,2024-01-18 00:00:00,2024-01-18 23:59:59,RU000A105GW4
95.0,94.17,95.0,94.15,30167.7,32,2024-01-19 00:00:00,2024-01-19 23:59:59,RU000A105GW4
94.23,94.1,94.25,94.1,342660.5,364,2024-01-22 00:00:00,2024-01-22 23:59:59,RU000A105GW4
93.9,94.16,94.53,93.89,7387146.5,7867,2024-01-23 00:00:00,2024-01-23 23:59:59,RU000A105GW4
94.49,94.15,94.5,94.15,192650.8,204,2024-01-24 00:00:00,2024-01-24 23:59:59,RU000A105GW4
94.33,94.36,94.39,94.33,11325.8,12,2024-01-25 00:00:00,2024-01-25 23:59:59,RU000A105GW4
93.86,93.96,94.46,93.85,4931216.8,5250,2024-01-26 00:00:00,2024-01-26 23:59:59,RU000A105GW4
94.47,93.85,94.47,93.85,11278.4,12,2024-01-29 00:00:00,2024-01-29 23:59:59,RU000A105GW4
94.32,94.01,94.32,94.0,1540883.2,1639,2024-01-30 00:00:00,2024-01-30 23:59:59,RU000A105GW4
94.04,94.16,94.16,93.71,4306914.0,4594,2024-01-31 00:00:00,2024-01-31 23:59:59,RU000A105GW4
94.18,94.0,94.18,94.0,29158.7,31,2024-02-01 00:00:00,2024-02-01 23:59:59,RU000A105GW4
94.22,94.37,94.37,94.22,10365.8,11,2024-02-05 00:00:00,2024-02-05 23:59:59,RU000A105GW4
94.15,94.52,94.58,94.15,1360576.9,1440,2024-02-06 00:00:00,2024-02-06 23:59:59,RU000A105GW4
94.15,94.29,94.56,94.0,204984.0,218,2024-02-07 00:00:00,2024-02-07 23:59:59,RU000A105GW4
94.26,94.27,94.27,94.26,9426.5,10,2024-02-08 00:00:00,2024-02-08 23:59:59,RU000A105GW4
93.9,94.28,94.65,93.9,485306.6,513,2024-02-09 00:00:00,2024-02-09 23:59:59,RU000A105GW4
94.55,94.07,94.55,94.0,23554.8,25,2024-02-12 00:00:00,2024-02-12 23:59:59,RU000A105GW4
94.11,94.0,94.28,93.7,805468.4,856,2024-02-13 00:00:00,2024-02-13 23:59:59,RU000A105GW4
94.38,94.13,94.38,93.85,567538.1,603,2024-02-14 00:00:00,2024-02-14 23:59:59,RU000A105GW4
94.47,94.1,94.47,93.73,29165.5,31,2024-02-15 00:00:00,2024-02-15 23:59:59,RU000A105GW4
93.74,94.05,94.15,93.74,198506.3,211,2024-02-16 00:00:00,2024-02-16 23:59:59,RU000A105GW4
94.23,94.18,94.23,94.0,5290670.8,5623,2024-02-19 00:00:00,2024-02-19 23:59:59,RU000A105GW4
94.97,94.2,94.99,94.2,37842.2,40,2024-02-20 00:00:00,2024-02-20 23:59:59,RU000A105GW4
94.45,94.45,94.99,93.86,221212.9,234,2024-02-21 00:00:00,2024-02-21 23:59:59,RU000A105GW4
94.51,94.46,94.51,94.46,2834.8,3,2024-02-22 00:00:00,2024-02-22 23:59:59,RU000A105GW4
94.94,94.49,94.95,94.28,5685.5,6,2024-02-26 00:00:00,2024-02-26 23:59:59,RU000A105GW4
94.55,94.5,94.87,94.13,36922.7,39,2024-02-27 00:00:00,2024-02-27 23:59:59,RU000A105GW4
94.5,94.52,94.96,94.5,38878.1,41,2024-02-28 00:00:00,2024-02-28 23:59:59,RU000A105GW4
94.91,94.96,95.0,94.55,38888.4,41,2024-02-29 00:00:00,2024-02-29 23:59:59,RU000A105GW4
95.0,94.66,95.0,94.66,7595.2,8,2024-03-01 00:00:00,2024-03-01 23:59:59,RU000A105GW4
94.96,94.94,94.97,94.71,718828.6,757,2024-03-04 00:00:00,2024-03-04 23:59:59,RU000A105GW4
94.97,94.36,94.97,93.85,306191.9,325,2024-03-06 00:00:00,2024-03-06 23:59:59,RU000A105GW4
94.92,94.92,94.95,94.2,526681.2,555,2024-03-07 00:00:00,2024-03-07 23:59:59,RU000A105GW4
95.37,95.05,95.38,94.95,143648.4,151,2024-03-11 00:00:00,2024-03-11 23:59:59,RU000A105GW4
95.0,94.89,95.0,94.71,97693.9,103,2024-03-12 00:00:00,2024-03-12 23:59:59,RU000A105GW4
95.01,94.6,95.01,94.6,40769.0,43,2024-03-13 00:00:00,2024-03-13 23:59:59,RU000A105GW4
94.58,94.46,94.64,93.26,33049.4,35,2024-03-14 00:00:00,2024-03-14 23:59:59,RU000A105GW4
93.36,94.89,94.97,93.36,211675.4,223,2024-03-15 00:00:00,2024-03-15 23:59:59,RU000A105GW4
95.34,94.87,95.34,94.87,18989.2,20,2024-03-18 00:00:00,2024-03-18 23:59:59,RU000A105GW4
94.99,95.0,95.0,94.99,3799.9,4,2024-03-19 00:00:00,2024-03-19 23:59:59,RU000A105GW4
94.26,94.27,94.72,94.16,33958.0,36,2024-03-20 00:00:00,2024-03-20 23:59:59,RU000A105GW4
94.63,94.82,94.82,94.63,4733.8,5,2024-03-21 00:00:00,2024-03-21 23:59:59,RU000A105GW4
93.55,94.13,94.86,93.55,15088.3,16,2024-03-22 00:00:00,2024-03-22 23:59:59,RU000A105GW4
93.52,94.12,94.14,93.52,14113.2,15,2024-03-25 00:00:00,2024-03-25 23:59:59,RU000A105GW4
94.45,94.45,94.45,94.45,944.5,1,2024-03-26 00:00:00,2024-03-26 23:59:59,RU000A105GW4
94.1,94.0,94.1,93.74,301658.2,321,2024-03-27 00:00:00,2024-03-27 23:59:59,RU000A105GW4
93.68,93.85,94.32,92.77,14665380.2,15687,2024-03-28 00:00:00,2024-03-28 23:59:59,RU000A105GW4
94.5,94.23,94.5,93.78,27262.5,29,2024-03-29 00:00:00,2024-03-29 23:59:59,RU000A105GW4
94.69,93.99,94.69,93.49,177787.5,189,2024-04-01 00:00:00,2024-04-01 23:59:59,RU000A105GW4
94.47,94.28,94.49,93.97,29264.5,31,2024-04-02 00:00:00,2024-04-02 23:59:59,RU000A105GW4
94.39,94.39,94.39,94.39,4719.5,5,2024-04-03 00:00:00,2024-04-03 23:59:59,RU000A105GW4
94.5,94.61,94.66,94.5,20043691.2,21206,2024-04-04 00:00:00,2024-04-04 23:59:59,RU000A105GW4
94.67,94.7,94.7,94.56,10511048.2,11115,2024-04-05 00:00:00,2024-04-05 23:59:59,RU000A105GW4
94.96,95.02,95.02,94.56,2918736.0,3073,2024-04-08 00:00:00,2024-04-08 23:59:59,RU000A105GW4
94.61,94.95,95.44,94.1,20815.9,22,2024-04-10 00:00:00,2024-04-10 23:59:59,RU000A105GW4
94.69,94.95,94.97,94.69,12334.4,13,2024-04-11 00:00:00,2024-04-11 23:59:59,RU000A105GW4
94.85,94.85,94.85,94.45,35247556.4,37162,2024-04-12 00:00:00,2024-04-12 23:59:59,RU000A105GW4
94.85,94.5,94.85,94.1,512154.1,542,2024-04-15 00:00:00,2024-04-15 23:59:59,RU000A105GW4
94.12,94.54,94.83,94.12,20852.2,22,2024-04-16 00:00:00,2024-04-16 23:59:59,RU000A105GW4
94.79,94.51,94.79,94.0,1353220.1,1435,2024-04-17 00:00:00,2024-04-17 23:59:59,RU000A105GW4
94.22,94.18,94.88,94.18,12270.3,13,2024-04-19 00:00:00,2024-04-19 23:59:59,RU000A105GW4
94.52,94.7,94.7,93.67,45391.2,48,2024-04-22 00:00:00,2024-04-22 23:59:59,RU000A105GW4
93.99,94.7,94.7,93.99,50183.9,53,2024-04-24 00:00:00,2024-04-24 23:59:59,RU000A105GW4
94.91,94.91,94.91,94.91,1898.2,2,2024-04-25 00:00:00,2024-04-25 23:59:59,RU000A105GW4
93.68,94.68,94.68,93.68,4713633.9,5013,2024-04-26 00:00:00,2024-04-26 23:59:59,RU000A105GW4
94.64,94.03,94.91,93.77,11069425.2,11719,2024-04-27 00:00:00,2024-04-27 23:59:59,RU000A105GW4
94.94,94.94,94.94,94.94,949.4,1,2024-04-29 00:00:00,2024-04-29 23:59:59,RU000A105GW4
94.96,98.0,98.0,94.96,21268.4,22,2024-04-30 00:00:00,2024-04-30 23:59:59,RU000A105GW4
98.0,94.6,98.0,92.97,318157.5,337,2024-05-02 00:00:00,2024-05-02 23:59:59,RU000A105GW4
94.98,94.99,95.0,94.98,35147.8,37,2024-05-03 00:00:00,2024-05-03 23:59:59,RU000A105GW4
94.21,94.53,94.99,94.02,111263.4,118,2024-05-07 00:00:00,2024-05-07 23:59:59,RU000A105GW4
94.05,94.06,94.51,94.04,96029.7,102,2024-05-08 00:00:00,2024-05-08 23:59:59,RU000A105GW4
94.01,94.45,94.45,94.01,8472.8,9,2024-05-10 00:00:00,2024-05-10 23:59:59,RU000A105GW4
94.46,94.27,94.46,93.98,31072.4,33,2024-05-13 00:00:00,2024-05-13 23:59:59,RU000A105GW4
93.99,94.39,94.41,93.98,126069.0,134,2024-05-14 00:00:00,2024-05-14 23:59:59,RU000A105GW4
94.04,94.25,94.25,94.04,7531.6,8,2024-05-15 00:00:00,2024-05-15 23:59:59,RU000A105GW4
94.0,94.01,94.35,94.0,6591.2,7,2024-05-16 00:00:00,2024-05-16 23:59:59,RU000A105GW4
94.19,94.53,94.53,93.96,79212.2,84,2024-05-17 00:00:00,2024-05-17 23:59:59,RU000A105GW4
94.49,94.74,94.76,94.07,167534.5,177,2024-05-20 00:00:00,2024-05-20 23:59:59,RU000A105GW4
94.75,94.75,94.75,93.97,100426.1,106,2024-05-21 00:00:00,2024-05-21 23:59:59,RU000A105GW4
94.79,94.75,97.15,94.59,104700.6,110,2024-05-22 00:00:00,2024-05-22 23:59:59,RU000A105GW4
97.67,93.95,97.67,93.95,11737220.7,12459,2024-05-23 00:00:00,2024-05-23 23:59:59,RU000A105GW4
93.26,93.34,94.33,93.17,737609.8,786,2024-05-24 00:00:00,2024-05-24 23:59:59,RU000A105GW4
92.09,94.26,94.26,92.09,212971.4,227,2024-05-27 00:00:00,2024-05-27 23:59:59,RU000A105GW4
93.66,94.17,94.4,93.66,4847853.5,5156,2024-05-28 00:00:00,2024-05-28 23:59:59,RU000A105GW4
94.44,94.5,94.54,94.44,405429.6,429,2024-05-29 00:00:00,2024-05-29 23:59:59,RU000A105GW4
94.5,94.39,94.5,94.39,38712.0,41,2024-05-30 00:00:00,2024-05-30 23:59:59,RU000A105GW4
94.0,94.2,94.39,94.0,68772.5,73,2024-05-31 00:00:00,2024-05-31 23:59:59,RU000A105GW4
94.1,93.71,94.1,93.71,15992.1,17,2024-06-03 00:00:00,2024-06-03 23:59:59,RU000A105GW4
93.81,93.8,93.81,93.7,26260.7,28,2024-06-04 00:00:00,2024-06-04 23:59:59,RU000A105GW4
93.77,93.85,94.1,93.77,30371383.5,32276,2024-06-05 00:00:00,2024-06-05 23:59:59,RU000A105GW4
94.2,94.2,94.2,94.2,29202.0,31,2024-06-06 00:00:00,2024-06-06 23:59:59,RU000A105GW4
93.86,94.01,94.19,93.86,9401.6,10,2024-06-07 00:00:00,2024-06-07 23:59:59,RU000A105GW4
93.63,94.03,94.17,93.62,37545.6,40,2024-06-10 00:00:00,2024-06-10 23:59:59,RU000A105GW4
94.03,93.79,94.35,93.79,265951.0,282,2024-06-11 00:00:00,2024-06-11 23:59:59,RU000A105GW4
93.63,93.24,93.63,93.15,99845.1,107,2024-06-13 00:00:00,2024-06-13 23:59:59,RU000A105GW4
93.2,93.8,93.8,93.06,2202700.0,2349,2024-06-14 00:00:00,2024-06-14 23:59:59,RU000A105GW4
93.76,93.84,94.02,92.56,8489443.0,9079,2024-06-17 00:00:00,2024-06-17 23:59:59,RU000A105GW4
94.03,94.0,94.29,93.88,39484.0,42,2024-06-18 00:00:00,2024-06-18 23:59:59,RU000A105GW4
93.89,94.01,94.01,93.89,341219.2,363,2024-06-19 00:00:00,2024-06-19 23:59:59,RU000A105GW4
94.04,94.04,94.04,93.89,201220.5,214,2024-06-20 00:00:00,2024-06-20 23:59:59,RU000A105GW4
94.06,94.02,94.06,93.08,486754.5,518,2024-06-21 00:00:00,2024-06-21 23:59:59,RU000A105GW4
94.01,94.01,94.02,93.3,112778.0,120,2024-06-24 00:00:00,2024-06-24 23:59:59,RU000A105GW4
94.05,94.03,94.05,93.79,86455.1,92,2024-06-25 00:00:00,2024-06-25 23:59:59,RU000A105GW4
94.04,94.03,94.04,93.77,211505.8,225,2024-06-26 00:00:00,2024-06-26 23:59:59,RU000A105GW4
94.05,94.33,94.43,93.97,1024170.4,1089,2024-06-27 00:00:00,2024-06-27 23:59:59,RU000A105GW4
95.04,93.86,95.51,93.33,560557.0,594,2024-06-28 00:00:00,2024-06-28 23:59:59,RU000A105GW4
95.15,94.96,96.81,93.08,126088.2,133,2024-07-01 00:00:00,2024-07-01 23:59:59,RU000A105GW4
96.84,97.64,97.64,94.1,106723.6,111,2024-07-02 00:00:00,2024-07-02 23:59:59,RU000A105GW4
97.64,96.97,97.7,95.47,87144.5,90,2024-07-03 00:00:00,2024-07-03 23:59:59,RU000A105GW4
95.95,95.93,95.95,94.78,96151.7,101,2024-07-04 00:00:00,2024-07-04 23:59:59,RU000A105GW4
95.99,93.11,96.57,93.11,109537.2,115,2024-07-05 00:00:00,2024-07-05 23:59:59,RU000A105GW4
95.33,93.78,95.34,93.78,107304.7,114,2024-07-08 00:00:00,2024-07-08 23:59:59,RU000A105GW4
93.82,94.84,96.0,93.79,155720.3,164,2024-07-09 00:00:00,2024-07-09 23:59:59,RU000A105GW4
96.36,94.37,96.4,94.37,68743.7,72,2024-07-10 00:00:00,2024-07-10 23:59:59,RU000A105GW4
94.0,94.74,95.2,93.99,151705.4,160,2024-07-11 00:00:00,2024-07-11 23:59:59,RU000A105GW4
93.93,93.96,95.85,93.88,350598.3,372,2024-07-12 00:00:00,2024-07-12 23:59:59,RU000A105GW4
95.97,93.0,95.97,92.87,1383704.2,1487,2024-07-15 00:00:00,2024-07-15 23:59:59,RU000A105GW4
94.02,93.0,94.48,92.85,7625595.8,8198,2024-07-16 00:00:00,2024-07-16 23:59:59,RU000A105GW4
95.33,92.99,95.33,91.92,9035987.2,9727,2024-07-17 00:00:00,2024-07-17 23:59:59,RU000A105GW4
93.0,94.49,94.49,93.0,3649625.4,3896,2024-07-18 00:00:00,2024-07-18 23:59:59,RU000A105GW4
93.64,94.5,94.61,93.64,753273.2,802,2024-07-19 00:00:00,2024-07-19 23:59:59,RU000A105GW4
94.83,94.59,94.83,93.63,330088.6,349,2024-07-22 00:00:00,2024-07-22 23:59:59,RU000A105GW4
95.0,94.65,95.0,94.08,111691.8,118,2024-07-23 00:00:00,2024-07-23 23:59:59,RU000A105GW4
94.62,94.4,94.63,94.4,81370.2,86,2024-07-24 00:00:00,2024-07-24 23:59:59,RU000A105GW4
94.62,94.46,94.62,93.97,785893.3,832,2024-07-25 00:00:00,2024-07-25 23:59:59,RU000A105GW4
94.65,93.99,94.65,93.91,1284508.4,1366,2024-07-26 00:00:00,2024-07-26 23:59:59,RU000A105GW4
94.46,94.56,94.56,93.73,231537.1,245,2024-07-29 00:00:00,2024-07-29 23:59:59,RU000A105GW4
94.65,94.51,94.65,93.62,587304.5,624,2024-07-30 00:00:00,2024-07-30 23:59:59,RU000A105GW4
94.63,95.06,96.7,94.63,191057.9,201,2024-07-31 00:00:00,2024-07-31 23:59:59,RU000A105GW4
93.8,95.48,95.5,93.8,155878.6,164,2024-08-01 00:00:00,2024-08-01 23:59:59,RU000A105GW4
93.8,93.8,95.45,93.03,1186872.6,1264,2024-08-02 00:00:00,2024-08-02 23:59:59,RU000A105GW4
94.11,94.07,94.11,93.64,23454.5,25,2024-08-05 00:00:00,2024-08-05 23:59:59,RU000A105GW4
93.67,93.63,94.12,93.63,15032.3,16,2024-08-06 00:00:00,2024-08-06 23:59:59,RU000A105GW4
93.63,93.63,93.63,93.63,14980.8,16,2024-08-07 00:00:00,2024-08-07 23:59:59,RU000A105GW4
94.2,93.76,94.2,93.69,31010.4,33,2024-08-08 00:00:00,2024-08-08 23:59:59,RU000A105GW4
93.91,93.66,93.91,93.66,10321.9,11,2024-08-09 00:00:00,2024-08-09 23:59:59,RU000A105GW4
95.48,93.99,97.31,93.75,353193.2,366,2024-08-12 00:00:00,2024-08-12 23:59:59,RU000A105GW4
93.88,93.7,93.93,93.63,172536.0,184,2024-08-13 00:00:00,2024-08-13 23:59:59,RU000A105GW4
93.93,94.64,97.4,93.93,288747.4,304,2024-08-14 00:00:00,2024-08-14 23:59:59,RU000A105GW4
94.6,93.58,94.6,93.09,2277386.1,2433,2024-08-15 00:00:00,2024-08-15 23:59:59,RU000A105GW4
93.9,93.58,94.83,93.58,1296043.6,1383,2024-08-16 00:00:00,2024-08-16 23:59:59,RU000A105GW4
93.9,93.89,94.46,93.58,1896830.9,2026,2024-08-19 00:00:00,2024-08-19 23:59:59,RU000A105GW4
94.28,93.69,94.29,93.63,115318.4,123,2024-08-20 00:00:00,2024-08-20 23:59:59,RU000A105GW4
94.86,93.63,94.86,93.63,12187.8,13,2024-08-21 00:00:00,2024-08-21 23:59:59,RU000A105GW4
94.32,93.86,94.32,93.63,98623.4,105,2024-08-22 00:00:00,2024-08-22 23:59:59,RU000A105GW4
93.73,94.09,94.22,93.66,179216.3,191,2024-08-23 00:00:00,2024-08-23 23:59:59,RU000A105GW4
93.46,93.64,93.69,93.1,411241.4,441,2024-08-26 00:00:00,2024-08-26 23:59:59,RU000A105GW4
93.22,93.82,93.87,93.05,381368.1,408,2024-08-27 00:00:00,2024-08-27 23:59:59,RU000A105GW4
93.82,93.28,93.82,92.86,642215.2,690,2024-08-28 00:00:00,2024-08-28 23:59:59,RU000A105GW4
93.47,93.7,93.85,93.24,401298.2,430,2024-08-29 00:00:00,2024-08-29 23:59:59,RU000A105GW4
94.02,93.7,94.36,92.96,207315.8,222,2024-08-30 00:00:00,2024-08-30 23:59:59,RU000A105GW4
92.9,93.32,94.17,92.9,209366.7,224,2024-09-02 00:00:00,2024-09-02 23:59:59,RU000A105GW4
93.94,93.63,93.94,93.26,10302.9,11,2024-09-03 00:00:00,2024-09-03 23:59:59,RU000A105GW4
94.28,93.74,94.29,93.11,309131.0,330,2024-09-04 00:00:00,2024-09-04 23:59:59,RU000A105GW4
93.03,93.87,93.87,92.98,139076.7,149,2024-09-05 00:00:00,2024-09-05 23:59:59,RU000A105GW4
93.46,93.37,93.48,93.19,8969707.0,9624,2024-09-06 00:00:00,2024-09-06 23:59:59,RU000A105GW4
93.06,93.92,93.92,93.06,124767.2,133,2024-09-09 00:00:00,2024-09-09 23:59:59,RU000A105GW4
93.51,93.5,93.95,93.5,105214.8,112,2024-09-10 00:00:00,2024-09-10 23:59:59,RU000A105GW4
93.57,93.92,93.95,93.52,73959.5,79,2024-09-11 00:00:00,2024-09-11 23:59:59,RU000A105GW4
93.31,93.84,93.95,93.31,69446.8,74,2024-09-12 00:00:00,2024-09-12 23:59:59,RU000A105GW4
93.91,93.92,93.95,93.54,26294.1,28,2024-09-13 00:00:00,2024-09-13 23:59:59,RU000A105GW4
93.47,93.42,93.47,93.14,30810.8,33,2024-09-16 00:00:00,2024-09-16 23:59:59,RU000A105GW4
93.82,93.75,93.82,93.75,10316.1,11,2024-09-17 00:00:00,2024-09-17 23:59:59,RU000A105GW4
93.56,93.84,93.84,93.56,4686.2,5,2024-09-18 00:00:00,2024-09-18 23:59:59,RU000A105GW4
93.17,93.66,93.86,93.17,244785.4,262,2024-09-19 00:00:00,2024-09-19 23:59:59,RU000A105GW4
93.65,93.68,93.68,93.36,11236.7,12,2024-09-20 00:00:00,2024-09-20 23:59:59,RU000A105GW4
93.92,93.95,93.95,93.24,34613.4,37,2024-09-23 00:00:00,2024-09-23 23:59:59,RU000A105GW4
93.95,93.98,94.02,93.45,39357.0,42,2024-09-24 00:00:00,2024-09-24 23:59:59,RU000A105GW4
93.5,93.75,94.03,93.5,26271.3,28,2024-09-25 00:00:00,2024-09-25 23:59:59,RU000A105GW4
94.05,94.69,94.69,93.69,567886.0,602,2024-09-26 00:00:00,2024-09-26 23:59:59,RU000A105GW4
94.69,94.69,94.69,93.87,16994.6,18,2024-09-27 00:00:00,2024-09-27 23:59:59,RU000A105GW4
93.26,94.15,94.69,93.26,192016.7,205,2024-09-30 00:00:00,2024-09-30 23:59:59,RU000A105GW4
94.17,93.74,94.17,93.73,45958.3,49,2024-10-01 00:00:00,2024-10-01 23:59:59,RU000A105GW4
94.36,94.34,94.89,93.87,2091112.0,2204,2024-10-02 00:00:00,2024-10-02 23:59:59,RU000A105GW4
94.66,94.66,94.68,93.81,55738.2,59,2024-10-03 00:00:00,2024-10-03 23:59:59,RU000A105GW4
94.66,93.94,94.67,93.87,71525.0,76,2024-10-04 00:00:00,2024-10-04 23:59:59,RU000A105GW4
94.76,94.86,94.87,93.91,213314.1,225,2024-10-07 00:00:00,2024-10-07 23:59:59,RU000A105GW4
94.43,94.45,94.87,93.89,398308.7,420,2024-10-08 00:00:00,2024-10-08 23:59:59,RU000A105GW4
94.61,94.51,94.61,94.51,210003.9,222,2024-10-09 00:00:00,2024-10-09 23:59:59,RU000A105GW4
94.03,94.39,94.39,94.03,7547.4,8,2024-10-10 00:00:00,2024-10-10 23:59:59,RU000A105GW4
94.67,94.16,94.69,93.4,187874794.9,201135,2024-10-11 00:00:00,2024-10-11 23:59:59,RU000A105GW4
94.48,93.67,94.48,92.03,2310417.6,2488,2024-10-14 00:00:00,2024-10-14 23:59:59,RU000A105GW4
93.91,93.92,94.49,93.89,1146189.8,1216,2024-10-15 00:00:00,2024-10-15 23:59:59,RU000A105GW4
94.03,94.15,94.15,94.03,12227.5,13,2024-10-16 00:00:00,2024-10-16 23:59:59,RU000A105GW4
94.42,94.47,94.47,94.07,16967.1,18,2024-10-17 00:00:00,2024-10-17 23:59:59,RU000A105GW4
94.46,94.48,94.48,93.9,832343.1,881,2024-10-18 00:00:00,2024-10-18 23:59:59,RU000A105GW4
94.5,94.17,94.5,94.17,49043.7,52,2024-10-21 00:00:00,2024-10-21 23:59:59,RU000A105GW4
94.11,93.92,94.11,93.91,429215.1,457,2024-10-22 00:00:00,2024-10-22 23:59:59,RU000A105GW4
93.99,94.0,94.69,93.81,378985.3,401,2024-10-23 00:00:00,2024-10-23 23:59:59,RU000A105GW4
93.81,94.7,94.7,93.64,573230.7,607,2024-10-24 00:00:00,2024-10-24 23:59:59,RU000A105GW4
93.84,93.97,94.69,93.84,40457.3,43,2024-10-25 00:00:00,2024-10-25 23:59:59,RU000A105GW4
94.09,94.25,94.31,94.09,13200.1,14,2024-10-28 00:00:00,2024-10-28 23:59:59,RU000A105GW4
93.82,93.88,93.88,91.85,1078871.7,1160,2024-10-29 00:00:00,2024-10-29 23:59:59,RU000A105GW4
93.55,93.3,93.56,93.25,5783074.8,6198,2024-10-30 00:00:00,2024-10-30 23:59:59,RU000A105GW4
93.42,93.59,93.63,93.13,444401.9,475,2024-10-31 00:00:00,2024-10-31 23:59:59,RU000A105GW4
93.54,94.49,94.5,93.54,692031.1,733,2024-11-01 00:00:00,2024-11-01 23:59:59,RU000A105GW4
93.43,94.11,94.59,93.43,6576.7,7,2024-11-02 00:00:00,2024-11-02 23:59:59,RU000A105GW4
94.59,93.63,94.69,93.54,846515.9,896,2024-11-05 00:00:00,2024-11-05 23:59:59,RU000A105GW4
93.5,94.16,94.2,93.5,327571.7,348,2024-11-06 00:00:00,2024-11-06 23:59:59,RU000A105GW4
94.7,94.7,94.7,94.36,676098.3,714,2024-11-07 00:00:00,2024-11-07 23:59:59,RU000A105GW4
93.64,94.15,94.89,93.64,395648.7,417,2024-11-08 00:00:00,2024-11-08 23:59:59,RU000A105GW4
94.15,93.98,94.57,93.98,99918.3,106,2024-11-11 00:00:00,2024-11-11 23:59:59,RU000A105GW4
94.08,94.23,95.0,94.0,152782.7,162,2024-11-12 00:00:00,2024-11-12 23:59:59,RU000A105GW4
94.91,94.71,95.2,94.21,1125394.2,1190,2024-11-13 00:00:00,2024-11-13 23:59:59,RU000A105GW4
94.05,94.54,94.99,94.04,581105.6,612,2024-11-14 00:00:00,2024-11-14 23:59:59,RU000A105GW4
94.27,94.3,94.87,94.23,674817.4,715,2024-11-15 00:00:00,2024-11-15 23:59:59,RU000A105GW4
94.02,94.0,94.68,93.74,232632.0,247,2024-11-18 00:00:00,2024-11-18 23:59:59,RU000A105GW4
94.44,95.46,95.46,94.05,580556.4,612,2024-11-19 00:00:00,2024-11-19 23:59:59,RU000A105GW4
94.34,95.32,98.88,93.96,447161.1,473,2024-11-20 00:00:00,2024-11-20 23:59:59,RU000A105GW4
95.34,94.64,95.99,94.64,58177.7,61,2024-11-21 00:00:00,2024-11-21 23:59:59,RU000A105GW4
94.65,95.0,95.55,94.61,239478.3,252,2024-11-22 00:00:00,2024-11-22 23:59:59,RU000A105GW4
94.65,93.5,94.65,93.5,393906.8,418,2024-11-25 00:00:00,2024-11-25 23:59:59,RU000A105GW4
94.12,93.13,94.12,91.29,10019612.2,10809,2024-11-26 00:00:00,2024-11-26 23:59:59,RU000A105GW4
93.69,93.43,93.7,92.5,3169492.4,3409,2024-11-27 00:00:00,2024-11-27 23:59:59,RU000A105GW4
93.43,93.51,93.57,93.14,1645226.5,1760,2024-11-28 00:00:00,2024-11-28 23:59:59,RU000A105GW4
92.81,93.52,93.52,92.81,760969.9,815,2024-11-29 00:00:00,2024-11-29 23:59:59,RU000A105GW4
93.69,93.7,93.97,93.47,64667.2,69,2024-12-02 00:00:00,2024-12-02 23:59:59,RU000A105GW4
93.61,93.65,93.97,93.61,27221.1,29,2024-12-03 00:00:00,2024-12-03 23:59:59,RU000A105GW4
93.65,94.15,94.98,93.64,963992.7,1021,2024-12-04 00:00:00,2024-12-04 23:59:59,RU000A105GW4
94.59,94.71,95.0,94.59,118408.1,125,2024-12-05 00:00:00,2024-12-05 23:59:59,RU000A105GW4
94.99,94.72,95.0,94.23,12293.2,13,2024-12-06 00:00:00,2024-12-06 23:59:59,RU000A105GW4
94.15,94.25,94.25,93.84,39523.3,42,2024-12-09 00:00:00,2024-12-09 23:59:59,RU000A105GW4
100.1,100.2,100.63,100.06,9122503.1,9074,2023-04-18 00:00:00,2023-04-18 23:59:59,RU000A1064G3
100.25,100.58,100.98,100.04,14351210.6,14287,2023-04-19 00:00:00,2023-04-19 23:59:59,RU000A1064G3
100.78,100.75,100.94,100.3,18565123.8,18450,2023-04-20 00:00:00,2023-04-20 23:59:59,RU000A1064G3
100.95,100.99,101.0,100.9,9228523.9,9139,2023-04-21 00:00:00,2023-04-21 23:59:59,RU000A1064G3
101.0,102.0,102.4,100.9,4457353.3,4367,2023-04-24 00:00:00,2023-04-24 23:59:59,RU000A1064G3
102.12,102.1,102.14,101.01,1106431.3,1084,2023-04-25 00:00:00,2023-04-25 23:59:59,RU000A1064G3
102.1,102.65,103.8,101.51,1165650.4,1133,2023-04-26 00:00:00,2023-04-26 23:59:59,RU000A1064G3
103.8,101.5,103.8,101.5,5115764.9,5038,2023-04-27 00:00:00,2023-04-27 23:59:59,RU000A1064G3
101.98,100.45,101.98,100.25,65515608.6,65096,2023-04-28 00:00:00,2023-04-28 23:59:59,RU000A1064G3
100.7,101.38,101.4,100.45,12943250.5,12840,2023-05-02 00:00:00,2023-05-02 23:59:59,RU000A1064G3
101.0,101.3,101.38,100.7,29739251.0,29422,2023-05-03 00:00:00,2023-05-03 23:59:59,RU000A1064G3
101.79,101.8,102.2,101.05,2261994.8,2218,2023-05-04 00:00:00,2023-05-04 23:59:59,RU000A1064G3
101.87,102.18,102.18,101.87,1554891.6,1526,2023-05-05 00:00:00,2023-05-05 23:59:59,RU000A1064G3
102.2,101.22,102.2,101.2,1597259.7,1564,2023-05-08 00:00:00,2023-05-08 23:59:59,RU000A1064G3
101.31,102.5,102.5,101.3,2167525.5,2119,2023-05-10 00:00:00,2023-05-10 23:59:59,RU000A1064G3
102.49,102.4,102.49,102.34,1608726.3,1571,2023-05-11 00:00:00,2023-05-11 23:59:59,RU000A1064G3
102.45,102.31,102.45,102.0,259160.5,254,2023-05-12 00:00:00,2023-05-12 23:59:59,RU000A1064G3
102.39,102.35,102.4,101.51,3014005.8,2946,2023-05-15 00:00:00,2023-05-15 23:59:59,RU000A1064G3
102.01,102.01,102.21,102.0,6678986.2,6548,2023-05-16 00:00:00,2023-05-16 23:59:59,RU000A1064G3
102.19,102.0,102.19,102.0,259081.9,254,2023-05-17 00:00:00,2023-05-17 23:59:59,RU000A1064G3
102.21,102.0,102.3,102.0,363779.5,356,2023-05-18 00:00:00,2023-05-18 23:59:59,RU000A1064G3
101.48,102.4,102.44,101.48,21321017.7,20899,2023-05-19 00:00:00,2023-05-19 23:59:59,RU000A1064G3
102.44,101.99,102.44,101.99,4276772.9,4193,2023-05-22 00:00:00,2023-05-22 23:59:59,RU000A1064G3
101.83,101.99,102.0,101.83,263085.8,258,2023-05-23 00:00:00,2023-05-23 23:59:59,RU000A1064G3
102.43,102.0,102.43,101.81,1157292.6,1134,2023-05-24 00:00:00,2023-05-24 23:59:59,RU000A1064G3
102.44,101.95,102.44,101.81,1352391.0,1323,2023-05-25 00:00:00,2023-05-25 23:59:59,RU000A1064G3
101.99,102.0,102.0,101.97,331492.7,325,2023-05-26 00:00:00,2023-05-26 23:59:59,RU000A1064G3
102.29,101.93,102.29,101.77,3399890.4,3335,2023-05-29 00:00:00,2023-05-29 23:59:59,RU000A1064G3
101.93,102.0,102.0,101.59,6043956.4,5931,2023-05-30 00:00:00,2023-05-30 23:59:59,RU000A1064G3
101.01,101.7,102.2,101.01,373442.2,367,2023-05-31 00:00:00,2023-05-31 23:59:59,RU000A1064G3
101.61,101.71,102.0,101.61,1054422.9,1034,2023-06-01 00:00:00,2023-06-01 23:59:59,RU000A1064G3
101.86,101.99,102.0,101.86,2610100.7,2559,2023-06-02 00:00:00,2023-06-02 23:59:59,RU000A1064G3
102.0,101.99,102.0,101.95,3185451.7,3123,2023-06-05 00:00:00,2023-06-05 23:59:59,RU000A1064G3
101.98,102.0,102.0,101.98,1589155.5,1558,2023-06-06 00:00:00,2023-06-06 23:59:59,RU000A1064G3
101.52,101.99,102.0,101.52,785231.1,770,2023-06-07 00:00:00,2023-06-07 23:59:59,RU000A1064G3
102.0,102.0,102.0,101.63,746617.7,732,2023-06-08 00:00:00,2023-06-08 23:59:59,RU000A1064G3
102.0,102.0,102.0,101.9,1497295.7,1468,2023-06-09 00:00:00,2023-06-09 23:59:59,RU000A1064G3
102.3,101.66,102.3,101.66,1707461.0,1678,2023-06-13 00:00:00,2023-06-13 23:59:59,RU000A1064G3
102.06,101.9,102.28,101.01,2618164.0,2566,2023-06-14 00:00:00,2023-06-14 23:59:59,RU000A1064G3
101.89,101.9,101.9,101.36,8138443.3,7990,2023-06-15 00:00:00,2023-06-15 23:59:59,RU000A1064G3
101.02,101.9,101.9,101.01,4577834.8,4495,2023-06-16 00:00:00,2023-06-16 23:59:59,RU000A1064G3
101.91,101.74,101.91,101.2,29269486.7,28857,2023-06-19 00:00:00,2023-06-19 23:59:59,RU000A1064G3
101.66,101.75,102.03,101.4,6150258.9,6044,2023-06-20 00:00:00,2023-06-20 23:59:59,RU000A1064G3
101.79,101.77,101.8,101.31,2828096.6,2780,2023-06-21 00:00:00,2023-06-21 23:59:59,RU000A1064G3
101.76,101.78,101.85,101.32,7972270.7,7832,2023-06-22 00:00:00,2023-06-22 23:59:59,RU000A1064G3
101.75,101.75,101.79,101.02,818195.9,805,2023-06-23 00:00:00,2023-06-23 23:59:59,RU000A1064G3
101.43,101.67,101.75,101.1,800011.1,787,2023-06-26 00:00:00,2023-06-26 23:59:59,RU000A1064G3
101.71,101.72,101.75,101.06,1889305.2,1857,2023-06-27 00:00:00,2023-06-27 23:59:59,RU000A1064G3
101.73,101.72,101.74,101.47,1188278.0,1168,2023-06-28 00:00:00,2023-06-28 23:59:59,RU000A1064G3
101.1,101.68,101.73,101.1,3616638.6,3566,2023-06-29 00:00:00,2023-06-29 23:59:59,RU000A1064G3
101.49,101.7,101.71,100.99,2737339.3,2702,2023-06-30 00:00:00,2023-06-30 23:59:59,RU000A1064G3
101.2,101.43,101.75,100.99,5622154.0,5527,2023-07-03 00:00:00,2023-07-03 23:59:59,RU000A1064G3
98.22,101.74,101.75,98.22,2050859.7,2017,2023-07-04 00:00:00,2023-07-04 23:59:59,RU000A1064G3
101.75,101.76,101.76,101.75,793650.3,780,2023-07-05 00:00:00,2023-07-05 23:59:59,RU000A1064G3
101.61,101.3,101.76,100.6,3833149.5,3770,2023-07-06 00:00:00,2023-07-06 23:59:59,RU000A1064G3
101.69,101.52,101.76,100.5,8549086.4,8435,2023-07-07 00:00:00,2023-07-07 23:59:59,RU000A1064G3
102.49,100.59,102.5,100.12,8799307.6,8674,2023-07-10 00:00:00,2023-07-10 23:59:59,RU000A1064G3
101.33,101.3,101.5,100.27,4499035.2,4450,2023-07-11 00:00:00,2023-07-11 23:59:59,RU000A1064G3
101.48,101.3,101.54,101.3,146915.5,145,2023-07-12 00:00:00,2023-07-12 23:59:59,RU000A1064G3
101.31,101.75,101.76,101.3,25577871.7,25137,2023-07-13 00:00:00,2023-07-13 23:59:59,RU000A1064G3
101.76,101.74,101.76,101.32,9730431.4,9564,2023-07-14 00:00:00,2023-07-14 23:59:59,RU000A1064G3
101.76,101.7,101.76,101.02,2692313.2,2646,2023-07-17 00:00:00,2023-07-17 23:59:59,RU000A1064G3
101.07,101.19,101.75,100.2,2315860.5,2284,2023-07-18 00:00:00,2023-07-18 23:59:59,RU000A1064G3
101.39,101.4,101.75,100.53,3176276.4,3126,2023-07-19 00:00:00,2023-07-19 23:59:59,RU000A1064G3
101.49,101.4,101.5,100.2,5698390.6,5629,2023-07-20 00:00:00,2023-07-20 23:59:59,RU000A1064G3
101.75,101.5,101.75,101.01,3723167.9,3669,2023-07-21 00:00:00,2023-07-21 23:59:59,RU000A1064G3
91.28,101.27,101.5,91.28,4406852.6,4491,2023-07-24 00:00:00,2023-07-24 23:59:59,RU000A1064G3
101.01,101.0,101.03,100.99,2566435.7,2541,2023-07-25 00:00:00,2023-07-25 23:59:59,RU000A1064G3
101.23,100.94,101.25,100.71,1380654.5,1364,2023-07-26 00:00:00,2023-07-26 23:59:59,RU000A1064G3
101.24,100.88,101.24,100.52,2029560.6,2011,2023-07-27 00:00:00,2023-07-27 23:59:59,RU000A1064G3
100.88,100.75,100.97,100.56,1449350.6,1437,2023-07-28 00:00:00,2023-07-28 23:59:59,RU000A1064G3
100.97,100.9,101.18,100.54,1966421.3,1948,2023-07-31 00:00:00,2023-07-31 23:59:59,RU000A1064G3
100.89,100.97,100.97,100.63,9428387.2,9338,2023-08-01 00:00:00,2023-08-01 23:59:59,RU000A1064G3
100.95,100.49,100.97,100.35,14223612.0,14122,2023-08-02 00:00:00,2023-08-02 23:59:59,RU000A1064G3
100.64,100.29,100.65,99.96,4051712.4,4037,2023-08-03 00:00:00,2023-08-03 23:59:59,RU000A1064G3
100.49,100.19,100.5,100.18,2699582.2,2692,2023-08-04 00:00:00,2023-08-04 23:59:59,RU000A1064G3
100.2,100.2,100.2,99.99,2170059.8,2166,2023-08-07 00:00:00,2023-08-07 23:59:59,RU000A1064G3
100.18,100.1,100.2,99.98,8532087.9,8520,2023-08-08 00:00:00,2023-08-08 23:59:59,RU000A1064G3
100.62,99.95,100.62,99.11,14554569.0,14561,2023-08-09 00:00:00,2023-08-09 23:59:59,RU000A1064G3
101.65,99.95,101.65,99.5,15735260.8,15741,2023-08-10 00:00:00,2023-08-10 23:59:59,RU000A1064G3
100.02,100.75,100.96,99.91,106692409.6,106621,2023-08-11 00:00:00,2023-08-11 23:59:59,RU000A1064G3
100.83,100.5,100.88,98.61,6526367.8,6487,2023-08-14 00:00:00,2023-08-14 23:59:59,RU000A1064G3
100.46,99.31,100.48,98.71,5317100.2,5338,2023-08-15 00:00:00,2023-08-15 23:59:59,RU000A1064G3
100.41,99.69,100.42,98.76,2118307.4,2121,2023-08-16 00:00:00,2023-08-16 23:59:59,RU000A1064G3
99.89,99.98,102.49,98.67,973918.8,972,2023-08-17 00:00:00,2023-08-17 23:59:59,RU000A1064G3
100.37,99.86,100.39,98.7,957133.5,958,2023-08-18 00:00:00,2023-08-18 23:59:59,RU000A1064G3
99.82,99.99,100.47,99.7,1816014.8,1811,2023-08-21 00:00:00,2023-08-21 23:59:59,RU000A1064G3
98.53,99.85,100.2,98.5,1517688.1,1520,2023-08-22 00:00:00,2023-08-22 23:59:59,RU000A1064G3
98.77,99.99,100.44,98.7,710804.6,716,2023-08-23 00:00:00,2023-08-23 23:59:59,RU000A1064G3
99.97,99.98,100.0,99.97,25996.8,26,2023-08-24 00:00:00,2023-08-24 23:59:59,RU000A1064G3
99.98,99.98,99.98,98.7,1056188.6,1060,2023-08-25 00:00:00,2023-08-25 23:59:59,RU000A1064G3
99.98,99.93,101.0,99.15,4829458.8,4827,2023-08-28 00:00:00,2023-08-28 23:59:59,RU000A1064G3
99.36,100.0,100.0,99.36,513900.1,514,2023-08-29 00:00:00,2023-08-29 23:59:59,RU000A1064G3
99.53,99.5,103.49,98.51,5782870.6,5766,2023-08-30 00:00:00,2023-08-30 23:59:59,RU000A1064G3
100.49,99.44,100.5,98.51,260886.5,264,2023-08-31 00:00:00,2023-08-31 23:59:59,RU000A1064G3
100.24,99.44,100.25,98.83,2133923.4,2145,2023-09-01 00:00:00,2023-09-01 23:59:59,RU000A1064G3
99.44,99.15,99.93,96.77,1925296.3,1950,2023-09-04 00:00:00,2023-09-04 23:59:59,RU000A1064G3
99.04,99.05,99.49,98.7,7648331.5,7737,2023-09-05 00:00:00,2023-09-05 23:59:59,RU000A1064G3
98.5,97.94,99.1,96.75,1174695.2,1199,2023-09-06 00:00:00,2023-09-06 23:59:59,RU000A1064G3
96.51,98.04,99.0,96.0,3168423.6,3213,2023-09-07 00:00:00,2023-09-07 23:59:59,RU000A1064G3
96.08,98.8,100.69,96.08,1165265.5,1167,2023-09-08 00:00:00,2023-09-08 23:59:59,RU000A1064G3
100.79,99.3,100.8,97.78,1335790.9,1362,2023-09-11 00:00:00,2023-09-11 23:59:59,RU000A1064G3
99.48,99.08,99.49,97.97,1378218.5,1392,2023-09-12 00:00:00,2023-09-12 23:59:59,RU000A1064G3
97.85,99.94,99.98,97.06,411047.7,414,2023-09-13 00:00:00,2023-09-13 23:59:59,RU000A1064G3
97.55,99.9,99.99,97.55,422836.7,424,2023-09-14 00:00:00,2023-09-14 23:59:59,RU000A1064G3
98.47,99.83,99.88,97.0,617694.6,625,2023-09-15 00:00:00,2023-09-15 23:59:59,RU000A1064G3
101.0,98.9,101.0,97.35,2365156.2,2385,2023-09-18 00:00:00,2023-09-18 23:59:59,RU000A1064G3
99.0,97.01,99.0,97.01,2396177.3,2435,2023-09-19 00:00:00,2023-09-19 23:59:59,RU000A1064G3
96.16,97.16,99.84,96.0,379836.8,393,2023-09-20 00:00:00,2023-09-20 23:59:59,RU000A1064G3
95.8,95.81,97.04,95.8,1209971.2,1256,2023-09-21 00:00:00,2023-09-21 23:59:59,RU000A1064G3
96.03,96.78,96.8,96.03,436126.2,451,2023-09-22 00:00:00,2023-09-22 23:59:59,RU000A1064G3
96.03,96.4,97.0,95.69,864187.7,899,2023-09-25 00:00:00,2023-09-25 23:59:59,RU000A1064G3
97.48,97.54,99.93,97.09,733979.2,749,2023-09-26 00:00:00,2023-09-26 23:59:59,RU000A1064G3
99.91,96.26,99.96,94.77,2481572.0,2584,2023-09-27 00:00:00,2023-09-27 23:59:59,RU000A1064G3
97.21,96.07,97.22,96.0,326637.6,339,2023-09-28 00:00:00,2023-09-28 23:59:59,RU000A1064G3
97.38,95.5,97.39,94.77,465189.7,486,2023-09-29 00:00:00,2023-09-29 23:59:59,RU000A1064G3
95.72,94.48,95.95,94.05,214359.3,225,2023-10-02 00:00:00,2023-10-02 23:59:59,RU000A1064G3
94.99,94.58,95.0,93.5,775370.5,821,2023-10-03 00:00:00,2023-10-03 23:59:59,RU000A1064G3
94.83,94.25,94.83,93.12,1084979.1,1157,2023-10-04 00:00:00,2023-10-04 23:59:59,RU000A1064G3
94.87,94.33,94.88,93.95,464722.9,493,2023-10-05 00:00:00,2023-10-05 23:59:59,RU000A1064G3
93.83,96.44,97.78,93.83,551021.4,574,2023-10-06 00:00:00,2023-10-06 23:59:59,RU000A1064G3
97.79,97.69,99.5,94.56,1713473.9,1739,2023-10-09 00:00:00,2023-10-09 23:59:59,RU000A1064G3
98.7,97.97,98.7,94.15,1253847.6,1303,2023-10-10 00:00:00,2023-10-10 23:59:59,RU000A1064G3
97.89,97.74,97.89,94.51,791601.1,829,2023-10-11 00:00:00,2023-10-11 23:59:59,RU000A1064G3
97.49,96.5,97.49,96.06,306221.6,317,2023-10-12 00:00:00,2023-10-12 23:59:59,RU000A1064G3
99.24,96.49,99.25,95.95,349245.8,362,2023-10-13 00:00:00,2023-10-13 23:59:59,RU000A1064G3
96.5,97.34,97.87,94.66,2317430.1,2415,2023-10-16 00:00:00,2023-10-16 23:59:59,RU000A1064G3
99.3,97.15,99.3,96.0,585684.7,605,2023-10-17 00:00:00,2023-10-17 23:59:59,RU000A1064G3
94.07,96.0,97.2,92.26,4959622.4,5217,2023-10-18 00:00:00,2023-10-18 23:59:59,RU000A1064G3
97.39,95.32,97.39,93.91,2624832.4,2754,2023-10-19 00:00:00,2023-10-19 23:59:59,RU000A1064G3
96.45,93.8,96.48,93.0,5969119.8,6380,2023-10-20 00:00:00,2023-10-20 23:59:59,RU000A1064G3
93.39,94.19,94.47,93.39,7112586.8,7567,2023-10-23 00:00:00,2023-10-23 23:59:59,RU000A1064G3
95.4,95.05,98.0,93.5,50645617.8,53307,2023-10-24 00:00:00,2023-10-24 23:59:59,RU000A1064G3
93.58,95.0,99.16,92.76,6095340.0,6451,2023-10-25 00:00:00,2023-10-25 23:59:59,RU000A1064G3
97.24,95.13,98.0,95.0,7569089.0,7890,2023-10-26 00:00:00,2023-10-26 23:59:59,RU000A1064G3
99.26,94.78,99.26,94.18,3446810.2,3626,2023-10-27 00:00:00,2023-10-27 23:59:59,RU000A1064G3
95.71,94.04,95.8,92.3,1710384.3,1830,2023-10-30 00:00:00,2023-10-30 23:59:59,RU000A1064G3
94.29,94.99,95.8,93.52,1434911.3,1524,2023-10-31 00:00:00,2023-10-31 23:59:59,RU000A1064G3
97.74,95.35,97.74,94.16,1699761.0,1798,2023-11-01 00:00:00,2023-11-01 23:59:59,RU000A1064G3
94.25,94.4,96.37,93.82,1349894.1,1425,2023-11-02 00:00:00,2023-11-02 23:59:59,RU000A1064G3
94.14,95.07,95.07,92.0,4160525.6,4424,2023-11-03 00:00:00,2023-11-03 23:59:59,RU000A1064G3
96.35,95.66,96.39,95.66,37546.5,39,2023-11-06 00:00:00,2023-11-06 23:59:59,RU000A1064G3
93.55,93.92,95.5,93.46,1028666.0,1086,2023-11-07 00:00:00,2023-11-07 23:59:59,RU000A1064G3
93.95,96.48,96.99,92.39,1930022.7,2051,2023-11-08 00:00:00,2023-11-08 23:59:59,RU000A1064G3
98.98,96.41,98.99,93.91,1479645.9,1545,2023-11-09 00:00:00,2023-11-09 23:59:59,RU000A1064G3
94.58,95.02,96.7,94.57,1262706.9,1322,2023-11-10 00:00:00,2023-11-10 23:59:59,RU000A1064G3
93.95,93.42,95.24,90.35,3302282.0,3560,2023-11-13 00:00:00,2023-11-13 23:59:59,RU000A1064G3
94.17,93.98,94.17,92.57,1344200.7,1441,2023-11-14 00:00:00,2023-11-14 23:59:59,RU000A1064G3
93.12,93.3,93.58,92.84,478247.0,514,2023-11-15 00:00:00,2023-11-15 23:59:59,RU000A1064G3
93.23,93.29,94.21,91.71,1284697.5,1381,2023-11-16 00:00:00,2023-11-16 23:59:59,RU000A1064G3
93.53,94.0,94.0,91.55,1860165.8,2003,2023-11-17 00:00:00,2023-11-17 23:59:59,RU000A1064G3
93.65,92.49,93.65,91.33,5406900.1,5866,2023-11-20 00:00:00,2023-11-20 23:59:59,RU000A1064G3
93.0,92.45,93.0,91.35,68896270.2,74552,2023-11-21 00:00:00,2023-11-21 23:59:59,RU000A1064G3
92.46,92.45,92.46,91.36,16091739.7,17419,2023-11-22 00:00:00,2023-11-22 23:59:59,RU000A1064G3
92.03,92.45,93.88,92.01,17310549.9,18718,2023-11-23 00:00:00,2023-11-23 23:59:59,RU000A1064G3
92.55,93.0,93.99,92.55,2058360.8,2203,2023-11-24 00:00:00,2023-11-24 23:59:59,RU000A1064G3
93.48,92.59,93.79,91.8,2130642.6,2306,2023-11-27 00:00:00,2023-11-27 23:59:59,RU000A1064G3
92.03,92.72,92.8,92.03,1039611.8,1121,2023-11-28 00:00:00,2023-11-28 23:59:59,RU000A1064G3
92.94,92.88,92.95,92.49,1356291.8,1465,2023-11-29 00:00:00,2023-11-29 23:59:59,RU000A1064G3
92.95,93.0,94.24,92.2,1723406.8,1850,2023-11-30 00:00:00,2023-11-30 23:59:59,RU000A1064G3
93.26,92.89,93.27,92.1,1249649.4,1348,2023-12-01 00:00:00,2023-12-01 23:59:59,RU000A1064G3
92.15,92.08,92.95,91.26,6711175.6,7303,2023-12-04 00:00:00,2023-12-04 23:59:59,RU000A1064G3
92.48,92.0,92.48,91.26,1630612.8,1773,2023-12-05 00:00:00,2023-12-05 23:59:59,RU000A1064G3
92.07,92.0,92.08,90.5,4793220.3,5237,2023-12-06 00:00:00,2023-12-06 23:59:59,RU000A1064G3
92.06,91.98,92.46,91.5,3069635.0,3349,2023-12-07 00:00:00,2023-12-07 23:59:59,RU000A1064G3
91.76,92.18,92.2,91.61,22501854.6,24412,2023-12-08 00:00:00,2023-12-08 23:59:59,RU000A1064G3
92.17,92.14,92.24,91.36,567957.5,619,2023-12-11 00:00:00,2023-12-11 23:59:59,RU000A1064G3
92.25,92.16,92.25,91.88,525750.2,571,2023-12-12 00:00:00,2023-12-12 23:59:59,RU000A1064G3
92.22,92.07,92.44,91.23,711350.3,776,2023-12-13 00:00:00,2023-12-13 23:59:59,RU000A1064G3
92.97,92.52,92.97,92.23,385704.4,417,2023-12-14 00:00:00,2023-12-14 23:59:59,RU000A1064G3
92.71,92.41,92.74,92.3,466180.7,504,2023-12-15 00:00:00,2023-12-15 23:59:59,RU000A1064G3
93.06,92.25,93.06,91.42,2937974.0,3195,2023-12-18 00:00:00,2023-12-18 23:59:59,RU000A1064G3
92.28,92.38,92.46,91.91,795968.1,863,2023-12-19 00:00:00,2023-12-19 23:59:59,RU000A1064G3
92.39,92.49,92.55,91.86,2033519.8,2208,2023-12-20 00:00:00,2023-12-20 23:59:59,RU000A1064G3
92.02,92.99,93.0,91.96,4105678.3,4445,2023-12-21 00:00:00,2023-12-21 23:59:59,RU000A1064G3
93.49,92.57,93.5,92.45,2136577.3,2301,2023-12-22 00:00:00,2023-12-22 23:59:59,RU000A1064G3
94.17,93.95,94.34,92.45,2475315.9,2639,2023-12-25 00:00:00,2023-12-25 23:59:59,RU000A1064G3
94.48,94.02,94.48,93.5,2314995.7,2468,2023-12-26 00:00:00,2023-12-26 23:59:59,RU000A1064G3
94.08,94.02,94.08,92.28,2435088.5,2598,2023-12-27 00:00:00,2023-12-27 23:59:59,RU000A1064G3
93.9,94.47,94.5,93.4,3688345.9,3910,2023-12-28 00:00:00,2023-12-28 23:59:59,RU000A1064G3
94.99,94.7,94.99,93.97,1060593.2,1124,2023-12-29 00:00:00,2023-12-29 23:59:59,RU000A1064G3
94.7,94.7,94.7,94.45,413762.3,437,2024-01-03 00:00:00,2024-01-03 23:59:59,RU000A1064G3
94.7,94.68,94.7,94.5,138229.9,146,2024-01-04 00:00:00,2024-01-04 23:59:59,RU000A1064G3
94.69,94.68,94.69,94.65,72904.3,77,2024-01-05 00:00:00,2024-01-05 23:59:59,RU000A1064G3
95.97,94.69,95.97,94.5,303005.4,320,2024-01-08 00:00:00,2024-01-08 23:59:59,RU000A1064G3
94.68,94.64,94.68,93.5,374235.0,397,2024-01-09 00:00:00,2024-01-09 23:59:59,RU000A1064G3
95.47,94.49,95.47,94.46,668078.1,707,2024-01-10 00:00:00,2024-01-10 23:59:59,RU000A1064G3
94.53,93.56,94.53,92.3,1173691.9,1251,2024-01-11 00:00:00,2024-01-11 23:59:59,RU000A1064G3
93.53,93.37,94.5,92.07,1562889.8,1673,2024-01-12 00:00:00,2024-01-12 23:59:59,RU000A1064G3
93.38,93.05,93.38,92.43,577299.2,621,2024-01-15 00:00:00,2024-01-15 23:59:59,RU000A1064G3
94.35,94.4,94.42,92.5,6601419.1,7040,2024-01-16 00:00:00,2024-01-16 23:59:59,RU000A1064G3
93.68,94.99,95.71,92.94,10949811.0,11601,2024-01-17 00:00:00,2024-01-17 23:59:59,RU000A1064G3
94.75,93.89,95.0,93.1,57268087.3,60531,2024-01-18 00:00:00,2024-01-18 23:59:59,RU000A1064G3
93.91,94.38,94.8,93.49,1512455.7,1604,2024-01-19 00:00:00,2024-01-19 23:59:59,RU000A1064G3
93.12,93.2,94.38,93.05,2575169.2,2757,2024-01-22 00:00:00,2024-01-22 23:59:59,RU000A1064G3
93.63,92.45,93.63,91.29,13577854.3,14687,2024-01-23 00:00:00,2024-01-23 23:59:59,RU000A1064G3
92.44,92.72,92.78,92.0,3824532.5,4133,2024-01-24 00:00:00,2024-01-24 23:59:59,RU000A1064G3
92.95,92.86,92.95,92.46,100172.9,108,2024-01-25 00:00:00,2024-01-25 23:59:59,RU000A1064G3
92.95,92.6,92.95,92.21,1273416.6,1377,2024-01-26 00:00:00,2024-01-26 23:59:59,RU000A1064G3
91.96,92.5,92.78,91.75,1286467.2,1396,2024-01-29 00:00:00,2024-01-29 23:59:59,RU000A1064G3
92.69,92.3,92.71,91.91,1275478.3,1382,2024-01-30 00:00:00,2024-01-30 23:59:59,RU000A1064G3
92.12,92.35,92.69,92.0,920698.1,998,2024-01-31 00:00:00,2024-01-31 23:59:59,RU000A1064G3
92.46,92.69,92.72,91.84,1016476.7,1102,2024-02-01 00:00:00,2024-02-01 23:59:59,RU000A1064G3
91.48,92.8,92.8,91.48,995680.8,1075,2024-02-02 00:00:00,2024-02-02 23:59:59,RU000A1064G3
92.5,92.06,92.5,91.56,1992563.1,2165,2024-02-05 00:00:00,2024-02-05 23:59:59,RU000A1064G3
92.37,92.18,92.37,90.59,3463998.6,3763,2024-02-06 00:00:00,2024-02-06 23:59:59,RU000A1064G3
92.19,92.33,92.34,92.01,2940770.9,3194,2024-02-07 00:00:00,2024-02-07 23:59:59,RU000A1064G3
92.22,92.55,92.66,92.22,1188515.5,1287,2024-02-08 00:00:00,2024-02-08 23:59:59,RU000A1064G3
92.57,92.38,92.57,92.07,725433.4,787,2024-02-09 00:00:00,2024-02-09 23:59:59,RU000A1064G3
92.38,92.65,92.8,91.8,817423.6,886,2024-02-12 00:00:00,2024-02-12 23:59:59,RU000A1064G3
92.2,92.35,92.65,92.0,18554820.3,20167,2024-02-13 00:00:00,2024-02-13 23:59:59,RU000A1064G3
92.35,92.0,92.73,91.41,19669305.0,21381,2024-02-14 00:00:00,2024-02-14 23:59:59,RU000A1064G3
92.06,92.4,92.4,91.79,145676.6,158,2024-02-15 00:00:00,2024-02-15 23:59:59,RU000A1064G3
92.5,92.15,92.5,91.84,2505727.7,2723,2024-02-16 00:00:00,2024-02-16 23:59:59,RU000A1064G3
92.79,92.02,92.8,92.02,636375.9,690,2024-02-19 00:00:00,2024-02-19 23:59:59,RU000A1064G3
92.13,92.2,92.5,92.01,1885788.2,2044,2024-02-20 00:00:00,2024-02-20 23:59:59,RU000A1064G3
92.21,92.3,92.3,91.75,1167234.4,1268,2024-02-21 00:00:00,2024-02-21 23:59:59,RU000A1064G3
92.5,92.07,92.5,92.07,244498.5,265,2024-02-22 00:00:00,2024-02-22 23:59:59,RU000A1064G3
92.31,92.01,92.31,91.12,1939731.6,2120,2024-02-26 00:00:00,2024-02-26 23:59:59,RU000A1064G3
92.03,91.53,92.03,91.24,279969.2,306,2024-02-27 00:00:00,2024-02-27 23:59:59,RU000A1064G3
91.72,91.52,91.72,91.26,74193.4,81,2024-02-28 00:00:00,2024-02-28 23:59:59,RU000A1064G3
91.88,91.49,91.88,90.92,1159687.8,1269,2024-02-29 00:00:00,2024-02-29 23:59:59,RU000A1064G3
91.53,91.53,91.53,91.33,3321521.1,3629,2024-03-01 00:00:00,2024-03-01 23:59:59,RU000A1064G3
91.54,91.69,91.7,91.4,756898.7,827,2024-03-04 00:00:00,2024-03-04 23:59:59,RU000A1064G3
91.6,91.67,91.72,91.43,319648.1,349,2024-03-05 00:00:00,2024-03-05 23:59:59,RU000A1064G3
91.68,91.68,91.68,91.65,590398.2,644,2024-03-06 00:00:00,2024-03-06 23:59:59,RU000A1064G3
91.64,91.64,91.64,91.5,74164.9,81,2024-03-07 00:00:00,2024-03-07 23:59:59,RU000A1064G3
91.7,91.42,91.75,90.96,2205460.2,2418,2024-03-11 00:00:00,2024-03-11 23:59:59,RU000A1064G3
91.57,91.64,91.8,91.2,1790467.2,1958,2024-03-12 00:00:00,2024-03-12 23:59:59,RU000A1064G3
91.65,91.69,91.89,91.26,1149184.8,1254,2024-03-13 00:00:00,2024-03-13 23:59:59,RU000A1064G3
91.61,91.55,91.96,91.55,1217507.0,1328,2024-03-14 00:00:00,2024-03-14 23:59:59,RU000A1064G3
90.32,91.0,91.62,90.32,833640.6,919,2024-03-15 00:00:00,2024-03-15 23:59:59,RU000A1064G3
91.47,91.2,91.54,90.84,927990.0,1017,2024-03-18 00:00:00,2024-03-18 23:59:59,RU000A1064G3
91.65,91.23,91.66,90.84,8754539.1,9620,2024-03-19 00:00:00,2024-03-19 23:59:59,RU000A1064G3
90.71,91.21,91.33,90.6,1442253.0,1588,2024-03-20 00:00:00,2024-03-20 23:59:59,RU000A1064G3
91.51,91.3,91.51,91.02,48302.5,53,2024-03-21 00:00:00,2024-03-21 23:59:59,RU000A1064G3
91.05,91.38,91.42,90.4,1076069.4,1183,2024-03-22 00:00:00,2024-03-22 23:59:59,RU000A1064G3
91.55,91.1,91.55,90.6,710118.7,781,2024-03-25 00:00:00,2024-03-25 23:59:59,RU000A1064G3
91.58,91.08,91.58,89.72,688930.8,761,2024-03-26 00:00:00,2024-03-26 23:59:59,RU000A1064G3
91.1,91.09,91.33,90.68,241037.1,265,2024-03-27 00:00:00,2024-03-27 23:59:59,RU000A1064G3
91.35,91.0,91.35,90.86,119264.8,131,2024-03-28 00:00:00,2024-03-28 23:59:59,RU000A1064G3
91.01,91.15,91.31,90.21,4301753.1,4730,2024-03-29 00:00:00,2024-03-29 23:59:59,RU000A1064G3
91.27,91.18,91.75,90.4,4038039.0,4424,2024-04-01 00:00:00,2024-04-01 23:59:59,RU000A1064G3
91.49,91.43,91.49,91.1,362416.0,397,2024-04-02 00:00:00,2024-04-02 23:59:59,RU000A1064G3
91.55,91.47,91.63,91.25,847745.9,927,2024-04-03 00:00:00,2024-04-03 23:59:59,RU000A1064G3
91.46,91.12,91.74,90.4,4936873.9,5437,2024-04-04 00:00:00,2024-04-04 23:59:59,RU000A1064G3
91.55,91.24,91.55,90.11,2778888.4,3053,2024-04-05 00:00:00,2024-04-05 23:59:59,RU000A1064G3
91.38,91.23,91.44,91.0,429038.6,470,2024-04-08 00:00:00,2024-04-08 23:59:59,RU000A1064G3
91.52,91.4,91.53,91.13,1712671.1,1876,2024-04-09 00:00:00,2024-04-09 23:59:59,RU000A1064G3
91.4,91.64,91.69,91.35,350818.9,383,2024-04-10 00:00:00,2024-04-10 23:59:59,RU000A1064G3
91.76,91.55,91.76,91.5,604652.4,660,2024-04-11 00:00:00,2024-04-11 23:59:59,RU000A1064G3
91.77,91.93,91.97,91.5,1020691.2,1114,2024-04-12 00:00:00,2024-04-12 23:59:59,RU000A1064G3
91.44,91.98,92.0,91.44,206034.0,224,2024-04-15 00:00:00,2024-04-15 23:59:59,RU000A1064G3
91.98,91.98,92.0,91.75,1399340.6,1523,2024-04-16 00:00:00,2024-04-16 23:59:59,RU000A1064G3
91.96,92.17,92.19,91.7,638980.9,694,2024-04-17 00:00:00,2024-04-17 23:59:59,RU000A1064G3
91.7,91.01,91.98,90.84,4680792.4,5130,2024-04-18 00:00:00,2024-04-18 23:59:59,RU000A1064G3
90.91,90.85,91.87,89.7,26587791.7,29379,2024-04-19 00:00:00,2024-04-19 23:59:59,RU000A1064G3
90.97,91.0,91.07,90.19,15095746.8,16627,2024-04-22 00:00:00,2024-04-22 23:59:59,RU000A1064G3
90.89,91.46,91.56,90.57,5805430.1,6371,2024-04-23 00:00:00,2024-04-23 23:59:59,RU000A1064G3
90.95,91.37,91.61,90.77,1877935.0,2059,2024-04-24 00:00:00,2024-04-24 23:59:59,RU000A1064G3
90.83,91.74,91.78,90.83,4124614.0,4513,2024-04-25 00:00:00,2024-04-25 23:59:59,RU000A1064G3
90.41,91.8,92.41,90.41,47741083.0,51718,2024-04-26 00:00:00,2024-04-26 23:59:59,RU000A1064G3
92.26,91.51,92.26,91.17,256548.3,280,2024-04-27 00:00:00,2024-04-27 23:59:59,RU000A1064G3
91.75,91.41,91.75,91.41,8247.3,9,2024-04-29 00:00:00,2024-04-29 23:59:59,RU000A1064G3
91.02,91.13,91.62,91.0,1195190.7,1313,2024-04-30 00:00:00,2024-04-30 23:59:59,RU000A1064G3
90.83,90.6,91.35,90.0,3423721.9,3781,2024-05-02 00:00:00,2024-05-02 23:59:59,RU000A1064G3
90.34,90.51,91.15,90.12,2877965.5,3183,2024-05-03 00:00:00,2024-05-03 23:59:59,RU000A1064G3
90.88,90.22,90.88,89.25,14363646.6,15988,2024-05-06 00:00:00,2024-05-06 23:59:59,RU000A1064G3
90.24,90.2,90.28,89.87,2466509.2,2735,2024-05-07 00:00:00,2024-05-07 23:59:59,RU000A1064G3
90.21,90.34,90.57,89.92,9141907.5,10133,2024-05-08 00:00:00,2024-05-08 23:59:59,RU000A1064G3
90.61,90.35,90.75,90.11,136180.3,151,2024-05-10 00:00:00,2024-05-10 23:59:59,RU000A1064G3
90.19,90.49,90.57,89.72,6144694.0,6805,2024-05-13 00:00:00,2024-05-13 23:59:59,RU000A1064G3
90.2,90.34,90.58,90.0,1047912.8,1160,2024-05-14 00:00:00,2024-05-14 23:59:59,RU000A1064G3
90.5,90.39,90.51,89.73,1975354.7,2194,2024-05-15 00:00:00,2024-05-15 23:59:59,RU000A1064G3
90.49,90.21,90.49,89.91,1162872.8,1289,2024-05-16 00:00:00,2024-05-16 23:59:59,RU000A1064G3
90.43,90.4,90.43,90.09,3675245.0,4073,2024-05-17 00:00:00,2024-05-17 23:59:59,RU000A1064G3
90.0,90.07,90.32,89.71,1776722.5,1975,2024-05-20 00:00:00,2024-05-20 23:59:59,RU000A1064G3
89.61,90.0,90.27,89.12,2522382.2,2806,2024-05-21 00:00:00,2024-05-21 23:59:59,RU000A1064G3
89.26,89.79,89.92,88.76,807492.0,900,2024-05-22 00:00:00,2024-05-22 23:59:59,RU000A1064G3
89.53,89.6,89.8,88.96,4379552.2,4896,2024-05-23 00:00:00,2024-05-23 23:59:59,RU000A1064G3
89.38,89.3,89.64,89.3,379764.0,425,2024-05-24 00:00:00,2024-05-24 23:59:59,RU000A1064G3
89.66,89.18,89.69,86.64,5921376.2,6659,2024-05-27 00:00:00,2024-05-27 23:59:59,RU000A1064G3
89.63,89.36,90.01,88.8,3471152.6,3886,2024-05-28 00:00:00,2024-05-28 23:59:59,RU000A1064G3
87.19,89.08,89.35,87.19,5672449.4,6395,2024-05-29 00:00:00,2024-05-29 23:59:59,RU000A1064G3
89.18,90.3,90.3,88.34,5704404.0,6413,2024-05-30 00:00:00,2024-05-30 23:59:59,RU000A1064G3
88.79,88.6,89.55,88.32,1539210.2,1732,2024-05-31 00:00:00,2024-05-31 23:59:59,RU000A1064G3
90.31,88.28,90.31,86.4,1611434.5,1830,2024-06-03 00:00:00,2024-06-03 23:59:59,RU000A1064G3
87.39,88.1,88.7,87.39,1128508.1,1281,2024-06-04 00:00:00,2024-06-04 23:59:59,RU000A1064G3
89.49,88.29,89.49,87.83,2634184.2,2991,2024-06-05 00:00:00,2024-06-05 23:59:59,RU000A1064G3
89.69,87.55,89.69,86.89,10325829.3,11851,2024-06-06 00:00:00,2024-06-06 23:59:59,RU000A1064G3
87.8,87.89,87.93,87.03,4859529.0,5536,2024-06-07 00:00:00,2024-06-07 23:59:59,RU000A1064G3
87.31,87.51,88.13,87.13,44404941.6,50891,2024-06-10 00:00:00,2024-06-10 23:59:59,RU000A1064G3
86.19,87.5,87.52,86.18,9781152.8,11204,2024-06-11 00:00:00,2024-06-11 23:59:59,RU000A1064G3
88.48,87.74,88.48,86.02,392759.0,448,2024-06-13 00:00:00,2024-06-13 23:59:59,RU000A1064G3
87.74,87.89,87.95,87.28,4967767.6,5659,2024-06-14 00:00:00,2024-06-14 23:59:59,RU000A1064G3
87.9,87.43,87.99,86.12,21208953.9,24333,2024-06-17 00:00:00,2024-06-17 23:59:59,RU000A1064G3
88.05,87.37,88.11,86.91,1155731.3,1325,2024-06-18 00:00:00,2024-06-18 23:59:59,RU000A1064G3
86.95,87.11,87.55,86.7,632979.1,727,2024-06-19 00:00:00,2024-06-19 23:59:59,RU000A1064G3
86.36,86.62,87.27,85.72,810972.3,941,2024-06-20 00:00:00,2024-06-20 23:59:59,RU000A1064G3
86.86,86.97,87.07,86.28,1517578.7,1754,2024-06-21 00:00:00,2024-06-21 23:59:59,RU000A1064G3
86.67,86.57,86.68,85.88,151859.8,176,2024-06-24 00:00:00,2024-06-24 23:59:59,RU000A1064G3
86.84,86.22,86.84,85.08,7476321.6,8691,2024-06-25 00:00:00,2024-06-25 23:59:59,RU000A1064G3
86.48,86.41,86.48,86.0,2604238.6,3027,2024-06-26 00:00:00,2024-06-26 23:59:59,RU000A1064G3
87.36,86.35,87.36,85.68,3675575.5,4272,2024-06-27 00:00:00,2024-06-27 23:59:59,RU000A1064G3
87.77,86.45,87.77,86.18,3678582.7,4252,2024-06-28 00:00:00,2024-06-28 23:59:59,RU000A1064G3
85.21,86.17,86.78,85.21,1476505.0,1720,2024-07-01 00:00:00,2024-07-01 23:59:59,RU000A1064G3
86.2,86.25,86.48,85.5,9521727.7,11071,2024-07-02 00:00:00,2024-07-02 23:59:59,RU000A1064G3
86.31,86.6,86.62,85.48,3590896.0,4166,2024-07-03 00:00:00,2024-07-03 23:59:59,RU000A1064G3
86.17,86.2,86.63,85.79,1930125.6,2244,2024-07-04 00:00:00,2024-07-04 23:59:59,RU000A1064G3
85.87,86.47,86.47,85.87,975687.6,1132,2024-07-05 00:00:00,2024-07-05 23:59:59,RU000A1064G3
85.61,86.26,86.77,85.61,1965990.3,2277,2024-07-08 00:00:00,2024-07-08 23:59:59,RU000A1064G3
86.7,86.07,86.99,86.04,146986.9,170,2024-07-09 00:00:00,2024-07-09 23:59:59,RU000A1064G3
86.4,85.92,86.87,85.5,1213974.2,1419,2024-07-10 00:00:00,2024-07-10 23:59:59,RU000A1064G3
84.03,85.36,85.97,84.03,2623993.1,3093,2024-07-11 00:00:00,2024-07-11 23:59:59,RU000A1064G3
84.62,84.79,85.36,84.21,849504.5,1002,2024-07-12 00:00:00,2024-07-12 23:59:59,RU000A1064G3
85.27,84.74,85.27,83.53,2079923.9,2464,2024-07-15 00:00:00,2024-07-15 23:59:59,RU000A1064G3
83.03,84.09,84.64,83.0,12350352.5,14744,2024-07-16 00:00:00,2024-07-16 23:59:59,RU000A1064G3
84.09,83.9,84.5,83.68,887850.7,1059,2024-07-17 00:00:00,2024-07-17 23:59:59,RU000A1064G3
84.11,84.3,85.8,83.75,5835375.8,6918,2024-07-18 00:00:00,2024-07-18 23:59:59,RU000A1064G3
86.7,85.54,86.72,84.4,27454690.3,32299,2024-07-19 00:00:00,2024-07-19 23:59:59,RU000A1064G3
87.35,86.4,87.35,85.23,3748723.5,4362,2024-07-22 00:00:00,2024-07-22 23:59:59,RU000A1064G3
84.79,85.77,86.5,84.74,16842953.5,19583,2024-07-23 00:00:00,2024-07-23 23:59:59,RU000A1064G3
85.89,85.97,85.97,85.56,399167.1,465,2024-07-24 00:00:00,2024-07-24 23:59:59,RU000A1064G3
85.97,85.64,85.97,84.33,1919229.5,2246,2024-07-25 00:00:00,2024-07-25 23:59:59,RU000A1064G3
85.87,85.97,86.0,85.79,5458842.0,6348,2024-07-26 00:00:00,2024-07-26 23:59:59,RU000A1064G3
84.99,85.67,85.9,84.99,30238212.6,35484,2024-07-29 00:00:00,2024-07-29 23:59:59,RU000A1064G3
85.69,85.89,85.9,85.16,2501132.1,2921,2024-07-30 00:00:00,2024-07-30 23:59:59,RU000A1064G3
85.99,85.9,85.99,85.61,727788.8,847,2024-07-31 00:00:00,2024-07-31 23:59:59,RU000A1064G3
85.97,86.0,86.0,85.62,23114728.5,26882,2024-08-01 00:00:00,2024-08-01 23:59:59,RU000A1064G3
86.0,86.0,86.0,85.16,6390421.5,7449,2024-08-02 00:00:00,2024-08-02 23:59:59,RU000A1064G3
85.37,85.94,85.99,85.35,3217024.7,3751,2024-08-05 00:00:00,2024-08-05 23:59:59,RU000A1064G3
85.95,86.1,86.25,85.64,131087473.0,152429,2024-08-06 00:00:00,2024-08-06 23:59:59,RU000A1064G3
86.29,86.5,86.5,85.79,1230131.5,1423,2024-08-07 00:00:00,2024-08-07 23:59:59,RU000A1064G3
86.96,86.4,86.99,86.35,2875085.4,3316,2024-08-08 00:00:00,2024-08-08 23:59:59,RU000A1064G3
87.0,87.0,87.2,86.14,2236076.8,2577,2024-08-09 00:00:00,2024-08-09 23:59:59,RU000A1064G3
86.22,86.88,87.73,86.22,165566.7,191,2024-08-12 00:00:00,2024-08-12 23:59:59,RU000A1064G3
87.8,86.95,87.8,86.54,646773.8,744,2024-08-13 00:00:00,2024-08-13 23:59:59,RU000A1064G3
86.99,86.96,87.0,86.5,1541036.4,1774,2024-08-14 00:00:00,2024-08-14 23:59:59,RU000A1064G3
86.23,86.45,86.95,85.97,1916084.2,2223,2024-08-15 00:00:00,2024-08-15 23:59:59,RU000A1064G3
86.05,86.35,86.54,85.96,4129855.8,4800,2024-08-16 00:00:00,2024-08-16 23:59:59,RU000A1064G3
86.14,86.6,86.79,86.14,1050857.1,1217,2024-08-19 00:00:00,2024-08-19 23:59:59,RU000A1064G3
86.78,86.5,86.78,86.17,458010.9,529,2024-08-20 00:00:00,2024-08-20 23:59:59,RU000A1064G3
86.6,85.96,86.6,85.01,1270570.0,1485,2024-08-21 00:00:00,2024-08-21 23:59:59,RU000A1064G3
86.72,86.01,86.72,85.5,5042745.3,5891,2024-08-22 00:00:00,2024-08-22 23:59:59,RU000A1064G3
84.55,86.05,86.12,84.54,2994361.6,3496,2024-08-23 00:00:00,2024-08-23 23:59:59,RU000A1064G3
85.9,85.4,86.06,85.2,1493463.4,1747,2024-08-26 00:00:00,2024-08-26 23:59:59,RU000A1064G3
86.05,85.61,86.05,84.96,1000116.2,1169,2024-08-27 00:00:00,2024-08-27 23:59:59,RU000A1064G3
85.5,85.25,85.58,84.87,1603040.9,1877,2024-08-28 00:00:00,2024-08-28 23:59:59,RU000A1064G3
84.71,84.98,85.84,84.52,991176.5,1166,2024-08-29 00:00:00,2024-08-29 23:59:59,RU000A1064G3
85.98,85.43,85.98,85.04,1226704.7,1430,2024-08-30 00:00:00,2024-08-30 23:59:59,RU000A1064G3
85.99,85.5,85.99,85.0,724132.9,849,2024-09-02 00:00:00,2024-09-02 23:59:59,RU000A1064G3
85.41,85.03,85.41,84.71,1065588.8,1256,2024-09-03 00:00:00,2024-09-03 23:59:59,RU000A1064G3
85.1,85.09,85.11,84.5,3538608.3,4185,2024-09-04 00:00:00,2024-09-04 23:59:59,RU000A1064G3
85.46,85.2,85.46,84.8,649782.7,766,2024-09-05 00:00:00,2024-09-05 23:59:59,RU000A1064G3
85.07,85.1,85.2,84.0,8518928.5,10074,2024-09-06 00:00:00,2024-09-06 23:59:59,RU000A1064G3
85.08,85.34,85.34,84.18,3616654.3,4265,2024-09-09 00:00:00,2024-09-09 23:59:59,RU000A1064G3
85.32,85.32,85.55,84.27,839200.6,985,2024-09-10 00:00:00,2024-09-10 23:59:59,RU000A1064G3
85.89,85.36,85.89,84.74,1675099.6,1966,2024-09-11 00:00:00,2024-09-11 23:59:59,RU000A1064G3
85.83,85.09,86.22,85.05,1659387.7,1945,2024-09-12 00:00:00,2024-09-12 23:59:59,RU000A1064G3
85.54,85.38,85.54,85.14,188679.2,221,2024-09-13 00:00:00,2024-09-13 23:59:59,RU000A1064G3
86.13,84.7,86.14,84.63,567839.2,668,2024-09-16 00:00:00,2024-09-16 23:59:59,RU000A1064G3
85.1,84.48,85.1,84.27,784210.2,928,2024-09-17 00:00:00,2024-09-17 23:59:59,RU000A1064G3
85.38,83.62,85.38,82.5,3491979.7,4200,2024-09-18 00:00:00,2024-09-18 23:59:59,RU000A1064G3
83.73,83.73,83.75,83.48,465710.3,557,2024-09-19 00:00:00,2024-09-19 23:59:59,RU000A1064G3
83.68,83.65,83.73,82.51,3780560.1,4554,2024-09-20 00:00:00,2024-09-20 23:59:59,RU000A1064G3
84.39,83.59,84.39,82.53,3048547.6,3651,2024-09-23 00:00:00,2024-09-23 23:59:59,RU000A1064G3
82.24,83.49,84.29,82.24,2022701.6,2429,2024-09-24 00:00:00,2024-09-24 23:59:59,RU000A1064G3
83.5,84.05,84.4,83.48,1447929.0,1731,2024-09-25 00:00:00,2024-09-25 23:59:59,RU000A1064G3
84.04,84.77,84.83,83.64,1208246.6,1436,2024-09-26 00:00:00,2024-09-26 23:59:59,RU000A1064G3
85.4,84.33,85.4,82.91,4168224.2,4949,2024-09-27 00:00:00,2024-09-27 23:59:59,RU000A1064G3
85.46,84.49,85.46,83.04,2145374.9,2546,2024-09-30 00:00:00,2024-09-30 23:59:59,RU000A1064G3
84.9,84.96,85.87,83.83,10589819.2,12487,2024-10-01 00:00:00,2024-10-01 23:59:59,RU000A1064G3
85.37,83.9,85.37,83.26,5840483.7,6976,2024-10-02 00:00:00,2024-10-02 23:59:59,RU000A1064G3
83.93,83.66,84.35,82.83,3944250.3,4729,2024-10-03 00:00:00,2024-10-03 23:59:59,RU000A1064G3
83.41,83.91,84.0,83.1,5553973.6,6640,2024-10-04 00:00:00,2024-10-04 23:59:59,RU000A1064G3
83.99,84.02,84.45,83.14,12316662.1,14710,2024-10-07 00:00:00,2024-10-07 23:59:59,RU000A1064G3
84.96,83.84,84.96,83.0,8377227.7,10005,2024-10-08 00:00:00,2024-10-08 23:59:59,RU000A1064G3
84.77,83.74,84.77,83.68,1402515.7,1665,2024-10-09 00:00:00,2024-10-09 23:59:59,RU000A1064G3
83.0,83.8,84.11,83.0,763462.2,914,2024-10-10 00:00:00,2024-10-10 23:59:59,RU000A1064G3
83.8,83.9,84.09,83.4,1477004.5,1766,2024-10-11 00:00:00,2024-10-11 23:59:59,RU000A1064G3
84.03,83.94,84.05,83.7,279412.9,333,2024-10-14 00:00:00,2024-10-14 23:59:59,RU000A1064G3
84.17,84.39,84.39,83.85,8677436.9,10338,2024-10-15 00:00:00,2024-10-15 23:59:59,RU000A1064G3
84.72,84.63,84.75,83.91,2485260.0,2944,2024-10-16 00:00:00,2024-10-16 23:59:59,RU000A1064G3
84.64,84.34,84.7,83.9,11475498.5,13642,2024-10-17 00:00:00,2024-10-17 23:59:59,RU000A1064G3
83.84,84.29,84.38,83.76,6390347.6,7624,2024-10-18 00:00:00,2024-10-18 23:59:59,RU000A1064G3
84.01,83.93,84.33,83.52,9438593.8,11276,2024-10-21 00:00:00,2024-10-21 23:59:59,RU000A1064G3
83.88,85.0,85.01,83.01,56203855.5,66216,2024-10-22 00:00:00,2024-10-22 23:59:59,RU000A1064G3
84.35,84.4,84.93,83.7,28274737.0,33541,2024-10-23 00:00:00,2024-10-23 23:59:59,RU000A1064G3
83.69,84.29,84.33,83.6,855092.4,1021,2024-10-24 00:00:00,2024-10-24 23:59:59,RU000A1064G3
84.31,83.9,84.32,83.5,8808783.8,10525,2024-10-25 00:00:00,2024-10-25 23:59:59,RU000A1064G3
83.91,81.52,84.0,80.73,15491781.9,18961,2024-10-28 00:00:00,2024-10-28 23:59:59,RU000A1064G3
82.36,81.71,82.36,80.81,9000770.2,11027,2024-10-29 00:00:00,2024-10-29 23:59:59,RU000A1064G3
82.17,81.97,82.17,81.5,2634710.8,3227,2024-10-30 00:00:00,2024-10-30 23:59:59,RU000A1064G3
81.86,81.66,81.86,81.51,3881490.1,4760,2024-10-31 00:00:00,2024-10-31 23:59:59,RU000A1064G3
81.8,82.79,83.0,81.51,3867265.8,4713,2024-11-01 00:00:00,2024-11-01 23:59:59,RU000A1064G3
82.06,83.07,83.5,81.95,916130.1,1102,2024-11-02 00:00:00,2024-11-02 23:59:59,RU000A1064G3
83.99,84.68,85.0,82.01,6514493.0,7754,2024-11-05 00:00:00,2024-11-05 23:59:59,RU000A1064G3
87.99,83.3,87.99,82.27,9439130.2,11392,2024-11-06 00:00:00,2024-11-06 23:59:59,RU000A1064G3
83.3,82.9,83.31,82.46,4214824.3,5104,2024-11-07 00:00:00,2024-11-07 23:59:59,RU000A1064G3
82.9,82.51,82.9,82.51,2468897.1,2982,2024-11-08 00:00:00,2024-11-08 23:59:59,RU000A1064G3
81.76,83.0,83.81,81.76,3510178.1,4256,2024-11-11 00:00:00,2024-11-11 23:59:59,RU000A1064G3
82.53,83.42,83.42,82.5,2781464.8,3365,2024-11-12 00:00:00,2024-11-12 23:59:59,RU000A1064G3
80.71,83.93,83.93,80.71,3742397.1,4528,2024-11-13 00:00:00,2024-11-13 23:59:59,RU000A1064G3
83.7,82.25,84.02,82.25,5421379.5,6550,2024-11-14 00:00:00,2024-11-14 23:59:59,RU000A1064G3
82.5,82.46,82.5,82.01,5570715.6,6774,2024-11-15 00:00:00,2024-11-15 23:59:59,RU000A1064G3
81.94,83.35,83.43,81.94,5644734.3,6806,2024-11-18 00:00:00,2024-11-18 23:59:59,RU000A1064G3
82.17,82.7,83.26,82.15,3501830.0,4237,2024-11-19 00:00:00,2024-11-19 23:59:59,RU000A1064G3
82.24,83.0,83.16,82.01,7688334.4,9327,2024-11-20 00:00:00,2024-11-20 23:59:59,RU000A1064G3
82.42,82.39,82.69,82.23,932638.9,1134,2024-11-21 00:00:00,2024-11-21 23:59:59,RU000A1064G3
82.12,82.19,82.75,81.77,6304920.4,7683,2024-11-22 00:00:00,2024-11-22 23:59:59,RU000A1064G3
82.63,82.24,82.63,81.77,4308938.4,5260,2024-11-25 00:00:00,2024-11-25 23:59:59,RU000A1064G3
82.57,81.68,82.57,81.5,3252866.2,3987,2024-11-26 00:00:00,2024-11-26 23:59:59,RU000A1064G3
81.4,81.59,81.66,80.95,1834431.4,2259,2024-11-27 00:00:00,2024-11-27 23:59:59,RU000A1064G3
80.89,81.38,81.4,80.0,5121732.9,6334,2024-11-28 00:00:00,2024-11-28 23:59:59,RU000A1064G3
81.19,80.58,81.39,80.24,6678404.2,8275,2024-11-29 00:00:00,2024-11-29 23:59:59,RU000A1064G3
80.87,80.89,80.89,80.07,7117183.2,8865,2024-12-02 00:00:00,2024-12-02 23:59:59,RU000A1064G3
81.0,82.35,82.35,81.0,2676492.0,3278,2024-12-03 00:00:00,2024-12-03 23:59:59,RU000A1064G3
81.23,82.03,82.08,80.66,205406.8,251,2024-12-04 00:00:00,2024-12-04 23:59:59,RU000A1064G3
81.66,82.94,82.94,81.5,2192148.8,2666,2024-12-05 00:00:00,2024-12-05 23:59:59,RU000A1064G3
82.92,81.65,82.96,81.49,2028091.2,2478,2024-12-06 00:00:00,2024-12-06 23:59:59,RU000A1064G3
82.03,81.45,82.03,81.45,440376.6,539,2024-12-09 00:00:00,2024-12-09 23:59:59,RU000A1064G3
80.45,80.78,81.5,80.45,559274.4,688,2024-12-10 00:00:00,2024-12-10 23:59:59,RU000A1064G3
80.52,80.9,81.53,79.55,6496869.9,8099,2024-12-11 00:00:00,2024-12-11 23:59:59,RU000A1064G3
80.3,80.74,80.9,79.71,3871413.5,4828,2024-12-12 00:00:00,2024-12-12 23:59:59,RU000A1064G3
79.98,80.38,80.64,79.8,1703899.5,2128,2024-12-13 00:00:00,2024-12-13 23:59:59,RU000A1064G3
80.89,79.76,80.89,79.36,6988243.0,8775,2024-12-16 00:00:00,2024-12-16 23:59:59,RU000A1064G3
79.76,79.61,79.85,79.13,3479534.0,4374,2024-12-17 00:00:00,2024-12-17 23:59:59,RU000A1064G3
79.56,79.38,79.56,78.77,4702759.6,5943,2024-12-18 00:00:00,2024-12-18 23:59:59,RU000A1064G3
80.2,79.58,80.2,76.02,21267594.4,27787,2024-12-19 00:00:00,2024-12-19 23:59:59,RU000A1064G3
78.39,82.75,82.79,77.35,12562491.5,15775,2024-12-20 00:00:00,2024-12-20 23:59:59,RU000A1064G3
82.95,82.96,83.7,80.77,2772484.5,3353,2024-12-23 00:00:00,2024-12-23 23:59:59,RU000A1064G3
81.16,83.51,83.8,80.1,9874040.3,12104,2024-12-24 00:00:00,2024-12-24 23:59:59,RU000A1064G3
81.96,84.16,84.22,81.95,7637382.6,9251,2024-12-25 00:00:00,2024-12-25 23:59:59,RU000A1064G3
83.45,84.12,85.82,83.4,6152392.2,7332,2024-12-26 00:00:00,2024-12-26 23:59:59,RU000A1064G3
85.19,84.9,85.65,83.98,4416225.9,5223,2024-12-27 00:00:00,2024-12-27 23:59:59,RU000A1064G3
85.37,84.36,85.44,83.24,2401081.1,2828,2024-12-28 00:00:00,2024-12-28 23:59:59,RU000A1064G3
83.6,84.43,84.43,82.2,1108826.1,1319,2024-12-30 00:00:00,2024-12-30 23:59:59,RU000A1064G3
81.91,84.44,84.7,81.9,246973.6,296,2025-01-03 00:00:00,2025-01-03 23:59:59,RU000A1064G3
85.25,84.57,85.3,84.04,404240.6,478,2025-01-06 00:00:00,2025-01-06 23:59:59,RU000A1064G3
84.49,84.67,84.68,83.9,235351.3,279,2025-01-08 00:00:00,2025-01-08 23:59:59,RU000A1064G3
84.91,84.1,85.88,83.59,1563942.4,1856,2025-01-09 00:00:00,2025-01-09 23:59:59,RU000A1064G3
85.64,83.97,85.64,83.34,6712026.3,8009,2025-01-10 00:00:00,2025-01-10 23:59:59,RU000A1064G3
84.0,84.0,84.99,83.75,984654.7,1173,2025-01-13 00:00:00,2025-01-13 23:59:59,RU000A1064G3
83.67,84.0,84.84,83.61,5804129.7,6897,2025-01-14 00:00:00,2025-01-14 23:59:59,RU000A1064G3
84.35,83.09,84.36,83.09,4608590.1,5519,2025-01-15 00:00:00,2025-01-15 23:59:59,RU000A1064G3
83.61,82.83,83.62,82.03,38299635.0,46395,2025-01-16 00:00:00,2025-01-16 23:59:59,RU000A1064G3
82.93,83.0,83.38,82.5,9187651.0,11088,2025-01-17 00:00:00,2025-01-17 23:59:59,RU000A1064G3
82.56,83.48,83.48,82.56,4436957.3,5343,2025-01-20 00:00:00,2025-01-20 23:59:59,RU000A1064G3
84.98,83.7,84.98,82.31,2023076.4,2419,2025-01-21 00:00:00,2025-01-21 23:59:59,RU000A1064G3
83.95,83.98,84.54,83.44,386556.3,459,2025-01-22 00:00:00,2025-01-22 23:59:59,RU000A1064G3
83.98,84.1,84.25,83.42,4556054.8,5438,2025-01-23 00:00:00,2025-01-23 23:59:59,RU000A1064G3
84.24,84.21,84.24,83.61,8511924.1,10128,2025-01-24 00:00:00,2025-01-24 23:59:59,RU000A1064G3
86.99,84.92,86.99,83.72,4085371.4,4793,2025-01-27 00:00:00,2025-01-27 23:59:59,RU000A1064G3
86.89,84.19,86.99,83.71,3381180.8,4003,2025-01-28 00:00:00,2025-01-28 23:59:59,RU000A1064G3
83.81,84.22,84.22,83.6,5466476.1,6532,2025-01-29 00:00:00,2025-01-29 23:59:59,RU000A1064G3
83.64,84.82,86.08,82.86,11135790.7,12971,2025-01-30 00:00:00,2025-01-30 23:59:59,RU000A1064G3
84.99,84.17,84.99,84.0,9356038.4,11109,2025-01-31 00:00:00,2025-01-31 23:59:59,RU000A1064G3
84.06,84.1,84.87,83.81,15030200.9,17913,2025-02-03 00:00:00,2025-02-03 23:59:59,RU000A1064G3
86.28,84.45,86.28,83.3,15918855.4,18883,2025-02-04 00:00:00,2025-02-04 23:59:59,RU000A1064G3
84.64,84.45,84.65,83.66,1884079.7,2238,2025-02-05 00:00:00,2025-02-05 23:59:59,RU000A1064G3
84.66,84.81,84.98,84.33,4050124.7,4786,2025-02-06 00:00:00,2025-02-06 23:59:59,RU000A1064G3
84.78,84.98,85.06,84.72,2751821.5,3245,2025-02-07 00:00:00,2025-02-07 23:59:59,RU000A1064G3
84.47,85.38,85.38,84.47,617819.2,726,2025-02-10 00:00:00,2025-02-10 23:59:59,RU000A1064G3
84.56,85.84,85.86,84.42,6437781.0,7586,2025-02-11 00:00:00,2025-02-11 23:59:59,RU000A1064G3
85.81,85.52,86.5,83.94,6953133.1,8118,2025-02-12 00:00:00,2025-02-12 23:59:59,RU000A1064G3
85.54,85.81,86.76,85.5,5255525.2,6128,2025-02-13 00:00:00,2025-02-13 23:59:59,RU000A1064G3
85.09,85.6,85.7,85.08,1784383.4,2085,2025-02-14 00:00:00,2025-02-14 23:59:59,RU000A1064G3
85.17,85.97,86.19,85.17,9042673.0,10556,2025-02-17 00:00:00,2025-02-17 23:59:59,RU000A1064G3
86.47,85.96,86.47,85.36,14729203.2,17216,2025-02-18 00:00:00,2025-02-18 23:59:59,RU000A1064G3
85.01,85.2,86.46,84.99,30427603.6,35770,2025-02-19 00:00:00,2025-02-19 23:59:59,RU000A1064G3
85.44,85.35,85.49,84.19,12228610.0,14383,2025-02-20 00:00:00,2025-02-20 23:59:59,RU000A1064G3
84.76,85.45,85.63,84.75,8116275.5,9517,2025-02-21 00:00:00,2025-02-21 23:59:59,RU000A1064G3
85.49,85.73,85.78,85.22,1710080.3,1996,2025-02-24 00:00:00,2025-02-24 23:59:59,RU000A1064G3
85.77,86.29,86.29,85.06,5582418.0,6516,2025-02-25 00:00:00,2025-02-25 23:59:59,RU000A1064G3
86.33,86.42,86.67,85.28,13092348.0,15194,2025-02-26 00:00:00,2025-02-26 23:59:59,RU000A1064G3
86.57,86.76,86.76,85.75,5436642.5,6308,2025-02-27 00:00:00,2025-02-27 23:59:59,RU000A1064G3
86.98,87.06,87.54,86.5,4605106.5,5288,2025-02-28 00:00:00,2025-02-28 23:59:59,RU000A1064G3
88.81,87.31,88.81,86.7,703112.2,805,2025-03-03 00:00:00,2025-03-03 23:59:59,RU000A1064G3
87.25,87.94,88.77,87.01,1079355.1,1229,2025-03-04 00:00:00,2025-03-04 23:59:59,RU000A1064G3
87.84,88.32,89.23,87.11,6624445.2,7455,2025-03-05 00:00:00,2025-03-05 23:59:59,RU000A1064G3
86.33,88.48,89.99,86.33,217433.5,247,2025-03-06 00:00:00,2025-03-06 23:59:59,RU000A1064G3
88.48,88.98,89.18,87.87,4819016.3,5453,2025-03-07 00:00:00,2025-03-07 23:59:59,RU000A1064G3
88.09,89.13,90.0,88.09,1474721.8,1659,2025-03-10 00:00:00,2025-03-10 23:59:59,RU000A1064G3
88.99,88.3,89.0,88.13,1702229.4,1924,2025-03-11 00:00:00,2025-03-11 23:59:59,RU000A1064G3
87.11,87.15,88.03,87.11,4601152.8,5266,2025-03-12 00:00:00,2025-03-12 23:59:59,RU000A1064G3
87.17,87.5,87.6,87.11,2043766.5,2340,2025-03-13 00:00:00,2025-03-13 23:59:59,RU000A1064G3
87.8,87.66,87.8,87.21,1831230.7,2098,2025-03-14 00:00:00,2025-03-14 23:59:59,RU000A1064G3
87.91,87.4,87.91,87.4,1544146.5,1758,2025-03-17 00:00:00,2025-03-17 23:59:59,RU000A1064G3
87.85,88.3,88.65,87.84,2867036.3,3258,2025-03-18 00:00:00,2025-03-18 23:59:59,RU000A1064G3
89.96,88.38,89.96,88.11,1567687.0,1757,2025-03-19 00:00:00,2025-03-19 23:59:59,RU000A1064G3
89.37,89.43,89.43,88.44,1266153.9,1424,2025-03-20 00:00:00,2025-03-20 23:59:59,RU000A1064G3
89.99,89.22,89.99,89.12,115111.0,129,2025-03-21 00:00:00,2025-03-21 23:59:59,RU000A1064G3
88.19,88.15,89.51,87.5,1228968277.8,1404494,2025-03-24 00:00:00,2025-03-24 23:59:59,RU000A1064G3
89.94,88.47,89.94,87.1,14738953.6,16759,2025-03-25 00:00:00,2025-03-25 23:59:59,RU000A1064G3
88.74,88.32,88.74,87.77,1596185.8,1807,2025-03-26 00:00:00,2025-03-26 23:59:59,RU000A1064G3
88.31,87.87,89.28,87.4,37017636.1,42330,2025-03-27 00:00:00,2025-03-27 23:59:59,RU000A1064G3
87.96,87.69,87.96,87.12,4353098.6,4976,2025-03-28 00:00:00,2025-03-28 23:59:59,RU000A1064G3
87.12,87.54,87.68,87.0,3828741.8,4383,2025-03-31 00:00:00,2025-03-31 23:59:59,RU000A1064G3
87.15,87.59,87.66,87.12,10344233.0,11833,2025-04-01 00:00:00,2025-04-01 23:59:59,RU000A1064G3
86.25,87.57,87.57,86.25,1340376.4,1532,2025-04-02 00:00:00,2025-04-02 23:59:59,RU000A1064G3
3.627,3.68,3.74,3.624,79918313.1,22000500,2015-07-01 00:00:00,2015-07-01 23:59:59,CBOM
3.8,3.6455,3.8,3.624,100804318.65,27706400,2015-07-02 00:00:00,2015-07-02 23:59:59,CBOM
3.725,3.637,3.725,3.6315,139177504.2,38211300,2015-07-03 00:00:00,2015-07-03 23:59:59,CBOM
3.6405,3.67,3.67,3.64,30698859.0,8407400,2015-07-06 00:00:00,2015-07-06 23:59:59,CBOM
3.8,3.631,3.8,3.631,110812432.55,30483800,2015-07-07 00:00:00,2015-07-07 23:59:59,CBOM
3.6205,3.649,3.66,3.6205,147089032.2,40402100,2015-07-08 00:00:00,2015-07-08 23:59:59,CBOM
3.625,3.65,3.65,3.625,126282420.6,34680400,2015-07-09 00:00:00,2015-07-09 23:59:59,CBOM
3.8,3.65,3.8,3.632,97864492.05,26880300,2015-07-10 00:00:00,2015-07-10 23:59:59,CBOM
3.698,3.6545,3.698,3.642,131260192.65,35973700,2015-07-13 00:00:00,2015-07-13 23:59:59,CBOM
3.645,3.6525,3.6585,3.6415,194466710.75,53277400,2015-07-14 00:00:00,2015-07-14 23:59:59,CBOM
3.626,3.656,3.656,3.62,144939571.1,39678800,2015-07-15 00:00:00,2015-07-15 23:59:59,CBOM
3.6395,3.676,3.683,3.639,108635389.55,29569700,2015-07-16 00:00:00,2015-07-16 23:59:59,CBOM
3.671,3.669,3.6745,3.669,7212509.85,1965400,2015-07-17 00:00:00,2015-07-17 23:59:59,CBOM
3.6625,3.6625,3.664,3.656,78332795.1,21393200,2015-07-20 00:00:00,2015-07-20 23:59:59,CBOM
3.671,3.677,3.677,3.66,88618283.55,24115300,2015-07-21 00:00:00,2015-07-21 23:59:59,CBOM
3.673,3.67,3.6745,3.67,74724663.25,20346500,2015-07-22 00:00:00,2015-07-22 23:59:59,CBOM
3.673,3.677,3.677,3.673,67605498.5,18397000,2015-07-23 00:00:00,2015-07-23 23:59:59,CBOM
3.6685,3.67,3.6765,3.6685,27052075.0,7360700,2015-07-24 00:00:00,2015-07-24 23:59:59,CBOM
3.621,3.6745,3.687,3.621,16960457.65,4616200,2015-07-27 00:00:00,2015-07-27 23:59:59,CBOM
3.6655,3.6605,3.6655,3.6605,68463381.7,18695500,2015-07-28 00:00:00,2015-07-28 23:59:59,CBOM
3.6635,3.655,3.6645,3.655,34770241.05,9490200,2015-07-29 00:00:00,2015-07-29 23:59:59,CBOM
3.6655,3.672,3.672,3.655,31433982.25,8562700,2015-07-30 00:00:00,2015-07-30 23:59:59,CBOM
3.675,3.6745,3.675,3.67,59153952.2,16101500,2015-07-31 00:00:00,2015-07-31 23:59:59,CBOM
3.67,3.6595,3.67,3.6565,2102309.55,574500,2015-08-03 00:00:00,2015-08-03 23:59:59,CBOM
3.647,3.639,3.6695,3.639,648878.15,178300,2015-08-04 00:00:00,2015-08-04 23:59:59,CBOM
3.635,3.635,3.6555,3.635,504396.4,138000,2015-08-05 00:00:00,2015-08-05 23:59:59,CBOM
3.635,3.63,3.6355,3.63,159212.55,43800,2015-08-06 00:00:00,2015-08-06 23:59:59,CBOM
3.6645,3.655,3.69,3.655,14312376.6,3886600,2015-08-07 00:00:00,2015-08-07 23:59:59,CBOM
3.655,3.655,3.67,3.655,73832.55,20200,2015-08-10 00:00:00,2015-08-10 23:59:59,CBOM
3.656,3.66,3.6915,3.656,59481758.65,16117700,2015-08-11 00:00:00,2015-08-11 23:59:59,CBOM
3.6795,3.68,3.6875,3.665,48597331.45,13190600,2015-08-12 00:00:00,2015-08-12 23:59:59,CBOM
3.6895,3.6905,3.6905,3.6895,18457748.95,5002100,2015-08-13 00:00:00,2015-08-13 23:59:59,CBOM
3.68,3.675,3.6905,3.675,23544101.8,6384100,2015-08-14 00:00:00,2015-08-14 23:59:59,CBOM
3.689,3.691,3.691,3.689,22144310.0,6001100,2015-08-17 00:00:00,2015-08-17 23:59:59,CBOM
3.689,3.665,3.691,3.665,29880351.75,8098200,2015-08-18 00:00:00,2015-08-18 23:59:59,CBOM
3.66,3.66,3.66,3.66,732.0,200,2015-08-19 00:00:00,2015-08-19 23:59:59,CBOM
3.665,3.665,3.665,3.665,199742.5,54500,2015-08-20 00:00:00,2015-08-20 23:59:59,CBOM
3.6555,3.65,3.6555,3.65,693506.1,190000,2015-08-21 00:00:00,2015-08-21 23:59:59,CBOM
3.65,3.6205,3.6545,3.62,3681301.2,1015200,2015-08-24 00:00:00,2015-08-24 23:59:59,CBOM
3.6385,3.62,3.6385,3.62,2091409.25,577300,2015-08-25 00:00:00,2015-08-25 23:59:59,CBOM
3.6255,3.625,3.65,3.625,40975.05,11300,2015-08-26 00:00:00,2015-08-26 23:59:59,CBOM
3.6265,3.645,3.645,3.6265,32762551.05,9000700,2015-08-27 00:00:00,2015-08-27 23:59:59,CBOM
3.661,3.65,3.661,3.625,32766563.35,9001800,2015-08-28 00:00:00,2015-08-28 23:59:59,CBOM
3.644,3.6455,3.6465,3.6435,24422863.4,6700300,2015-08-31 00:00:00,2015-08-31 23:59:59,CBOM
3.645,3.63,3.6455,3.63,707287.45,194100,2015-09-01 00:00:00,2015-09-01 23:59:59,CBOM
3.6395,3.64,3.64,3.6395,105923.95,29100,2015-09-02 00:00:00,2015-09-02 23:59:59,CBOM
3.65,3.65,3.65,3.65,511000.0,140000,2015-09-03 00:00:00,2015-09-03 23:59:59,CBOM
3.65,3.652,3.652,3.635,8259814.4,2262400,2015-09-04 00:00:00,2015-09-04 23:59:59,CBOM
3.636,3.635,3.636,3.635,100326.15,27600,2015-09-07 00:00:00,2015-09-07 23:59:59,CBOM
3.6595,3.6355,3.66,3.6355,2554.65,700,2015-09-08 00:00:00,2015-09-08 23:59:59,CBOM
3.6575,3.66,3.66,3.64,32965639.2,9009100,2015-09-09 00:00:00,2015-09-09 23:59:59,CBOM
3.636,3.635,3.636,3.635,100690.3,27700,2015-09-10 00:00:00,2015-09-10 23:59:59,CBOM
3.635,3.635,3.66,3.635,728459.0,200400,2015-09-11 00:00:00,2015-09-11 23:59:59,CBOM
3.617,3.65,3.65,3.617,514328.75,141200,2015-09-14 00:00:00,2015-09-14 23:59:59,CBOM
3.65,3.68,3.68,3.65,14994552.15,4088200,2015-09-15 00:00:00,2015-09-15 23:59:59,CBOM
3.66,3.66,3.66,3.66,50874.0,13900,2015-09-16 00:00:00,2015-09-16 23:59:59,CBOM
3.635,3.635,3.635,3.635,100326.0,27600,2015-09-17 00:00:00,2015-09-17 23:59:59,CBOM
3.67,3.67,3.67,3.67,367.0,100,2015-09-18 00:00:00,2015-09-18 23:59:59,CBOM
3.6605,3.66,3.6605,3.66,37332.05,10200,2015-09-21 00:00:00,2015-09-21 23:59:59,CBOM
3.65,3.6455,3.65,3.645,50715.65,13900,2015-09-22 00:00:00,2015-09-22 23:59:59,CBOM
3.6595,3.66,3.66,3.6595,101015.8,27600,2015-09-23 00:00:00,2015-09-23 23:59:59,CBOM
3.69,3.66,3.69,3.66,105450.05,28700,2015-09-24 00:00:00,2015-09-24 23:59:59,CBOM
3.665,3.6655,3.6655,3.665,110316.55,30100,2015-09-25 00:00:00,2015-09-25 23:59:59,CBOM
3.7065,3.68,3.707,3.68,85745.9,23200,2015-09-28 00:00:00,2015-09-28 23:59:59,CBOM
3.69,3.69,3.69,3.69,738.0,200,2015-09-29 00:00:00,2015-09-29 23:59:59,CBOM
3.7,3.704,3.704,3.7,2222.0,600,2015-09-30 00:00:00,2015-09-30 23:59:59,CBOM
3.7,3.7,3.7,3.7,1480.0,400,2015-10-01 00:00:00,2015-10-01 23:59:59,CBOM
3.7315,3.732,3.732,3.71,300744.2,80600,2015-10-02 00:00:00,2015-10-02 23:59:59,CBOM
3.737,3.7295,3.737,3.71,313466.0,84200,2015-10-05 00:00:00,2015-10-05 23:59:59,CBOM
3.735,3.7355,3.74,3.735,247489.6,66200,2015-10-06 00:00:00,2015-10-06 23:59:59,CBOM
3.716,3.715,3.716,3.715,383773.1,103300,2015-10-07 00:00:00,2015-10-07 23:59:59,CBOM
3.715,3.73,3.744,3.715,290500.95,78100,2015-10-08 00:00:00,2015-10-08 23:59:59,CBOM
3.7305,3.748,3.748,3.73,88047.8,23600,2015-10-09 00:00:00,2015-10-09 23:59:59,CBOM
3.7325,3.732,3.764,3.732,319840.45,85700,2015-10-12 00:00:00,2015-10-12 23:59:59,CBOM
3.7475,3.748,3.748,3.745,397662.45,106100,2015-10-13 00:00:00,2015-10-13 23:59:59,CBOM
3.7325,3.74,3.74,3.732,1010418.0,270700,2015-10-14 00:00:00,2015-10-14 23:59:59,CBOM
3.7305,3.756,3.756,3.73,266421.2,71000,2015-10-15 00:00:00,2015-10-15 23:59:59,CBOM
3.759,3.75,3.759,3.74,3284455.5,877400,2015-10-16 00:00:00,2015-10-16 23:59:59,CBOM
3.73,3.755,3.755,3.72,2289058.4,610700,2015-10-19 00:00:00,2015-10-19 23:59:59,CBOM
3.775,3.796,3.796,3.775,2953294.1,781100,2015-10-20 00:00:00,2015-10-20 23:59:59,CBOM
3.78,3.79,3.79,3.78,2998550.5,791700,2015-10-21 00:00:00,2015-10-21 23:59:59,CBOM
3.794,3.796,3.796,3.78,2172225.4,573200,2015-10-22 00:00:00,2015-10-22 23:59:59,CBOM
3.784,3.796,3.796,3.784,3732438.8,985900,2015-10-23 00:00:00,2015-10-23 23:59:59,CBOM
3.795,3.795,3.795,3.79,2901971.0,764900,2015-10-26 00:00:00,2015-10-26 23:59:59,CBOM
3.79,3.76,3.79,3.75,11723565.5,3118900,2015-10-27 00:00:00,2015-10-27 23:59:59,CBOM
3.766,3.77,3.77,3.766,2384489.4,632500,2015-10-28 00:00:00,2015-10-28 23:59:59,CBOM
3.755,3.73,3.76,3.724,35528405.0,9511300,2015-10-29 00:00:00,2015-10-29 23:59:59,CBOM
3.755,3.756,3.756,3.755,1005381.2,267700,2015-10-30 00:00:00,2015-10-30 23:59:59,CBOM
3.75,3.77,3.77,3.75,1300360.5,345100,2015-11-02 00:00:00,2015-11-02 23:59:59,CBOM
3.77,3.77,3.77,3.77,3074812.0,815600,2015-11-03 00:00:00,2015-11-03 23:59:59,CBOM
3.775,3.77,3.775,3.745,2699689.5,716100,2015-11-05 00:00:00,2015-11-05 23:59:59,CBOM
3.765,3.765,3.765,3.765,2030841.0,539400,2015-11-06 00:00:00,2015-11-06 23:59:59,CBOM
3.75,3.75,3.75,3.75,2625000.0,700000,2015-11-09 00:00:00,2015-11-09 23:59:59,CBOM
3.73,3.745,3.745,3.73,2622619.0,700300,2015-11-10 00:00:00,2015-11-10 23:59:59,CBOM
3.73,3.74,3.74,3.73,1871865.0,500500,2015-11-11 00:00:00,2015-11-11 23:59:59,CBOM
3.755,3.755,3.755,3.755,1850464.0,492800,2015-11-12 00:00:00,2015-11-12 23:59:59,CBOM
3.76,3.78,4.895,3.76,24478913.0,6419800,2015-11-13 00:00:00,2015-11-13 23:59:59,CBOM
3.78,3.775,3.8,3.775,1618120.0,428000,2015-11-16 00:00:00,2015-11-16 23:59:59,CBOM
3.78,3.81,3.81,3.775,877746.0,232200,2015-11-17 00:00:00,2015-11-17 23:59:59,CBOM
3.805,3.795,3.805,3.775,1637679.0,433200,2015-11-18 00:00:00,2015-11-18 23:59:59,CBOM
3.775,3.78,3.81,3.75,24530551.0,6523100,2015-11-19 00:00:00,2015-11-19 23:59:59,CBOM
3.8,3.795,3.8,3.77,1390166.5,368300,2015-11-20 00:00:00,2015-11-20 23:59:59,CBOM
3.77,3.775,3.775,3.765,1905497.5,506100,2015-11-23 00:00:00,2015-11-23 23:59:59,CBOM
3.775,3.78,3.785,3.765,3268974.0,865400,2015-11-24 00:00:00,2015-11-24 23:59:59,CBOM
3.77,3.795,3.795,3.77,5609092.5,1480000,2015-11-25 00:00:00,2015-11-25 23:59:59,CBOM
3.795,3.85,3.95,3.775,13571822.0,3553100,2015-11-26 00:00:00,2015-11-26 23:59:59,CBOM
3.89,3.91,3.95,3.85,21088717.5,5360800,2015-11-27 00:00:00,2015-11-27 23:59:59,CBOM
3.885,3.83,3.98,3.83,25907806.5,6675800,2015-11-30 00:00:00,2015-11-30 23:59:59,CBOM
3.875,3.85,3.875,3.82,4954261.0,1291800,2015-12-01 00:00:00,2015-12-01 23:59:59,CBOM
3.84,3.84,3.845,3.815,2562126.5,670300,2015-12-02 00:00:00,2015-12-02 23:59:59,CBOM
3.82,3.805,3.84,3.805,7996154.0,2089500,2015-12-03 00:00:00,2015-12-03 23:59:59,CBOM
3.815,3.815,3.83,3.815,2409938.5,631700,2015-12-04 00:00:00,2015-12-04 23:59:59,CBOM
3.815,3.84,3.84,3.815,2803020.0,732400,2015-12-07 00:00:00,2015-12-07 23:59:59,CBOM
3.78,3.84,3.84,3.75,3861232.5,1007200,2015-12-08 00:00:00,2015-12-08 23:59:59,CBOM
3.835,3.835,3.86,3.835,3652938.0,950400,2015-12-09 00:00:00,2015-12-09 23:59:59,CBOM
3.82,3.825,3.84,3.815,2007138.5,525000,2015-12-10 00:00:00,2015-12-10 23:59:59,CBOM
3.835,3.825,3.84,3.82,12358424.0,3235100,2015-12-11 00:00:00,2015-12-11 23:59:59,CBOM
3.84,3.825,3.84,3.81,10520880.0,2757600,2015-12-14 00:00:00,2015-12-14 23:59:59,CBOM
3.825,3.84,3.84,3.81,16791626.5,4398600,2015-12-15 00:00:00,2015-12-15 23:59:59,CBOM
3.835,3.85,3.85,3.82,19058578.0,4972200,2015-12-16 00:00:00,2015-12-16 23:59:59,CBOM
3.815,3.68,3.815,3.67,1198255.5,323200,2015-12-17 00:00:00,2015-12-17 23:59:59,CBOM
3.68,3.685,3.685,3.665,82561.0,22500,2015-12-18 00:00:00,2015-12-18 23:59:59,CBOM
3.695,3.67,3.695,3.67,380193.5,102900,2015-12-21 00:00:00,2015-12-21 23:59:59,CBOM
3.68,3.675,3.695,3.675,1111744.0,302100,2015-12-22 00:00:00,2015-12-22 23:59:59,CBOM
3.69,3.67,3.69,3.67,474520.0,128600,2015-12-23 00:00:00,2015-12-23 23:59:59,CBOM
3.68,3.685,3.69,3.67,12731337.0,3459600,2015-12-24 00:00:00,2015-12-24 23:59:59,CBOM
3.68,3.75,3.75,3.68,6141348.5,1646300,2015-12-25 00:00:00,2015-12-25 23:59:59,CBOM
3.69,3.73,3.765,3.675,6274672.0,1676700,2015-12-28 00:00:00,2015-12-28 23:59:59,CBOM
3.68,3.77,3.77,3.68,16791409.0,4467400,2015-12-29 00:00:00,2015-12-29 23:59:59,CBOM
3.77,3.8,3.8,3.77,6035354.5,1591700,2015-12-30 00:00:00,2015-12-30 23:59:59,CBOM
3.78,3.93,3.95,3.78,23004486.5,5916200,2016-01-04 00:00:00,2016-01-04 23:59:59,CBOM
3.865,3.865,3.895,3.865,447439.5,115100,2016-01-05 00:00:00,2016-01-05 23:59:59,CBOM
3.885,3.885,3.885,3.87,5764074.5,1484000,2016-01-06 00:00:00,2016-01-06 23:59:59,CBOM
3.785,3.875,3.9,3.785,7297002.0,1878700,2016-01-11 00:00:00,2016-01-11 23:59:59,CBOM
3.85,3.82,3.86,3.82,3881388.5,1008200,2016-01-12 00:00:00,2016-01-12 23:59:59,CBOM
3.82,3.77,3.82,3.75,24202342.5,6452900,2016-01-13 00:00:00,2016-01-13 23:59:59,CBOM
3.765,3.75,3.77,3.75,3349125.0,890400,2016-01-14 00:00:00,2016-01-14 23:59:59,CBOM
3.77,3.74,3.77,3.74,4810296.0,1282500,2016-01-15 00:00:00,2016-01-15 23:59:59,CBOM
3.73,3.74,3.75,3.725,2142112.5,574600,2016-01-18 00:00:00,2016-01-18 23:59:59,CBOM
3.755,3.73,3.765,3.73,1667394.5,446300,2016-01-19 00:00:00,2016-01-19 23:59:59,CBOM
3.725,3.735,3.755,3.725,1514575.5,405700,2016-01-20 00:00:00,2016-01-20 23:59:59,CBOM
3.745,3.74,3.76,3.74,1918950.0,512700,2016-01-21 00:00:00,2016-01-21 23:59:59,CBOM
3.75,3.74,3.765,3.74,939127.5,250500,2016-01-22 00:00:00,2016-01-22 23:59:59,CBOM
3.75,3.75,3.76,3.75,2263502.0,603200,2016-01-25 00:00:00,2016-01-25 23:59:59,CBOM
3.765,3.745,3.765,3.74,1997872.5,533100,2016-01-26 00:00:00,2016-01-26 23:59:59,CBOM
3.74,3.74,3.75,3.72,49544415.0,13278000,2016-01-27 00:00:00,2016-01-27 23:59:59,CBOM
3.745,3.745,3.755,3.745,2649039.5,706500,2016-01-28 00:00:00,2016-01-28 23:59:59,CBOM
3.745,3.76,3.76,3.745,1619867.0,431100,2016-01-29 00:00:00,2016-01-29 23:59:59,CBOM
3.755,3.77,3.775,3.755,1583995.5,420600,2016-02-01 00:00:00,2016-02-01 23:59:59,CBOM
3.77,3.765,3.77,3.76,1548885.5,411400,2016-02-02 00:00:00,2016-02-02 23:59:59,CBOM
3.76,3.77,3.775,3.76,1760827.0,467400,2016-02-03 00:00:00,2016-02-03 23:59:59,CBOM
3.76,3.765,3.78,3.755,1273148.0,338100,2016-02-04 00:00:00,2016-02-04 23:59:59,CBOM
3.76,3.76,3.77,3.755,1570685.5,418100,2016-02-05 00:00:00,2016-02-05 23:59:59,CBOM
3.77,3.755,3.775,3.75,1267146.5,337400,2016-02-08 00:00:00,2016-02-08 23:59:59,CBOM
3.765,3.74,3.765,3.74,1850325.0,493900,2016-02-09 00:00:00,2016-02-09 23:59:59,CBOM
3.755,3.74,3.755,3.735,1326570.5,354700,2016-02-10 00:00:00,2016-02-10 23:59:59,CBOM
3.76,3.765,3.765,3.735,10023698.0,2672300,2016-02-11 00:00:00,2016-02-11 23:59:59,CBOM
3.735,3.775,3.775,3.73,13348228.5,3552300,2016-02-12 00:00:00,2016-02-12 23:59:59,CBOM
3.755,3.78,3.78,3.745,15126945.0,4023200,2016-02-15 00:00:00,2016-02-15 23:59:59,CBOM
3.755,3.775,3.775,3.73,11582129.5,3079400,2016-02-16 00:00:00,2016-02-16 23:59:59,CBOM
3.78,3.78,3.78,3.76,14445873.0,3824700,2016-02-17 00:00:00,2016-02-17 23:59:59,CBOM
3.795,3.8,3.8,3.75,18634664.5,4923000,2016-02-18 00:00:00,2016-02-18 23:59:59,CBOM
3.8,3.805,3.805,3.765,10054156.0,2660000,2016-02-19 00:00:00,2016-02-19 23:59:59,CBOM
3.795,3.765,3.8,3.765,16988.5,4500,2016-02-20 00:00:00,2016-02-20 23:59:59,CBOM
3.8,3.805,3.805,3.8,760.5,200,2016-02-22 00:00:00,2016-02-22 23:59:59,CBOM
3.8,3.75,3.8,3.745,4938470.0,1316900,2016-02-24 00:00:00,2016-02-24 23:59:59,CBOM
3.75,3.78,3.78,3.725,8366293.5,2224800,2016-02-25 00:00:00,2016-02-25 23:59:59,CBOM
3.785,3.785,3.79,3.74,8581901.0,2274700,2016-02-26 00:00:00,2016-02-26 23:59:59,CBOM
3.8,3.62,3.8,3.5,99368896.5,26995000,2016-02-29 00:00:00,2016-02-29 23:59:59,CBOM
3.66,3.745,3.745,3.64,46093243.5,12535400,2016-03-01 00:00:00,2016-03-01 23:59:59,CBOM
3.75,3.78,3.78,3.715,2062523.5,547700,2016-03-02 00:00:00,2016-03-02 23:59:59,CBOM
3.78,3.785,3.795,3.775,5013412.5,1323000,2016-03-03 00:00:00,2016-03-03 23:59:59,CBOM
3.78,3.805,3.825,3.775,6160175.0,1613400,2016-03-04 00:00:00,2016-03-04 23:59:59,CBOM
3.815,3.8,3.815,3.78,59386.0,15700,2016-03-07 00:00:00,2016-03-07 23:59:59,CBOM
3.805,3.84,3.84,3.805,5436562.0,1416400,2016-03-09 00:00:00,2016-03-09 23:59:59,CBOM
3.845,3.825,3.85,3.825,6093945.5,1584800,2016-03-10 00:00:00,2016-03-10 23:59:59,CBOM
3.855,3.85,3.855,3.8,4424504.5,1150900,2016-03-11 00:00:00,2016-03-11 23:59:59,CBOM
3.81,3.86,3.86,3.8,4875851.0,1264500,2016-03-14 00:00:00,2016-03-14 23:59:59,CBOM
3.86,3.87,3.87,3.855,7211321.0,1867900,2016-03-15 00:00:00,2016-03-15 23:59:59,CBOM
3.84,3.85,3.865,3.84,3724240.0,964900,2016-03-16 00:00:00,2016-03-16 23:59:59,CBOM
3.87,3.87,3.875,3.845,6822306.5,1764600,2016-03-17 00:00:00,2016-03-17 23:59:59,CBOM
3.875,3.865,3.875,3.86,6572893.0,1700600,2016-03-18 00:00:00,2016-03-18 23:59:59,CBOM
3.86,3.87,3.87,3.835,5474528.5,1418600,2016-03-21 00:00:00,2016-03-21 23:59:59,CBOM
3.87,3.795,3.87,3.795,12674797.0,3322800,2016-03-22 00:00:00,2016-03-22 23:59:59,CBOM
3.82,3.825,3.85,3.795,19421142.5,5094700,2016-03-23 00:00:00,2016-03-23 23:59:59,CBOM
3.825,3.81,3.855,3.8,21000620.0,5496100,2016-03-24 00:00:00,2016-03-24 23:59:59,CBOM
3.845,3.82,3.85,3.78,28339964.5,7463400,2016-03-25 00:00:00,2016-03-25 23:59:59,CBOM
3.86,3.805,3.86,3.78,47068120.0,12392400,2016-03-28 00:00:00,2016-03-28 23:59:59,CBOM
3.825,3.855,3.855,3.785,35137276.0,9189800,2016-03-29 00:00:00,2016-03-29 23:59:59,CBOM
3.855,3.87,3.87,3.815,50955158.5,13249000,2016-03-30 00:00:00,2016-03-30 23:59:59,CBOM
3.795,3.88,3.88,3.705,13033079.5,3369100,2016-03-31 00:00:00,2016-03-31 23:59:59,CBOM
3.88,3.865,3.89,3.86,14065289.5,3634400,2016-04-01 00:00:00,2016-04-01 23:59:59,CBOM
3.88,3.865,3.88,3.835,7191462.0,1867900,2016-04-04 00:00:00,2016-04-04 23:59:59,CBOM
3.865,3.82,3.865,3.77,32468398.5,8590900,2016-04-05 00:00:00,2016-04-05 23:59:59,CBOM
3.835,3.84,3.865,3.81,15763933.0,4098100,2016-04-06 00:00:00,2016-04-06 23:59:59,CBOM
3.845,3.905,3.905,3.845,23332279.0,5991900,2016-04-07 00:00:00,2016-04-07 23:59:59,CBOM
3.88,3.875,3.905,3.875,6058410.0,1554300,2016-04-08 00:00:00,2016-04-08 23:59:59,CBOM
3.895,3.87,3.905,3.87,5819436.5,1498800,2016-04-11 00:00:00,2016-04-11 23:59:59,CBOM
3.875,3.87,3.92,3.87,2227322.5,570700,2016-04-12 00:00:00,2016-04-12 23:59:59,CBOM
3.87,3.87,3.89,3.855,4797592.0,1239700,2016-04-13 00:00:00,2016-04-13 23:59:59,CBOM
3.88,3.875,3.88,3.86,7950278.5,2054100,2016-04-14 00:00:00,2016-04-14 23:59:59,CBOM
3.885,3.925,3.925,3.885,3650055.0,933700,2016-04-15 00:00:00,2016-04-15 23:59:59,CBOM
3.925,3.9,3.95,3.855,3068351.0,789200,2016-04-18 00:00:00,2016-04-18 23:59:59,CBOM
3.9,3.915,3.945,3.9,184655069.5,47162200,2016-04-19 00:00:00,2016-04-19 23:59:59,CBOM
3.925,3.905,3.935,3.885,3800352.0,975900,2016-04-20 00:00:00,2016-04-20 23:59:59,CBOM
3.905,3.91,3.935,3.875,3904814.5,995500,2016-04-21 00:00:00,2016-04-21 23:59:59,CBOM
3.91,3.91,3.92,3.885,4368542.0,1117900,2016-04-22 00:00:00,2016-04-22 23:59:59,CBOM
3.925,3.92,3.935,3.9,4433716.0,1131800,2016-04-25 00:00:00,2016-04-25 23:59:59,CBOM
3.89,3.915,3.94,3.88,9665147.5,2467000,2016-04-26 00:00:00,2016-04-26 23:59:59,CBOM
3.91,3.93,3.93,3.9,3929503.0,1002300,2016-04-27 00:00:00,2016-04-27 23:59:59,CBOM
3.925,3.905,3.945,3.895,10045807.0,2559600,2016-04-28 00:00:00,2016-04-28 23:59:59,CBOM
3.915,3.92,3.935,3.9,3639297.0,926400,2016-04-29 00:00:00,2016-04-29 23:59:59,CBOM
3.915,3.925,3.945,3.905,3822384.0,975800,2016-05-04 00:00:00,2016-05-04 23:59:59,CBOM
3.935,3.915,3.935,3.905,1867841.5,477300,2016-05-05 00:00:00,2016-05-05 23:59:59,CBOM
3.925,3.93,3.945,3.91,4237616.5,1077000,2016-05-06 00:00:00,2016-05-06 23:59:59,CBOM
3.945,3.915,3.955,3.905,4581491.0,1171600,2016-05-10 00:00:00,2016-05-10 23:59:59,CBOM
3.9,3.93,3.935,3.9,3674195.5,936600,2016-05-11 00:00:00,2016-05-11 23:59:59,CBOM
3.925,3.965,3.965,3.915,4291062.0,1087200,2016-05-12 00:00:00,2016-05-12 23:59:59,CBOM
3.98,3.98,3.98,3.935,4159591.5,1050000,2016-05-13 00:00:00,2016-05-13 23:59:59,CBOM
4.1,3.995,4.1,3.955,7868041.0,1969600,2016-05-16 00:00:00,2016-05-16 23:59:59,CBOM
4.0,3.98,4.035,3.98,3847872.5,965500,2016-05-17 00:00:00,2016-05-17 23:59:59,CBOM
3.99,3.965,3.99,3.96,3139415.0,791200,2016-05-18 00:00:00,2016-05-18 23:59:59,CBOM
3.98,3.97,3.98,3.95,4493687.0,1135900,2016-05-19 00:00:00,2016-05-19 23:59:59,CBOM
3.99,3.995,4.03,3.975,14744102.0,3689900,2016-05-20 00:00:00,2016-05-20 23:59:59,CBOM
3.995,3.985,4.015,3.97,9724724.0,2441500,2016-05-23 00:00:00,2016-05-23 23:59:59,CBOM
3.995,3.99,3.995,3.945,10638731.5,2680200,2016-05-24 00:00:00,2016-05-24 23:59:59,CBOM
3.995,4.0,4.01,3.99,3214377.5,802600,2016-05-25 00:00:00,2016-05-25 23:59:59,CBOM
4.0,4.0,4.035,3.99,6531262.5,1626700,2016-05-26 00:00:00,2016-05-26 23:59:59,CBOM
4.005,3.94,4.055,3.825,9628085.5,2436900,2016-05-27 00:00:00,2016-05-27 23:59:59,CBOM
3.955,3.905,3.955,3.89,6937753.0,1771300,2016-05-30 00:00:00,2016-05-30 23:59:59,CBOM
3.9,3.91,3.955,3.855,11137801.0,2824800,2016-05-31 00:00:00,2016-05-31 23:59:59,CBOM
3.885,3.905,3.905,3.835,8042155.0,2078200,2016-06-01 00:00:00,2016-06-01 23:59:59,CBOM
3.955,3.945,3.995,3.945,8453952.5,2132200,2016-06-02 00:00:00,2016-06-02 23:59:59,CBOM
3.99,3.975,3.99,3.94,5184119.0,1305400,2016-06-03 00:00:00,2016-06-03 23:59:59,CBOM
3.995,3.995,4.0,3.965,5988006.5,1501400,2016-06-06 00:00:00,2016-06-06 23:59:59,CBOM
3.99,4.045,4.045,3.985,5095934.0,1266500,2016-06-07 00:00:00,2016-06-07 23:59:59,CBOM
4.04,4.035,4.065,4.025,5345119.5,1323600,2016-06-08 00:00:00,2016-06-08 23:59:59,CBOM
4.045,4.01,4.045,3.995,67385743.5,16801900,2016-06-09 00:00:00,2016-06-09 23:59:59,CBOM
4.01,3.98,4.01,3.96,5827918.5,1466000,2016-06-10 00:00:00,2016-06-10 23:59:59,CBOM
3.99,3.955,4.01,3.945,3389442.0,855300,2016-06-14 00:00:00,2016-06-14 23:59:59,CBOM
3.945,3.955,3.975,3.94,3447410.5,871200,2016-06-15 00:00:00,2016-06-15 23:59:59,CBOM
3.98,3.945,3.99,3.935,3426589.0,866300,2016-06-16 00:00:00,2016-06-16 23:59:59,CBOM
3.975,3.95,3.98,3.94,570031569.0,143586200,2016-06-17 00:00:00,2016-06-17 23:59:59,CBOM
3.97,3.97,4.0,3.96,5295317.5,1328900,2016-06-20 00:00:00,2016-06-20 23:59:59,CBOM
4.015,3.955,4.4,3.95,2426617.5,613100,2016-06-21 00:00:00,2016-06-21 23:59:59,CBOM
3.965,3.955,3.975,3.95,3583948.5,906100,2016-06-22 00:00:00,2016-06-22 23:59:59,CBOM
3.96,3.965,3.975,3.945,364683499.5,92441400,2016-06-23 00:00:00,2016-06-23 23:59:59,CBOM
3.935,3.92,3.955,3.9,2425494.5,618200,2016-06-24 00:00:00,2016-06-24 23:59:59,CBOM
3.915,3.95,3.96,3.915,2656040.0,673200,2016-06-27 00:00:00,2016-06-27 23:59:59,CBOM
3.96,3.955,3.96,3.935,2028812.5,513300,2016-06-28 00:00:00,2016-06-28 23:59:59,CBOM
3.94,3.985,3.99,3.94,2517003.0,632900,2016-06-29 00:00:00,2016-06-29 23:59:59,CBOM
4.005,3.98,4.005,3.975,112454812.5,28159300,2016-06-30 00:00:00,2016-06-30 23:59:59,CBOM
3.99,3.995,4.005,3.99,50378663.5,12610400,2016-07-01 00:00:00,2016-07-01 23:59:59,CBOM
3.995,4.005,4.005,3.99,2527550.0,632300,2016-07-04 00:00:00,2016-07-04 23:59:59,CBOM
4.005,3.975,4.005,3.975,1931803.0,485300,2016-07-05 00:00:00,2016-07-05 23:59:59,CBOM
3.99,3.96,3.995,3.96,2544800.5,641400,2016-07-06 00:00:00,2016-07-06 23:59:59,CBOM
3.975,3.985,3.985,3.96,2447167.0,616200,2016-07-07 00:00:00,2016-07-07 23:59:59,CBOM
3.985,4.01,4.01,3.985,2323178.5,580800,2016-07-08 00:00:00,2016-07-08 23:59:59,CBOM
4.01,3.995,4.045,3.995,12425120.5,3087100,2016-07-11 00:00:00,2016-07-11 23:59:59,CBOM
3.995,4.035,4.035,3.995,3011666.5,750600,2016-07-12 00:00:00,2016-07-12 23:59:59,CBOM
4.035,4.015,4.045,4.0,7388629.5,1840100,2016-07-13 00:00:00,2016-07-13 23:59:59,CBOM
4.045,3.98,4.05,3.97,8478423.5,2130500,2016-07-14 00:00:00,2016-07-14 23:59:59,CBOM
4.0,3.97,4.0,3.95,447489833.5,112727100,2016-07-15 00:00:00,2016-07-15 23:59:59,CBOM
3.985,3.955,3.985,3.94,6786309.5,1716900,2016-07-18 00:00:00,2016-07-18 23:59:59,CBOM
3.98,3.92,3.98,3.915,5251151.5,1337300,2016-07-19 00:00:00,2016-07-19 23:59:59,CBOM
3.97,3.92,3.97,3.9,7904468.5,2022200,2016-07-20 00:00:00,2016-07-20 23:59:59,CBOM
3.94,3.95,3.96,3.895,15032986.0,3808500,2016-07-21 00:00:00,2016-07-21 23:59:59,CBOM
3.965,3.97,3.99,3.95,11761154.0,2954300,2016-07-22 00:00:00,2016-07-22 23:59:59,CBOM
3.99,3.985,4.0,3.97,6703576.0,1680400,2016-07-25 00:00:00,2016-07-25 23:59:59,CBOM
4.0,3.975,4.0,3.97,7852726.0,1967700,2016-07-26 00:00:00,2016-07-26 23:59:59,CBOM
3.99,3.975,3.99,3.96,5319507.5,1337600,2016-07-27 00:00:00,2016-07-27 23:59:59,CBOM
3.97,4.01,4.01,3.965,7447617.0,1869600,2016-07-28 00:00:00,2016-07-28 23:59:59,CBOM
4.01,3.98,4.025,3.98,5825453.0,1459500,2016-07-29 00:00:00,2016-07-29 23:59:59,CBOM
3.995,3.985,4.025,3.975,5805333.5,1447800,2016-08-01 00:00:00,2016-08-01 23:59:59,CBOM
4.005,3.94,4.005,3.93,4601142.5,1167000,2016-08-02 00:00:00,2016-08-02 20:29:55,CBOM
3.96,3.93,3.96,3.92,3625514.5,922900,2016-08-03 00:00:00,2016-08-03 23:59:59,CBOM
3.96,3.94,3.97,3.925,1755765.5,443500,2016-08-04 00:00:00,2016-08-04 20:30:00,CBOM
3.945,3.935,3.965,3.925,1578677.0,400600,2016-08-05 00:00:00,2016-08-05 23:59:59,CBOM
3.94,3.95,3.955,3.93,2240895.0,568500,2016-08-08 00:00:00,2016-08-08 23:59:59,CBOM
3.955,3.95,3.96,3.93,5099949.0,1294200,2016-08-09 00:00:00,2016-08-09 23:59:59,CBOM
3.95,3.915,3.95,3.915,3739822.0,953800,2016-08-10 00:00:00,2016-08-10 23:59:59,CBOM
3.935,3.925,3.935,3.885,3926056.0,1008500,2016-08-11 00:00:00,2016-08-11 23:59:59,CBOM
3.895,3.925,3.925,3.875,8324059.0,2137600,2016-08-12 00:00:00,2016-08-12 23:59:59,CBOM
3.92,3.92,3.93,3.895,33775746.5,8646900,2016-08-15 00:00:00,2016-08-15 23:59:59,CBOM
3.915,3.91,3.92,3.86,44270965.5,11402300,2016-08-16 00:00:00,2016-08-16 23:59:59,CBOM
3.915,3.905,3.94,3.89,19053973.5,4866600,2016-08-17 00:00:00,2016-08-17 23:59:59,CBOM
3.935,3.965,3.975,3.9,19321163.0,4888300,2016-08-18 00:00:00,2016-08-18 23:59:59,CBOM
3.95,4.04,4.1,3.95,27022439.0,6717000,2016-08-19 00:00:00,2016-08-19 23:59:59,CBOM
4.045,4.15,4.16,4.035,9678424.5,2354900,2016-08-22 00:00:00,2016-08-22 23:59:59,CBOM
4.16,4.155,4.17,4.125,4828060.5,1165900,2016-08-23 00:00:00,2016-08-23 23:59:59,CBOM
4.155,4.125,4.165,4.125,3575719.5,863600,2016-08-24 00:00:00,2016-08-24 23:59:59,CBOM
4.16,4.145,4.16,4.105,3162348.0,768200,2016-08-25 00:00:00,2016-08-25 23:59:59,CBOM
4.155,4.16,4.185,4.13,3621403.0,873300,2016-08-26 00:00:00,2016-08-26 23:59:59,CBOM
4.165,4.145,4.17,4.12,4331082.0,1047600,2016-08-29 00:00:00,2016-08-29 23:59:59,CBOM
4.145,4.155,4.2,4.14,4458566.0,1066000,2016-08-30 00:00:00,2016-08-30 23:59:59,CBOM
4.16,4.13,4.2,4.125,3592371.0,866900,2016-08-31 00:00:00,2016-08-31 23:59:59,CBOM
4.13,4.16,4.16,4.11,6875573.0,1659700,2016-09-01 00:00:00,2016-09-01 23:59:59,CBOM
4.165,4.205,4.205,4.15,11782207.0,2807800,2016-09-02 00:00:00,2016-09-02 23:59:59,CBOM
4.21,4.25,4.25,4.205,5222419.0,1234000,2016-09-05 00:00:00,2016-09-05 23:59:59,CBOM
4.245,4.26,4.275,4.245,3570103.0,838200,2016-09-06 00:00:00,2016-09-06 20:30:00,CBOM
4.26,4.26,4.3,4.26,6591582.5,1539200,2016-09-07 00:00:00,2016-09-07 23:59:59,CBOM
4.28,4.285,4.32,4.275,6323737.0,1468800,2016-09-08 00:00:00,2016-09-08 23:59:59,CBOM
4.29,4.26,4.34,4.255,3408638.0,795900,2016-09-09 00:00:00,2016-09-09 23:59:59,CBOM
4.26,4.235,4.26,4.2,4262798.0,1005500,2016-09-12 00:00:00,2016-09-12 23:59:59,CBOM
4.24,4.195,4.245,4.195,18012345.0,4266500,2016-09-13 00:00:00,2016-09-13 23:59:59,CBOM
4.205,4.195,4.23,4.18,11046343.0,2632400,2016-09-14 00:00:00,2016-09-14 23:59:59,CBOM
4.185,4.175,4.21,4.165,5122280.5,1226800,2016-09-15 00:00:00,2016-09-15 23:59:59,CBOM
4.18,4.185,4.215,4.16,6209440.5,1483700,2016-09-16 00:00:00,2016-09-16 23:59:59,CBOM
4.19,4.195,4.22,4.19,6015712.5,1432500,2016-09-19 00:00:00,2016-09-19 23:59:59,CBOM
4.19,4.205,4.215,4.175,3699342.5,884600,2016-09-20 00:00:00,2016-09-20 23:59:59,CBOM
4.2,4.195,4.225,4.185,3818715.5,909700,2016-09-21 00:00:00,2016-09-21 23:59:59,CBOM
4.21,4.27,4.27,4.2,7947469.5,1874600,2016-09-22 00:00:00,2016-09-22 23:59:59,CBOM
4.275,4.24,4.28,4.225,8661555.5,2045800,2016-09-23 00:00:00,2016-09-23 23:59:59,CBOM
4.225,4.215,4.26,4.21,6523335.0,1541500,2016-09-26 00:00:00,2016-09-26 23:59:59,CBOM
4.225,4.22,4.25,4.21,7698076.5,1822600,2016-09-27 00:00:00,2016-09-27 23:59:59,CBOM
4.225,4.24,4.25,4.215,4104692.5,969800,2016-09-28 00:00:00,2016-09-28 23:59:59,CBOM
4.245,4.295,4.295,4.24,6681709.5,1561900,2016-09-29 00:00:00,2016-09-29 23:59:59,CBOM
4.29,4.25,4.29,4.24,8290164.5,1950500,2016-09-30 00:00:00,2016-09-30 23:59:59,CBOM
4.25,4.3,4.31,4.24,7320924.5,1710200,2016-10-03 00:00:00,2016-10-03 23:59:59,CBOM
4.315,4.295,4.315,4.25,4682407.0,1097200,2016-10-04 00:00:00,2016-10-04 23:59:59,CBOM
4.27,4.25,4.275,4.24,5822278.5,1370400,2016-10-05 00:00:00,2016-10-05 23:59:59,CBOM
4.245,4.25,4.275,4.215,6936265.0,1636800,2016-10-06 00:00:00,2016-10-06 23:59:59,CBOM
4.265,4.26,4.275,4.24,1852006.5,434300,2016-10-07 00:00:00,2016-10-07 23:59:59,CBOM
4.255,4.28,4.285,4.24,8812485.0,2063800,2016-10-10 00:00:00,2016-10-10 23:59:59,CBOM
4.275,4.305,4.32,4.265,7794288.0,1812400,2016-10-11 00:00:00,2016-10-11 20:30:00,CBOM
4.295,4.29,4.31,4.26,7163430.5,1670700,2016-10-12 00:00:00,2016-10-12 20:29:55,CBOM
4.285,4.24,4.29,4.24,14688987.5,3443800,2016-10-13 00:00:00,2016-10-13 23:59:59,CBOM
4.245,4.24,4.285,4.23,5373901.5,1262000,2016-10-14 00:00:00,2016-10-14 23:59:59,CBOM
4.25,4.21,4.25,4.205,22288700.5,5274200,2016-10-17 00:00:00,2016-10-17 23:59:59,CBOM
4.215,4.21,4.23,4.185,10778916.0,2562100,2016-10-18 00:00:00,2016-10-18 23:59:59,CBOM
4.205,4.17,4.215,4.165,14542828.0,3473600,2016-10-19 00:00:00,2016-10-19 23:59:59,CBOM
4.205,4.15,4.205,4.14,14272041.5,3433300,2016-10-20 00:00:00,2016-10-20 23:59:59,CBOM
4.155,4.155,4.16,4.135,3186337.0,766600,2016-10-21 00:00:00,2016-10-21 23:59:59,CBOM
4.155,4.16,4.17,4.14,11899281.5,2863500,2016-10-24 00:00:00,2016-10-24 23:59:59,CBOM
4.165,4.185,4.195,4.15,10153998.5,2431700,2016-10-25 00:00:00,2016-10-25 23:59:59,CBOM
4.18,4.19,4.195,4.175,5041851.5,1204800,2016-10-26 00:00:00,2016-10-26 23:59:59,CBOM
4.195,4.215,4.225,4.165,10030005.0,2387700,2016-10-27 00:00:00,2016-10-27 23:59:59,CBOM
4.22,4.25,4.27,4.19,7144562.0,1684100,2016-10-28 00:00:00,2016-10-28 23:59:59,CBOM
4.245,4.275,4.28,4.225,10073140.0,2369800,2016-10-31 00:00:00,2016-10-31 23:59:59,CBOM
4.278,4.292,4.304,4.253,10005662.9,2331300,2016-11-01 00:00:00,2016-11-01 23:59:59,CBOM
4.3,4.24,4.308,4.24,15050987.7,3513700,2016-11-02 00:00:00,2016-11-02 23:59:59,CBOM
4.227,4.245,4.279,4.227,12541273.6,2952600,2016-11-03 00:00:00,2016-11-03 23:59:59,CBOM
4.265,4.25,4.269,4.215,8648887.7,2038200,2016-11-07 00:00:00,2016-11-07 23:59:59,CBOM
4.253,4.31,4.31,4.231,18021747.8,4201300,2016-11-08 00:00:00,2016-11-08 23:59:59,CBOM
4.338,4.365,4.373,4.29,21198494.1,4906000,2016-11-09 00:00:00,2016-11-09 23:59:59,CBOM
4.369,4.459,4.465,4.322,15435312.9,3518300,2016-11-10 00:00:00,2016-11-10 23:59:59,CBOM
4.454,4.453,4.465,4.419,19782177.5,4444400,2016-11-11 00:00:00,2016-11-11 23:59:59,CBOM
4.42,4.375,4.436,4.37,47040267.4,10687200,2016-11-14 00:00:00,2016-11-14 23:59:59,CBOM
4.383,4.35,4.39,4.335,20305544.7,4663100,2016-11-15 00:00:00,2016-11-15 23:59:59,CBOM
4.342,4.33,4.367,4.325,35157234.9,8089800,2016-11-16 00:00:00,2016-11-16 23:59:59,CBOM
4.338,4.281,4.355,4.255,55644651.7,13003100,2016-11-17 00:00:00,2016-11-17 23:59:59,CBOM
4.325,4.25,4.326,4.212,28284410.7,6634400,2016-11-18 00:00:00,2016-11-18 23:59:59,CBOM
4.257,4.22,4.257,4.193,6337481.6,1508100,2016-11-21 00:00:00,2016-11-21 23:59:59,CBOM
4.228,4.257,4.257,4.219,4452842.9,1050500,2016-11-22 00:00:00,2016-11-22 23:59:59,CBOM
4.276,4.265,4.28,4.24,10194846.0,2392800,2016-11-23 00:00:00,2016-11-23 23:59:59,CBOM
4.251,4.31,4.315,4.25,6056870.7,1412600,2016-11-24 00:00:00,2016-11-24 23:59:59,CBOM
4.31,4.277,4.315,4.268,3372533.6,785200,2016-11-25 00:00:00,2016-11-25 23:59:59,CBOM
4.23,4.285,4.3,4.23,8938444.2,2089400,2016-11-28 00:00:00,2016-11-28 23:59:59,CBOM
4.302,4.265,4.325,4.265,54481011.2,12671100,2016-11-29 00:00:00,2016-11-29 23:59:59,CBOM
4.239,4.275,4.315,4.239,53455671.4,12433500,2016-11-30 00:00:00,2016-11-30 23:59:59,CBOM
4.29,4.285,4.319,4.266,30728867.4,7132700,2016-12-01 00:00:00,2016-12-01 23:59:59,CBOM
4.276,4.25,4.294,4.249,45058256.9,10559300,2016-12-02 00:00:00,2016-12-02 23:59:59,CBOM
4.258,4.246,4.28,4.245,40549802.9,9526500,2016-12-05 00:00:00,2016-12-05 23:59:59,CBOM
4.241,4.241,4.268,4.24,33187871.3,7806700,2016-12-06 00:00:00,2016-12-06 23:59:59,CBOM
4.259,4.25,4.275,4.246,29064589.5,6834900,2016-12-07 00:00:00,2016-12-07 23:59:59,CBOM
4.292,4.235,4.292,4.22,10896626.2,2572700,2016-12-08 00:00:00,2016-12-08 23:59:59,CBOM
4.236,4.25,4.275,4.23,7795312.2,1836300,2016-12-09 00:00:00,2016-12-09 23:59:59,CBOM
4.242,4.236,4.292,4.23,4489324.3,1058200,2016-12-12 00:00:00,2016-12-12 23:59:59,CBOM
4.244,4.24,4.25,4.23,6344114.4,1495300,2016-12-13 00:00:00,2016-12-13 23:59:59,CBOM
4.256,4.234,4.269,4.23,5358552.4,1263400,2016-12-14 00:00:00,2016-12-14 23:59:59,CBOM
4.242,4.245,4.269,4.23,5213517.2,1228000,2016-12-15 00:00:00,2016-12-15 23:59:59,CBOM
4.25,4.244,4.284,4.233,7622981.5,1790400,2016-12-16 00:00:00,2016-12-16 23:59:59,CBOM
4.251,4.253,4.29,4.239,7183040.1,1682200,2016-12-19 00:00:00,2016-12-19 23:59:59,CBOM
4.274,4.265,4.303,4.255,14532153.9,3395500,2016-12-20 00:00:00,2016-12-20 23:59:59,CBOM
4.288,4.267,4.29,4.249,5527339.1,1292300,2016-12-21 00:00:00,2016-12-21 23:59:59,CBOM
4.254,4.27,4.293,4.254,5111750.4,1194100,2016-12-22 00:00:00,2016-12-22 23:59:59,CBOM
4.31,4.265,4.31,4.25,6642879.6,1557600,2016-12-23 00:00:00,2016-12-23 23:59:59,CBOM
4.274,4.288,4.288,4.22,8824158.6,2076400,2016-12-26 00:00:00,2016-12-26 23:59:59,CBOM
4.282,4.28,4.301,4.275,24097667.0,5622000,2016-12-27 00:00:00,2016-12-27 23:59:59,CBOM
4.263,4.299,4.299,4.263,43867157.9,10250800,2016-12-28 00:00:00,2016-12-28 23:59:59,CBOM
4.291,4.291,4.304,4.252,3099037.5,724200,2016-12-29 00:00:00,2016-12-29 23:59:59,CBOM
4.272,4.3,4.304,4.25,4084595.9,951500,2016-12-30 00:00:00,2016-12-30 23:59:59,CBOM
4.314,4.34,4.34,4.309,1079404.7,250000,2017-01-03 00:00:00,2017-01-03 23:59:59,CBOM
4.332,4.255,4.339,4.255,8751753.2,2046800,2017-01-04 00:00:00,2017-01-04 23:59:59,CBOM
4.265,4.248,4.296,4.248,6522135.1,1528900,2017-01-05 00:00:00,2017-01-05 23:59:59,CBOM
4.287,4.275,4.29,4.275,1485822.5,346600,2017-01-06 00:00:00,2017-01-06 23:59:59,CBOM
4.285,4.283,4.294,4.27,2439309.9,569400,2017-01-09 00:00:00,2017-01-09 23:59:59,CBOM
4.286,4.29,4.3,4.271,3913563.3,912000,2017-01-10 00:00:00,2017-01-10 23:59:59,CBOM
4.291,4.299,4.319,4.291,5210797.9,1212700,2017-01-11 00:00:00,2017-01-11 23:59:59,CBOM
4.298,4.299,4.305,4.282,5288289.1,1229800,2017-01-12 00:00:00,2017-01-12 23:59:59,CBOM
4.307,4.309,4.33,4.3,5854149.7,1355400,2017-01-13 00:00:00,2017-01-13 23:59:59,CBOM
4.338,4.315,4.339,4.31,5067300.8,1174500,2017-01-16 00:00:00,2017-01-16 23:59:59,CBOM
4.314,4.309,4.325,4.306,6140574.4,1423700,2017-01-17 00:00:00,2017-01-17 23:59:59,CBOM
4.314,4.292,4.328,4.292,8064817.2,1870100,2017-01-18 00:00:00,2017-01-18 23:59:59,CBOM
4.309,4.297,4.328,4.275,13562510.2,3154900,2017-01-19 00:00:00,2017-01-19 23:59:59,CBOM
4.297,4.285,4.3,4.265,4814636.8,1123200,2017-01-20 00:00:00,2017-01-20 23:59:59,CBOM
4.294,4.255,4.309,4.25,9945456.2,2331900,2017-01-23 00:00:00,2017-01-23 23:59:59,CBOM
4.268,4.295,4.3,4.255,6810530.3,1589700,2017-01-24 00:00:00,2017-01-24 23:59:59,CBOM
4.302,4.289,4.304,4.269,7571368.9,1769400,2017-01-25 00:00:00,2017-01-25 23:59:59,CBOM
4.298,4.299,4.333,4.28,6752007.9,1566200,2017-01-26 00:00:00,2017-01-26 23:59:59,CBOM
4.293,4.306,4.319,4.275,5602427.9,1305200,2017-01-27 00:00:00,2017-01-27 23:59:59,CBOM
4.309,4.265,4.31,4.265,5987182.4,1399500,2017-01-30 00:00:00,2017-01-30 23:59:59,CBOM
4.274,4.262,4.29,4.251,6008420.2,1408900,2017-01-31 00:00:00,2017-01-31 23:59:59,CBOM
4.274,4.282,4.3,4.27,9096951.9,2123700,2017-02-01 00:00:00,2017-02-01 23:59:59,CBOM
4.297,4.276,4.3,4.27,7117540.9,1661000,2017-02-02 00:00:00,2017-02-02 23:59:59,CBOM
4.276,4.286,4.309,4.272,7689334.9,1793400,2017-02-03 00:00:00,2017-02-03 23:59:59,CBOM
4.284,4.273,4.301,4.272,8321379.2,1942100,2017-02-06 00:00:00,2017-02-06 23:59:59,CBOM
4.272,4.28,4.3,4.26,26238824.3,6134200,2017-02-07 00:00:00,2017-02-07 23:59:59,CBOM
4.286,4.25,4.29,4.25,17755008.6,4151300,2017-02-08 00:00:00,2017-02-08 23:59:59,CBOM
4.258,4.241,4.28,4.23,22756500.8,5337100,2017-02-09 00:00:00,2017-02-09 23:59:59,CBOM
4.254,4.246,4.27,4.239,6419302.9,1510200,2017-02-10 00:00:00,2017-02-10 23:59:59,CBOM
4.254,4.259,4.261,4.247,4283761.0,1005800,2017-02-13 00:00:00,2017-02-13 23:59:59,CBOM
4.273,4.239,4.283,4.234,5350868.1,1260200,2017-02-14 00:00:00,2017-02-14 23:59:59,CBOM
4.241,4.25,4.27,4.227,7838574.7,1845600,2017-02-15 00:00:00,2017-02-15 23:59:59,CBOM
4.241,4.25,4.252,4.234,5111694.0,1204400,2017-02-16 00:00:00,2017-02-16 23:59:59,CBOM
4.255,4.24,4.265,4.239,7166344.8,1685500,2017-02-17 00:00:00,2017-02-17 23:59:59,CBOM
4.246,4.24,4.249,4.235,4853097.4,1143400,2017-02-20 00:00:00,2017-02-20 23:59:59,CBOM
4.245,4.272,4.272,4.244,5720566.0,1341500,2017-02-21 00:00:00,2017-02-21 23:59:59,CBOM
4.264,4.263,4.29,4.263,5037545.0,1178000,2017-02-22 00:00:00,2017-02-22 23:59:59,CBOM
4.272,4.28,4.293,4.27,2793292.2,653200,2017-02-24 00:00:00,2017-02-24 23:59:59,CBOM
4.285,4.255,4.285,4.255,8777104.1,2058200,2017-02-27 00:00:00,2017-02-27 23:59:59,CBOM
4.263,4.231,4.27,4.222,6783437.7,1600900,2017-02-28 00:00:00,2017-02-28 23:59:59,CBOM
4.224,4.259,4.285,4.224,8273404.8,1940400,2017-03-01 00:00:00,2017-03-01 23:59:59,CBOM
4.254,4.26,4.3,4.254,8086927.5,1889800,2017-03-02 00:00:00,2017-03-02 23:59:59,CBOM
4.27,4.261,4.29,4.245,6178163.8,1448800,2017-03-03 00:00:00,2017-03-03 23:59:59,CBOM
4.245,4.255,4.261,4.235,3747480.1,880300,2017-03-06 00:00:00,2017-03-06 23:59:59,CBOM
4.256,4.223,4.27,4.215,8249044.9,1949400,2017-03-07 00:00:00,2017-03-07 23:59:59,CBOM
4.235,4.207,4.263,4.203,7802814.4,1847200,2017-03-09 00:00:00,2017-03-09 23:59:59,CBOM
4.214,4.215,4.23,4.198,572207202.5,135563600,2017-03-10 00:00:00,2017-03-10 23:59:59,CBOM
4.224,4.246,4.26,4.21,135462684.0,31909500,2017-03-13 00:00:00,2017-03-13 23:59:59,CBOM
4.255,4.24,4.265,4.24,5001390.2,1176500,2017-03-14 00:00:00,2017-03-14 23:59:59,CBOM
4.249,4.279,4.279,4.24,13534343.8,3177000,2017-03-15 00:00:00,2017-03-15 23:59:59,CBOM
4.288,4.32,4.322,4.02,29205306.5,6836100,2017-03-16 00:00:00,2017-03-16 23:59:59,CBOM
4.323,4.395,4.395,4.322,13436812.1,3091100,2017-03-17 00:00:00,2017-03-17 23:59:59,CBOM
4.387,4.368,4.405,4.341,8267504.5,1894200,2017-03-20 00:00:00,2017-03-20 23:59:59,CBOM
4.377,4.355,4.393,4.331,8974402.9,2063800,2017-03-21 00:00:00,2017-03-21 23:59:59,CBOM
4.347,4.294,4.353,4.294,7762048.9,1797800,2017-03-22 00:00:00,2017-03-22 23:59:59,CBOM
4.302,4.261,4.32,4.261,6101629.8,1421500,2017-03-23 00:00:00,2017-03-23 23:59:59,CBOM
4.295,4.248,4.295,4.248,8000468.5,1872300,2017-03-24 00:00:00,2017-03-24 23:59:59,CBOM
4.256,4.242,4.28,4.225,7348492.8,1728200,2017-03-27 00:00:00,2017-03-27 23:59:59,CBOM
4.254,4.277,4.277,4.24,7539288.9,1769800,2017-03-28 00:00:00,2017-03-28 23:59:59,CBOM
4.284,4.325,4.325,4.275,11596143.7,2703700,2017-03-29 00:00:00,2017-03-29 23:59:59,CBOM
4.286,4.35,4.355,4.286,14661438.1,3392800,2017-03-30 00:00:00,2017-03-30 23:59:59,CBOM
4.335,4.39,4.39,4.31,15803922.2,3618500,2017-03-31 00:00:00,2017-03-31 23:59:59,CBOM
4.399,4.4,4.41,4.336,7146024.5,1637200,2017-04-03 00:00:00,2017-04-03 23:59:59,CBOM
4.371,4.405,4.42,4.36,10875442.5,2482700,2017-04-04 00:00:00,2017-04-04 23:59:59,CBOM
4.365,4.44,4.446,4.364,9227362.0,2084600,2017-04-05 00:00:00,2017-04-05 23:59:59,CBOM
4.446,4.428,4.461,4.42,8045811.3,1810200,2017-04-06 00:00:00,2017-04-06 23:59:59,CBOM
4.43,4.365,4.43,4.365,9851154.3,2233500,2017-04-07 00:00:00,2017-04-07 23:59:59,CBOM
4.398,4.349,4.4,4.323,7509787.0,1721500,2017-04-10 00:00:00,2017-04-10 23:59:59,CBOM
4.375,4.358,4.395,4.351,6687891.9,1528300,2017-04-11 00:00:00,2017-04-11 23:59:59,CBOM
4.4,4.339,4.409,4.339,8072087.0,1848000,2017-04-12 00:00:00,2017-04-12 23:59:59,CBOM
4.373,4.35,4.396,4.325,9038705.7,2070400,2017-04-13 00:00:00,2017-04-13 23:59:59,CBOM
4.349,4.331,4.39,4.331,19180993.4,4403200,2017-04-14 00:00:00,2017-04-14 23:59:59,CBOM
4.367,4.358,4.376,4.33,11189822.3,2568600,2017-04-17 00:00:00,2017-04-17 23:59:59,CBOM
4.397,4.34,4.398,4.335,8367378.1,1919700,2017-04-18 00:00:00,2017-04-18 23:59:59,CBOM
4.351,4.387,4.39,4.35,8007993.1,1826800,2017-04-19 00:00:00,2017-04-19 23:59:59,CBOM
4.366,4.386,4.387,4.35,9754618.9,2230600,2017-04-20 00:00:00,2017-04-20 23:59:59,CBOM
4.379,4.35,4.387,4.35,12952585.5,2960300,2017-04-21 00:00:00,2017-04-21 23:59:59,CBOM
4.342,4.402,4.402,4.34,13904737.4,3177800,2017-04-24 00:00:00,2017-04-24 23:59:59,CBOM
4.402,4.43,4.441,4.366,30594425.6,6950800,2017-04-25 00:00:00,2017-04-25 23:59:59,CBOM
4.431,4.441,4.445,4.4,21859725.8,4946800,2017-04-26 00:00:00,2017-04-26 23:59:59,CBOM
4.438,4.435,4.449,4.407,12155927.8,2744100,2017-04-27 00:00:00,2017-04-27 23:59:59,CBOM
4.43,4.414,4.455,4.41,14845374.7,3351600,2017-04-28 00:00:00,2017-04-28 23:59:59,CBOM
4.42,4.42,4.461,4.41,18468169.9,4170700,2017-05-02 00:00:00,2017-05-02 23:59:59,CBOM
4.398,4.419,4.45,4.398,17166688.7,3878100,2017-05-03 00:00:00,2017-05-03 23:59:59,CBOM
4.405,4.423,4.449,4.405,13424390.1,3028800,2017-05-04 00:00:00,2017-05-04 23:59:59,CBOM
4.438,4.415,4.44,4.415,18019628.1,4072400,2017-05-05 00:00:00,2017-05-05 23:59:59,CBOM
4.449,4.421,4.449,4.42,14135226.9,3194200,2017-05-10 00:00:00,2017-05-10 23:59:59,CBOM
4.459,4.417,4.459,4.41,14064246.3,3179200,2017-05-11 00:00:00,2017-05-11 23:59:59,CBOM
4.416,4.422,4.455,4.415,26761916.6,6042600,2017-05-12 00:00:00,2017-05-12 23:59:59,CBOM
4.411,4.43,4.476,4.411,20600578.2,4634000,2017-05-15 00:00:00,2017-05-15 23:59:59,CBOM
4.411,4.431,4.467,4.411,30206967.6,6791800,2017-05-16 00:00:00,2017-05-16 23:59:59,CBOM
4.411,4.445,4.493,4.411,64101865.7,14346800,2017-05-17 00:00:00,2017-05-17 23:59:59,CBOM
4.44,4.447,4.48,4.427,55466839.9,12425700,2017-05-18 00:00:00,2017-05-18 23:59:59,CBOM
4.425,4.432,4.455,4.425,50445581.7,11353000,2017-05-19 00:00:00,2017-05-19 23:59:59,CBOM
4.421,4.394,4.441,4.392,24055882.1,5432600,2017-05-22 00:00:00,2017-05-22 23:59:59,CBOM
4.391,4.4,4.4,4.38,15382756.4,3497300,2017-05-23 00:00:00,2017-05-23 23:59:59,CBOM
4.4,4.351,4.4,4.35,10278242.2,2340700,2017-05-24 00:00:00,2017-05-24 23:59:59,CBOM
4.29,4.345,4.39,4.29,14443203.9,3312700,2017-05-25 00:00:00,2017-05-25 23:59:59,CBOM
4.351,4.32,4.351,4.301,7236296.5,1673900,2017-05-26 00:00:00,2017-05-26 23:59:59,CBOM
4.321,4.325,4.36,4.31,7650700.5,1766000,2017-05-29 00:00:00,2017-05-29 23:59:59,CBOM
4.339,4.27,4.339,4.15,22228691.6,5213400,2017-05-30 00:00:00,2017-05-30 23:59:59,CBOM
4.276,4.24,4.281,4.24,18260981.5,4293600,2017-05-31 00:00:00,2017-05-31 23:59:59,CBOM
4.255,4.22,4.296,4.21,12397397.4,2925400,2017-06-01 00:00:00,2017-06-01 23:59:59,CBOM
4.254,4.23,4.255,4.18,19668546.6,4679100,2017-06-02 00:00:00,2017-06-02 23:59:59,CBOM
4.202,4.24,4.251,4.202,93462620.3,22041800,2017-06-05 00:00:00,2017-06-05 23:59:59,CBOM
4.25,4.24,4.256,4.221,108282220.1,25537600,2017-06-06 00:00:00,2017-06-06 23:59:59,CBOM
4.258,4.235,4.258,4.215,172046225.0,40579500,2017-06-07 00:00:00,2017-06-07 23:59:59,CBOM
4.215,4.235,4.268,4.214,163108445.0,38457500,2017-06-08 00:00:00,2017-06-08 23:59:59,CBOM
4.229,4.239,4.25,4.22,182152658.1,42960100,2017-06-09 00:00:00,2017-06-09 23:59:59,CBOM
4.238,4.239,4.257,4.228,61342274.7,14466300,2017-06-13 00:00:00,2017-06-13 23:59:59,CBOM
4.245,4.24,4.245,4.22,19844115.8,4682000,2017-06-14 00:00:00,2017-06-14 23:59:59,CBOM
4.23,4.237,4.249,4.18,62246803.4,14716100,2017-06-15 00:00:00,2017-06-15 23:59:59,CBOM
4.238,4.24,4.247,4.212,44156969.2,10417700,2017-06-16 00:00:00,2017-06-16 23:59:59,CBOM
4.265,4.259,4.31,4.255,42586659.3,9951100,2017-06-19 00:00:00,2017-06-19 23:59:59,CBOM
4.294,4.35,4.35,4.294,30208925.6,6984800,2017-06-20 00:00:00,2017-06-20 23:59:59,CBOM
4.36,4.38,4.4,4.329,33570272.7,7708100,2017-06-21 00:00:00,2017-06-21 23:59:59,CBOM
4.386,4.439,4.44,4.35,22227963.1,5058700,2017-06-22 00:00:00,2017-06-22 23:59:59,CBOM
4.44,4.435,4.461,4.4,8372885.9,1884900,2017-06-23 00:00:00,2017-06-23 23:59:59,CBOM
100.37,100.85,101.18,100.37,46892459.3,46501,2024-11-28 00:00:00,2024-11-28 23:59:59,RU000A10A6J1
100.86,100.96,101.07,100.51,50752630.5,50299,2024-11-29 00:00:00,2024-11-29 23:59:59,RU000A10A6J1
101.04,100.76,101.04,100.5,35720660.7,35478,2024-12-02 00:00:00,2024-12-02 23:59:59,RU000A10A6J1
100.8,100.64,100.94,100.5,102500069.2,101937,2024-12-03 00:00:00,2024-12-03 23:59:59,RU000A10A6J1
100.68,100.92,100.99,100.44,25671908.2,25515,2024-12-04 00:00:00,2024-12-04 23:59:59,RU000A10A6J1
100.9,100.72,100.97,100.5,24414476.7,24252,2024-12-05 00:00:00,2024-12-05 23:59:59,RU000A10A6J1
100.8,101.27,101.4,100.7,19526672.6,19339,2024-12-06 00:00:00,2024-12-06 23:59:59,RU000A10A6J1
101.68,101.21,101.68,100.62,16152166.6,15970,2024-12-09 00:00:00,2024-12-09 23:59:59,RU000A10A6J1
101.3,101.37,101.39,100.92,20938165.5,20673,2024-12-10 00:00:00,2024-12-10 23:59:59,RU000A10A6J1
101.35,101.03,101.35,100.76,12622245.1,12496,2024-12-11 00:00:00,2024-12-11 23:59:59,RU000A10A6J1
101.03,101.2,101.37,101.03,14763604.3,14582,2024-12-12 00:00:00,2024-12-12 23:59:59,RU000A10A6J1
101.25,101.26,101.34,101.15,14591040.5,14409,2024-12-13 00:00:00,2024-12-13 23:59:59,RU000A10A6J1
101.2,101.09,101.26,100.75,18009863.3,17820,2024-12-16 00:00:00,2024-12-16 23:59:59,RU000A10A6J1
101.0,100.98,101.26,100.78,15470047.4,15315,2024-12-17 00:00:00,2024-12-17 23:59:59,RU000A10A6J1
101.25,101.0,101.26,100.45,22386848.4,22208,2024-12-18 00:00:00,2024-12-18 23:59:59,RU000A10A6J1
101.22,101.21,101.46,100.55,12096206.1,11970,2024-12-19 00:00:00,2024-12-19 23:59:59,RU000A10A6J1
101.15,103.22,103.86,101.01,21699601.2,21160,2024-12-20 00:00:00,2024-12-20 23:59:59,RU000A10A6J1
103.22,105.89,106.0,102.3,20883000.7,19914,2024-12-23 00:00:00,2024-12-23 23:59:59,RU000A10A6J1
105.87,104.48,105.98,103.41,15540122.6,14912,2024-12-24 00:00:00,2024-12-24 23:59:59,RU000A10A6J1
104.48,104.1,104.97,103.89,16072248.1,15422,2024-12-25 00:00:00,2024-12-25 23:59:59,RU000A10A6J1
104.34,105.09,105.8,103.7,11117136.2,10608,2024-12-26 00:00:00,2024-12-26 23:59:59,RU000A10A6J1
105.1,106.39,106.49,104.72,10184816.7,9628,2024-12-27 00:00:00,2024-12-27 23:59:59,RU000A10A6J1
106.36,106.98,106.99,106.0,11212819.6,10502,2024-12-28 00:00:00,2024-12-28 23:59:59,RU000A10A6J1
106.94,108.1,109.9,106.33,7175963.7,6649,2024-12-30 00:00:00,2024-12-30 23:59:59,RU000A10A6J1
108.67,107.5,108.9,107.3,7858560.0,7289,2025-01-03 00:00:00,2025-01-03 23:59:59,RU000A10A6J1
108.39,108.13,108.42,107.31,4994316.6,4629,2025-01-06 00:00:00,2025-01-06 23:59:59,RU000A10A6J1
108.09,107.53,108.47,107.5,7810818.2,7232,2025-01-08 00:00:00,2025-01-08 23:59:59,RU000A10A6J1
107.53,107.02,108.09,106.51,6034006.5,5615,2025-01-09 00:00:00,2025-01-09 23:59:59,RU000A10A6J1
107.02,106.9,107.18,106.01,7129642.1,6672,2025-01-10 00:00:00,2025-01-10 23:59:59,RU000A10A6J1
107.02,106.89,107.27,104.6,8275699.8,7771,2025-01-13 00:00:00,2025-01-13 23:59:59,RU000A10A6J1
106.98,106.9,107.29,106.02,4690539.9,4389,2025-01-14 00:00:00,2025-01-14 23:59:59,RU000A10A6J1
106.91,106.85,107.58,106.61,6732793.7,6297,2025-01-15 00:00:00,2025-01-15 23:59:59,RU000A10A6J1
106.85,106.88,107.57,106.0,15389738.9,14409,2025-01-16 00:00:00,2025-01-16 23:59:59,RU000A10A6J1
107.18,106.9,107.23,106.12,3189118.3,2984,2025-01-17 00:00:00,2025-01-17 23:59:59,RU000A10A6J1
106.9,106.9,108.14,105.56,6433490.6,6030,2025-01-20 00:00:00,2025-01-20 23:59:59,RU000A10A6J1
107.0,106.89,107.49,106.6,4629853.4,4336,2025-01-21 00:00:00,2025-01-21 23:59:59,RU000A10A6J1
107.12,106.86,107.12,106.76,2805420.3,2625,2025-01-22 00:00:00,2025-01-22 23:59:59,RU000A10A6J1
107.02,106.87,107.22,106.01,7670255.2,7192,2025-01-23 00:00:00,2025-01-23 23:59:59,RU000A10A6J1
107.21,106.87,107.39,106.16,6259559.8,5870,2025-01-24 00:00:00,2025-01-24 23:59:59,RU000A10A6J1
107.0,106.88,107.11,105.0,13709538.4,12859,2025-01-27 00:00:00,2025-01-27 23:59:59,RU000A10A6J1
107.29,106.79,107.37,106.42,8202362.3,7692,2025-01-28 00:00:00,2025-01-28 23:59:59,RU000A10A6J1
106.97,106.76,106.97,106.38,8156642.8,7633,2025-01-29 00:00:00,2025-01-29 23:59:59,RU000A10A6J1
107.19,107.36,107.81,106.76,7641051.0,7142,2025-01-30 00:00:00,2025-01-30 23:59:59,RU000A10A6J1
107.36,107.01,107.99,106.8,4823412.4,4488,2025-01-31 00:00:00,2025-01-31 23:59:59,RU000A10A6J1
107.58,106.99,107.58,106.02,10438807.1,9762,2025-02-03 00:00:00,2025-02-03 23:59:59,RU000A10A6J1
107.37,107.23,107.79,106.71,4547289.8,4245,2025-02-04 00:00:00,2025-02-04 23:59:59,RU000A10A6J1
106.71,107.5,107.72,106.53,3227731.7,3003,2025-02-05 00:00:00,2025-02-05 23:59:59,RU000A10A6J1
107.5,107.4,107.52,107.22,4951047.1,4614,2025-02-06 00:00:00,2025-02-06 23:59:59,RU000A10A6J1
107.4,107.6,108.0,107.1,12165427.0,11312,2025-02-07 00:00:00,2025-02-07 23:59:59,RU000A10A6J1
107.61,107.7,108.49,105.52,7344617.5,6837,2025-02-10 00:00:00,2025-02-10 23:59:59,RU000A10A6J1
107.6,107.94,108.0,107.11,3485843.1,3234,2025-02-11 00:00:00,2025-02-11 23:59:59,RU000A10A6J1
107.95,108.21,108.25,107.62,2824029.2,2615,2025-02-12 00:00:00,2025-02-12 23:59:59,RU000A10A6J1
108.88,108.25,108.89,107.11,5430086.2,5015,2025-02-13 00:00:00,2025-02-13 23:59:59,RU000A10A6J1
108.85,108.05,108.85,107.15,5894399.1,5463,2025-02-14 00:00:00,2025-02-14 23:59:59,RU000A10A6J1
108.05,108.36,108.67,107.51,5865008.1,5422,2025-02-17 00:00:00,2025-02-17 23:59:59,RU000A10A6J1
108.5,108.69,108.69,107.65,3148138.8,2904,2025-02-18 00:00:00,2025-02-18 23:59:59,RU000A10A6J1
108.71,108.79,108.85,108.2,2045228.1,1882,2025-02-19 00:00:00,2025-02-19 23:59:59,RU000A10A6J1
108.88,108.42,109.0,108.02,4096824.8,3769,2025-02-20 00:00:00,2025-02-20 23:59:59,RU000A10A6J1
108.6,109.6,109.77,108.06,3911089.7,3582,2025-02-21 00:00:00,2025-02-21 23:59:59,RU000A10A6J1
109.55,109.0,109.9,108.5,2795840.8,2557,2025-02-24 00:00:00,2025-02-24 23:59:59,RU000A10A6J1
109.0,109.63,110.0,108.62,4485883.3,4093,2025-02-25 00:00:00,2025-02-25 23:59:59,RU000A10A6J1
109.94,109.58,110.0,109.52,5710854.9,5201,2025-02-26 00:00:00,2025-02-26 23:59:59,RU000A10A6J1
110.0,109.3,111.18,109.07,2646714.4,2414,2025-02-27 00:00:00,2025-02-27 23:59:59,RU000A10A6J1
109.3,109.53,110.99,109.16,2324853.3,2119,2025-02-28 00:00:00,2025-02-28 23:59:59,RU000A10A6J1
109.7,108.59,109.7,106.22,6179347.8,5705,2025-03-03 00:00:00,2025-03-03 23:59:59,RU000A10A6J1
108.59,108.52,110.0,107.31,6712147.4,6179,2025-03-04 00:00:00,2025-03-04 23:59:59,RU000A10A6J1
109.08,107.82,109.08,107.74,3940427.0,3640,2025-03-05 00:00:00,2025-03-05 23:59:59,RU000A10A6J1
108.32,108.79,110.0,107.82,4250387.4,3897,2025-03-06 00:00:00,2025-03-06 23:59:59,RU000A10A6J1
109.44,109.35,109.95,108.71,1617587.8,1483,2025-03-07 00:00:00,2025-03-07 23:59:59,RU000A10A6J1
109.14,108.79,109.26,108.44,4162148.0,3823,2025-03-10 00:00:00,2025-03-10 23:59:59,RU000A10A6J1
108.79,109.58,110.0,108.41,5549802.8,5081,2025-03-11 00:00:00,2025-03-11 23:59:59,RU000A10A6J1
109.8,109.71,110.0,108.99,1887816.6,1724,2025-03-12 00:00:00,2025-03-12 23:59:59,RU000A10A6J1
109.85,109.49,109.95,109.12,3402092.2,3106,2025-03-13 00:00:00,2025-03-13 23:59:59,RU000A10A6J1
109.89,109.99,109.99,109.16,3620160.2,3300,2025-03-14 00:00:00,2025-03-14 23:59:59,RU000A10A6J1
109.99,109.72,110.0,109.45,7723123.8,7039,2025-03-17 00:00:00,2025-03-17 23:59:59,RU000A10A6J1
110.0,109.99,110.0,109.07,2705048.8,2463,2025-03-18 00:00:00,2025-03-18 23:59:59,RU000A10A6J1
109.99,109.89,109.99,109.38,1737165.7,1581,2025-03-19 00:00:00,2025-03-19 23:59:59,RU000A10A6J1
109.89,109.28,109.95,108.16,3706431.0,3391,2025-03-20 00:00:00,2025-03-20 23:59:59,RU000A10A6J1
109.91,109.79,109.94,108.67,3761427.9,3437,2025-03-21 00:00:00,2025-03-21 23:59:59,RU000A10A6J1
109.79,109.62,109.99,108.51,1871582.7,1708,2025-03-24 00:00:00,2025-03-24 23:59:59,RU000A10A6J1
109.67,109.64,110.0,109.0,4524620.9,4121,2025-03-25 00:00:00,2025-03-25 23:59:59,RU000A10A6J1
109.63,109.58,110.0,108.45,5110155.6,4668,2025-03-26 00:00:00,2025-03-26 23:59:59,RU000A10A6J1
109.63,109.3,109.63,109.0,1662942.6,1523,2025-03-27 00:00:00,2025-03-27 23:59:59,RU000A10A6J1
109.3,109.25,109.56,108.05,2942835.1,2700,2025-03-28 00:00:00,2025-03-28 23:59:59,RU000A10A6J1
109.8,109.19,109.8,108.16,2221396.9,2037,2025-03-31 00:00:00,2025-03-31 23:59:59,RU000A10A6J1
109.19,109.79,109.98,108.78,4915981.3,4485,2025-04-01 00:00:00,2025-04-01 23:59:59,RU000A10A6J1
110.03,109.44,110.39,108.44,5806968.7,5312,2025-04-02 00:00:00,2025-04-02 23:59:59,RU000A10A6J1
109.17,109.32,109.64,108.91,1463166.3,1339,2025-04-03 00:00:00,2025-04-03 23:59:59,RU000A10A6J1
109.16,108.79,109.6,108.05,3751814.6,3441,2025-04-04 00:00:00,2025-04-04 23:59:59,RU000A10A6J1
108.74,106.98,108.74,104.01,10556168.4,9887,2025-04-07 00:00:00,2025-04-07 23:59:59,RU000A10A6J1
107.21,107.35,108.8,107.1,6711904.2,6239,2025-04-08 00:00:00,2025-04-08 23:59:59,RU000A10A6J1
108.67,107.17,108.67,106.32,3959003.1,3697,2025-04-09 00:00:00,2025-04-09 23:59:59,RU000A10A6J1
107.37,108.13,109.33,106.5,2467228.1,2279,2025-04-10 00:00:00,2025-04-10 23:59:59,RU000A10A6J1
107.92,108.5,108.55,107.59,1192849.9,1105,2025-04-11 00:00:00,2025-04-11 23:59:59,RU000A10A6J1
108.55,108.08,109.46,108.02,2985717.8,2752,2025-04-14 00:00:00,2025-04-14 23:59:59,RU000A10A6J1
108.08,107.47,108.69,107.45,2440194.5,2260,2025-04-15 00:00:00,2025-04-15 23:59:59,RU000A10A6J1
107.75,107.19,107.75,105.51,10179682.9,9545,2025-04-16 00:00:00,2025-04-16 23:59:59,RU000A10A6J1
107.19,107.41,107.89,106.56,3013750.3,2808,2025-04-17 00:00:00,2025-04-17 23:59:59,RU000A10A6J1
107.4,106.91,107.68,104.5,7342534.8,6920,2025-04-18 00:00:00,2025-04-18 23:59:59,RU000A10A6J1
106.36,106.85,106.92,105.55,4882396.4,4587,2025-04-21 00:00:00,2025-04-21 23:59:59,RU000A10A6J1
107.0,107.01,107.35,106.85,1299118.2,1213,2025-04-22 00:00:00,2025-04-22 23:59:59,RU000A10A6J1
106.96,106.94,107.38,105.71,5988765.1,5619,2025-04-23 00:00:00,2025-04-23 23:59:59,RU000A10A6J1
106.94,107.28,107.32,106.51,1785678.9,1669,2025-04-24 00:00:00,2025-04-24 23:59:59,RU000A10A6J1
106.98,107.4,108.3,106.3,3757606.6,3503,2025-04-25 00:00:00,2025-04-25 23:59:59,RU000A10A6J1
107.41,108.08,108.27,107.34,2716854.4,2522,2025-04-28 00:00:00,2025-04-28 23:59:59,RU000A10A6J1
108.13,107.87,108.32,107.66,2998692.5,2777,2025-04-29 00:00:00,2025-04-29 23:59:59,RU000A10A6J1
107.87,108.35,108.4,107.64,5215368.1,4823,2025-04-30 00:00:00,2025-04-30 23:59:59,RU000A10A6J1
109.23,108.59,109.4,108.13,2031106.4,1870,2025-05-02 00:00:00,2025-05-02 23:59:59,RU000A10A6J1
108.59,108.65,108.98,107.45,6471674.9,5968,2025-05-05 00:00:00,2025-05-05 23:59:59,RU000A10A6J1
108.75,109.5,109.88,108.31,3039546.7,2787,2025-05-06 00:00:00,2025-05-06 23:59:59,RU000A10A6J1
109.77,108.82,109.77,108.3,2203542.3,2023,2025-05-07 00:00:00,2025-05-07 23:59:59,RU000A10A6J1
108.82,108.88,109.43,108.36,1207276.2,1111,2025-05-08 00:00:00,2025-05-08 23:59:59,RU000A10A6J1
109.23,108.32,109.23,108.09,2491178.7,2296,2025-05-12 00:00:00,2025-05-12 23:59:59,RU000A10A6J1
108.55,108.33,108.55,107.9,1913300.8,1768,2025-05-13 00:00:00,2025-05-13 23:59:59,RU000A10A6J1
108.34,108.16,108.49,107.92,1770605.1,1637,2025-05-14 00:00:00,2025-05-14 23:59:59,RU000A10A6J1
108.15,108.4,108.4,108.01,4233409.2,3909,2025-05-15 00:00:00,2025-05-15 23:59:59,RU000A10A6J1
108.45,108.38,108.51,107.93,1057897.8,977,2025-05-16 00:00:00,2025-05-16 23:59:59,RU000A10A6J1
108.02,108.39,108.39,107.93,1672535.2,1546,2025-05-19 00:00:00,2025-05-19 23:59:59,RU000A10A6J1
108.33,108.3,108.4,107.94,14735244.1,13598,2025-05-20 00:00:00,2025-05-20 23:59:59,RU000A10A6J1
108.3,108.4,108.86,108.01,614446.2,567,2025-05-21 00:00:00,2025-05-21 23:59:59,RU000A10A6J1
108.31,107.58,109.45,106.9,9161000.5,8542,2025-05-22 00:00:00,2025-05-22 23:59:59,RU000A10A6J1
107.58,106.77,107.59,106.65,3762391.3,3518,2025-05-23 00:00:00,2025-05-23 23:59:59,RU000A10A6J1
107.07,108.14,108.14,106.36,7900113.2,7375,2025-05-26 00:00:00,2025-05-26 23:59:59,RU000A10A6J1
108.08,107.85,108.08,107.0,2184560.1,2030,2025-05-27 00:00:00,2025-05-27 23:59:59,RU000A10A6J1
107.5,107.72,107.95,106.81,968576.3,900,2025-05-28 00:00:00,2025-05-28 23:59:59,RU000A10A6J1
107.7,107.46,108.2,106.39,5172875.0,4816,2025-05-29 00:00:00,2025-05-29 23:59:59,RU000A10A6J1
107.6,108.1,108.1,107.0,3096652.5,2872,2025-05-30 00:00:00,2025-05-30 23:59:59,RU000A10A6J1
108.1,108.6,109.0,107.95,3493701.5,3218,2025-06-02 00:00:00,2025-06-02 23:59:59,RU000A10A6J1
108.16,108.65,108.69,108.14,2320085.7,2139,2025-06-03 00:00:00,2025-06-03 23:59:59,RU000A10A6J1
108.7,108.75,108.75,108.22,2576808.0,2370,2025-06-04 00:00:00,2025-06-04 23:59:59,RU000A10A6J1
108.75,109.18,109.5,108.72,3918981.2,3590,2025-06-05 00:00:00,2025-06-05 23:59:59,RU000A10A6J1
109.2,109.25,109.8,108.67,2125459.1,1945,2025-06-06 00:00:00,2025-06-06 23:59:59,RU000A10A6J1
109.81,109.15,109.94,108.67,2436156.7,2235,2025-06-09 00:00:00,2025-06-09 23:59:59,RU000A10A6J1
109.2,108.41,109.28,108.13,2946102.1,2711,2025-06-10 00:00:00,2025-06-10 23:59:59,RU000A10A6J1
108.9,108.6,108.99,108.36,3758317.0,3461,2025-06-11 00:00:00,2025-06-11 23:59:59,RU000A10A6J1
108.6,108.44,109.0,108.06,1587289.5,1463,2025-06-13 00:00:00,2025-06-13 23:59:59,RU000A10A6J1
108.59,108.4,108.6,108.29,2584127.2,2383,2025-06-16 00:00:00,2025-06-16 23:59:59,RU000A10A6J1
108.4,108.6,108.6,108.11,3368511.3,3105,2025-06-17 00:00:00,2025-06-17 23:59:59,RU000A10A6J1
108.51,108.43,108.7,108.21,2115451.1,1949,2025-06-18 00:00:00,2025-06-18 23:59:59,RU000A10A6J1
108.75,108.53,109.0,108.16,2191566.2,2019,2025-06-19 00:00:00,2025-06-19 23:59:59,RU000A10A6J1
108.85,108.6,109.05,108.33,1532865.7,1412,2025-06-20 00:00:00,2025-06-20 23:59:59,RU000A10A6J1
108.53,108.56,108.89,108.17,2313742.0,2134,2025-06-23 00:00:00,2025-06-23 23:59:59,RU000A10A6J1
108.87,108.91,109.0,108.24,2174393.0,2001,2025-06-24 00:00:00,2025-06-24 23:59:59,RU000A10A6J1
108.91,108.85,109.0,108.53,3897388.4,3578,2025-06-25 00:00:00,2025-06-25 23:59:59,RU000A10A6J1
109.04,108.87,109.04,107.46,2236036.5,2060,2025-06-26 00:00:00,2025-06-26 23:59:59,RU000A10A6J1
108.9,108.89,108.9,108.41,1277758.3,1175,2025-06-27 00:00:00,2025-06-27 23:59:59,RU000A10A6J1
108.89,108.88,109.0,108.53,3482543.2,3199,2025-06-30 00:00:00,2025-06-30 23:59:59,RU000A10A6J1
108.89,108.99,109.0,108.0,3556732.4,3268,2025-07-01 00:00:00,2025-07-01 23:59:59,RU000A10A6J1
108.99,108.7,109.3,108.21,2261287.1,2079,2025-07-02 00:00:00,2025-07-02 23:59:59,RU000A10A6J1
108.7,109.0,109.0,108.7,3598029.9,3303,2025-07-03 00:00:00,2025-07-03 23:59:59,RU000A10A6J1
109.0,108.73,109.04,108.64,6819015.9,6259,2025-07-04 00:00:00,2025-07-04 23:59:59,RU000A10A6J1
109.04,108.67,109.05,108.07,3516316.1,3236,2025-07-07 00:00:00,2025-07-07 23:59:59,RU000A10A6J1
108.42,108.99,109.0,108.42,3826784.2,3513,2025-07-08 00:00:00,2025-07-08 23:59:59,RU000A10A6J1
108.84,108.5,109.0,108.33,2726464.4,2511,2025-07-09 00:00:00,2025-07-09 23:59:59,RU000A10A6J1
108.5,108.0,108.57,106.2,9781132.4,9090,2025-07-10 00:00:00,2025-07-10 23:59:59,RU000A10A6J1
108.07,108.34,108.5,107.8,2693845.9,2489,2025-07-11 00:00:00,2025-07-11 23:59:59,RU000A10A6J1
108.5,108.49,108.5,107.53,3578862.1,3305,2025-07-14 00:00:00,2025-07-14 23:59:59,RU000A10A6J1
108.55,108.5,108.57,108.2,4604155.9,4244,2025-07-15 00:00:00,2025-07-15 23:59:59,RU000A10A6J1
108.5,108.8,108.9,108.4,2423980.6,2232,2025-07-16 00:00:00,2025-07-16 23:59:59,RU000A10A6J1
108.89,109.45,109.98,108.5,4715329.4,4322,2025-07-17 00:00:00,2025-07-17 23:59:59,RU000A10A6J1
109.43,109.82,110.01,109.11,5894174.8,5375,2025-07-18 00:00:00,2025-07-18 23:59:59,RU000A10A6J1
109.77,109.83,109.83,108.51,6726497.4,6136,2025-07-21 00:00:00,2025-07-21 23:59:59,RU000A10A6J1
109.8,109.92,110.0,109.33,2088468.5,1901,2025-07-22 00:00:00,2025-07-22 23:59:59,RU000A10A6J1
110.02,109.35,110.05,109.35,7418092.0,6749,2025-07-23 00:00:00,2025-07-23 23:59:59,RU000A10A6J1
109.91,109.97,110.0,109.35,1299452.3,1183,2025-07-24 00:00:00,2025-07-24 23:59:59,RU000A10A6J1
109.9,110.0,110.05,109.76,10045495.5,9133,2025-07-25 00:00:00,2025-07-25 23:59:59,RU000A10A6J1
110.0,109.5,110.4,108.74,2624821.8,2396,2025-07-28 00:00:00,2025-07-28 23:59:59,RU000A10A6J1
109.5,110.0,110.0,109.08,4401158.7,4010,2025-07-29 00:00:00,2025-07-29 23:59:59,RU000A10A6J1
109.9,109.8,110.0,109.5,4773501.1,4344,2025-07-30 00:00:00,2025-07-30 23:59:59,RU000A10A6J1
109.8,109.95,109.95,108.83,2786290.3,2541,2025-07-31 00:00:00,2025-07-31 23:59:59,RU000A10A6J1
109.99,109.97,110.15,109.58,2634554.1,2396,2025-08-01 00:00:00,2025-08-01 23:59:59,RU000A10A6J1
109.98,109.95,111.05,109.83,2947563.3,2679,2025-08-04 00:00:00,2025-08-04 23:59:59,RU000A10A6J1
110.2,109.94,110.22,109.7,8997188.8,8181,2025-08-05 00:00:00,2025-08-05 23:59:59,RU000A10A6J1
109.9,109.99,110.0,109.85,2194460.5,1996,2025-08-06 00:00:00,2025-08-06 23:59:59,RU000A10A6J1
110.09,110.0,110.1,109.81,1731588.0,1575,2025-08-07 00:00:00,2025-08-07 23:59:59,RU000A10A6J1
109.82,109.97,110.0,109.78,2663046.0,2422,2025-08-08 00:00:00,2025-08-08 23:59:59,RU000A10A6J1
110.08,109.8,110.08,109.67,3590165.2,3266,2025-08-11 00:00:00,2025-08-11 23:59:59,RU000A10A6J1
109.97,109.75,109.97,109.49,1631561.6,1487,2025-08-12 00:00:00,2025-08-12 23:59:59,RU000A10A6J1
109.75,109.95,109.97,109.54,1797415.7,1637,2025-08-13 00:00:00,2025-08-13 23:59:59,RU000A10A6J1
109.9,110.0,110.0,109.43,2013363.4,1832,2025-08-14 00:00:00,2025-08-14 23:59:59,RU000A10A6J1
110.05,109.9,110.15,109.52,1912187.1,1741,2025-08-15 00:00:00,2025-08-15 23:59:59,RU000A10A6J1
109.96,110.0,110.25,109.8,3414800.1,3105,2025-08-18 00:00:00,2025-08-18 23:59:59,RU000A10A6J1
110.22,109.99,110.3,109.9,2314246.5,2104,2025-08-19 00:00:00,2025-08-19 23:59:59,RU000A10A6J1
110.13,110.0,110.19,109.8,1329641.4,1209,2025-08-20 00:00:00,2025-08-20 23:59:59,RU000A10A6J1
110.16,109.77,110.17,109.56,1656375.0,1508,2025-08-21 00:00:00,2025-08-21 23:59:59,RU000A10A6J1
109.93,109.76,109.93,109.44,779808.6,711,2025-08-22 00:00:00,2025-08-22 23:59:59,RU000A10A6J1
109.64,109.81,110.0,109.03,4698597.9,4283,2025-08-25 00:00:00,2025-08-25 23:59:59,RU000A10A6J1
109.81,109.93,110.09,109.78,1247526.2,1135,2025-08-26 00:00:00,2025-08-26 23:59:59,RU000A10A6J1
110.0,109.86,110.0,109.8,3422215.9,3112,2025-08-27 00:00:00,2025-08-27 23:59:59,RU000A10A6J1
109.64,109.97,110.0,109.57,1448785.3,1318,2025-08-28 00:00:00,2025-08-28 23:59:59,RU000A10A6J1
109.98,109.88,110.0,109.75,1638467.3,1491,2025-08-29 00:00:00,2025-08-29 23:59:59,RU000A10A6J1
109.96,110.0,110.09,109.12,2706189.6,2462,2025-09-01 00:00:00,2025-09-01 23:59:59,RU000A10A6J1
110.0,109.94,110.99,109.6,2193056.9,1993,2025-09-02 00:00:00,2025-09-02 23:59:59,RU000A10A6J1
109.62,109.77,110.0,109.6,3707095.3,3371,2025-09-03 00:00:00,2025-09-03 23:59:59,RU000A10A6J1
109.82,109.4,109.96,108.54,2469560.9,2253,2025-09-04 00:00:00,2025-09-04 23:59:59,RU000A10A6J1
109.65,109.37,109.65,109.01,2933977.8,2684,2025-09-05 00:00:00,2025-09-05 23:59:59,RU000A10A6J1
109.36,109.48,109.48,108.5,8296763.5,7604,2025-09-08 00:00:00,2025-09-08 23:59:59,RU000A10A6J1
109.48,109.24,109.48,108.84,2559779.1,2343,2025-09-09 00:00:00,2025-09-09 23:59:59,RU000A10A6J1
109.45,109.13,109.45,108.5,3748359.3,3440,2025-09-10 00:00:00,2025-09-10 23:59:59,RU000A10A6J1
109.41,108.84,109.41,108.21,3468858.7,3193,2025-09-11 00:00:00,2025-09-11 23:59:59,RU000A10A6J1
108.8,109.5,109.6,108.75,4666766.7,4274,2025-09-12 00:00:00,2025-09-12 23:59:59,RU000A10A6J1
109.5,108.85,109.7,108.15,7483982.9,6898,2025-09-15 00:00:00,2025-09-15 23:59:59,RU000A10A6J1
108.89,108.73,108.89,108.27,2179809.3,2007,2025-09-16 00:00:00,2025-09-16 23:59:59,RU000A10A6J1
108.84,108.42,108.84,107.83,2292012.8,2115,2025-09-17 00:00:00,2025-09-17 23:59:59,RU000A10A6J1
108.39,108.3,108.39,108.0,1840061.4,1701,2025-09-18 00:00:00,2025-09-18 23:59:59,RU000A10A6J1
108.28,108.37,108.97,108.0,3994690.5,3685,2025-09-19 00:00:00,2025-09-19 23:59:59,RU000A10A6J1
108.02,108.36,109.0,108.02,5087154.5,4694,2025-09-22 00:00:00,2025-09-22 23:59:59,RU000A10A6J1
108.36,108.34,108.59,108.2,2541421.7,2346,2025-09-23 00:00:00,2025-09-23 23:59:59,RU000A10A6J1
108.34,108.45,108.5,108.0,5505566.7,5088,2025-09-24 00:00:00,2025-09-24 23:59:59,RU000A10A6J1
108.6,108.35,108.6,107.69,1882792.7,1739,2025-09-25 00:00:00,2025-09-25 23:59:59,RU000A10A6J1
108.35,108.92,108.92,107.93,3541075.3,3264,2025-09-26 00:00:00,2025-09-26 23:59:59,RU000A10A6J1
108.92,108.51,109.6,108.0,3646964.6,3356,2025-09-29 00:00:00,2025-09-29 23:59:59,RU000A10A6J1
108.67,108.87,109.29,108.53,2003102.1,1840,2025-09-30 00:00:00,2025-09-30 23:59:59,RU000A10A6J1
109.15,108.95,109.44,108.43,3868833.6,3542,2025-10-01 00:00:00,2025-10-01 23:59:59,RU000A10A6J1
108.7,109.34,109.54,108.7,865374.6,791,2025-10-02 00:00:00,2025-10-02 23:59:59,RU000A10A6J1
109.39,108.0,109.59,107.61,7513865.0,6952,2025-10-03 00:00:00,2025-10-03 23:59:59,RU000A10A6J1
107.74,107.1,108.04,107.03,5293345.2,4925,2025-10-06 00:00:00,2025-10-06 23:59:59,RU000A10A6J1
107.11,107.2,107.68,106.41,7384515.5,6907,2025-10-07 00:00:00,2025-10-07 23:59:59,RU000A10A6J1
107.18,106.38,107.18,103.22,7172247.2,6764,2025-10-08 00:00:00,2025-10-08 23:59:59,RU000A10A6J1
106.61,106.4,106.61,105.87,3929661.9,3697,2025-10-09 00:00:00,2025-10-09 23:59:59,RU000A10A6J1
105.98,106.69,107.15,105.93,4282387.2,4026,2025-10-10 00:00:00,2025-10-10 23:59:59,RU000A10A6J1
106.69,106.6,106.76,106.15,2832945.4,2661,2025-10-13 00:00:00,2025-10-13 23:59:59,RU000A10A6J1
106.64,106.42,107.5,106.1,6105998.5,5721,2025-10-14 00:00:00,2025-10-14 23:59:59,RU000A10A6J1
106.11,106.88,107.7,105.81,3573926.2,3346,2025-10-15 00:00:00,2025-10-15 23:59:59,RU000A10A6J1
106.9,107.24,107.65,106.75,2218137.4,2069,2025-10-16 00:00:00,2025-10-16 23:59:59,RU000A10A6J1
107.55,107.35,107.68,106.76,2026769.6,1890,2025-10-17 00:00:00,2025-10-17 23:59:59,RU000A10A6J1
107.18,106.99,107.66,106.75,4627535.1,4319,2025-10-20 00:00:00,2025-10-20 23:59:59,RU000A10A6J1
106.99,106.99,107.0,106.01,1970842.6,1846,2025-10-21 00:00:00,2025-10-21 23:59:59,RU000A10A6J1
107.26,106.93,107.27,106.54,2120934.8,1983,2025-10-22 00:00:00,2025-10-22 23:59:59,RU000A10A6J1
106.97,106.95,109.18,106.54,10378772.7,9703,2025-10-23 00:00:00,2025-10-23 23:59:59,RU000A10A6J1
107.0,106.91,107.15,106.6,5095366.4,4768,2025-10-24 00:00:00,2025-10-24 23:59:59,RU000A10A6J1
106.79,106.33,106.97,106.07,4344565.9,4076,2025-10-27 00:00:00,2025-10-27 23:59:59,RU000A10A6J1
106.83,106.97,106.99,106.54,1508451.4,1412,2025-10-28 00:00:00,2025-10-28 23:59:59,RU000A10A6J1
107.41,106.86,107.41,106.7,1148120.3,1074,2025-10-29 00:00:00,2025-10-29 23:59:59,RU000A10A6J1
107.67,106.96,107.67,106.87,1390635.9,1300,2025-10-30 00:00:00,2025-10-30 23:59:59,RU000A10A6J1
106.92,107.27,107.47,106.7,1659073.7,1547,2025-10-31 00:00:00,2025-10-31 23:59:59,RU000A10A6J1
107.25,107.26,107.27,107.0,1129736.7,1054,2025-11-01 00:00:00,2025-11-01 23:59:59,RU000A10A6J1
107.43,108.45,108.56,106.66,1096293.4,1019,2025-11-03 00:00:00,2025-11-03 23:59:59,RU000A10A6J1
107.99,107.42,107.99,106.47,4747175.4,4422,2025-11-05 00:00:00,2025-11-05 23:59:59,RU000A10A6J1
107.73,107.08,108.68,106.65,3414919.3,3187,2025-11-06 00:00:00,2025-11-06 23:59:59,RU000A10A6J1
106.81,106.7,107.08,106.69,3170434.7,2969,2025-11-07 00:00:00,2025-11-07 23:59:59,RU000A10A6J1
106.7,106.59,106.95,106.36,2850696.4,2675,2025-11-10 00:00:00,2025-11-10 23:59:59,RU000A10A6J1
106.58,106.4,106.68,106.23,3013360.9,2832,2025-11-11 00:00:00,2025-11-11 23:59:59,RU000A10A6J1
106.41,106.25,106.42,106.15,4109345.1,3866,2025-11-12 00:00:00,2025-11-12 23:59:59,RU000A10A6J1
106.62,106.78,106.86,106.3,5024858.1,4712,2025-11-13 00:00:00,2025-11-13 23:59:59,RU000A10A6J1
106.77,106.59,107.0,106.55,6198062.4,5802,2025-11-14 00:00:00,2025-11-14 23:59:59,RU000A10A6J1
106.59,106.54,107.0,106.34,4866587.2,4565,2025-11-17 00:00:00,2025-11-17 23:59:59,RU000A10A6J1
106.86,106.75,106.86,106.36,2732396.9,2563,2025-11-18 00:00:00,2025-11-18 23:59:59,RU000A10A6J1
106.74,106.94,107.0,106.42,3302469.7,3093,2025-11-19 00:00:00,2025-11-19 23:59:59,RU000A10A6J1
106.68,106.92,107.31,106.53,3529784.2,3304,2025-11-20 00:00:00,2025-11-20 23:59:59,RU000A10A6J1
106.9,106.87,107.0,106.4,2533633.9,2373,2025-11-21 00:00:00,2025-11-21 23:59:59,RU000A10A6J1
106.8,106.77,106.8,106.4,2895916.2,2717,2025-11-24 00:00:00,2025-11-24 23:59:59,RU000A10A6J1
106.72,106.5,106.8,106.41,3350781.2,3146,2025-11-25 00:00:00,2025-11-25 23:59:59,RU000A10A6J1
106.67,106.5,106.67,106.39,1639746.6,1540,2025-11-26 00:00:00,2025-11-26 23:59:59,RU000A10A6J1
106.59,106.47,106.61,106.22,2198829.2,2065,2025-11-27 00:00:00,2025-11-27 23:59:59,RU000A10A6J1
106.63,106.17,106.63,106.13,2431072.1,2287,2025-11-28 00:00:00,2025-11-28 23:59:59,RU000A10A6J1
106.48,106.45,106.48,106.0,2925018.0,2754,2025-12-01 00:00:00,2025-12-01 23:59:59,RU000A10A6J1
106.44,106.38,106.47,106.23,1367460.1,1285,2025-12-02 00:00:00,2025-12-02 23:59:59,RU000A10A6J1
106.4,106.01,106.5,105.22,3285679.2,3099,2025-12-03 00:00:00,2025-12-03 23:59:59,RU000A10A6J1
106.06,106.19,106.43,106.06,1691273.9,1592,2025-12-04 00:00:00,2025-12-04 23:59:59,RU000A10A6J1
106.21,105.59,106.23,105.0,10919851.1,10347,2025-12-05 00:00:00,2025-12-05 23:59:59,RU000A10A6J1
105.41,105.46,105.61,105.03,8805591.2,8361,2025-12-08 00:00:00,2025-12-08 23:59:59,RU000A10A6J1
105.46,105.45,105.86,105.11,3438319.3,3262,2025-12-09 00:00:00,2025-12-09 23:59:59,RU000A10A6J1
105.45,105.46,105.81,105.26,6823606.2,6463,2025-12-10 00:00:00,2025-12-10 23:59:59,RU000A10A6J1
105.5,105.92,105.95,105.01,3673543.3,3479,2025-12-11 00:00:00,2025-12-11 23:59:59,RU000A10A6J1
106.05,105.8,106.05,105.5,1734891.3,1639,2025-12-12 00:00:00,2025-12-12 23:59:59,RU000A10A6J1
105.84,105.55,105.95,105.16,3285003.9,3108,2025-12-15 00:00:00,2025-12-15 23:59:59,RU000A10A6J1
105.7,105.22,105.75,104.14,8257107.7,7866,2025-12-16 00:00:00,2025-12-16 23:59:59,RU000A10A6J1
105.12,104.86,105.4,104.11,8538161.9,8146,2025-12-17 00:00:00,2025-12-17 23:59:59,RU000A10A6J1
104.92,105.24,105.28,104.87,3367253.0,3205,2025-12-18 00:00:00,2025-12-18 23:59:59,RU000A10A6J1
105.35,105.32,105.4,105.06,25616726.9,24313,2025-12-19 00:00:00,2025-12-19 23:59:59,RU000A10A6J1
105.47,105.1,105.47,104.5,4188743.9,3986,2025-12-22 00:00:00,2025-12-22 23:59:59,RU000A10A6J1
104.99,105.0,105.2,104.79,6059473.4,5770,2025-12-23 00:00:00,2025-12-23 23:59:59,RU000A10A6J1
105.02,105.19,105.2,104.42,2771004.6,2643,2025-12-24 00:00:00,2025-12-24 23:59:59,RU000A10A6J1
104.87,105.17,105.24,104.73,3451958.2,3287,2025-12-25 00:00:00,2025-12-25 23:59:59,RU000A10A6J1
105.17,105.15,105.37,104.71,5414201.2,5151,2025-12-26 00:00:00,2025-12-26 23:59:59,RU000A10A6J1
105.16,105.39,105.42,105.14,6578873.2,6247,2025-12-29 00:00:00,2025-12-29 23:59:59,RU000A10A6J1
105.4,105.38,105.9,105.09,7846366.9,7448,2025-12-30 00:00:00,2025-12-30 23:59:59,RU000A10A6J1
105.38,105.4,105.8,104.3,3786963.9,3598,2026-01-05 00:00:00,2026-01-05 23:59:59,RU000A10A6J1
105.79,105.85,105.98,105.37,2466426.5,2331,2026-01-06 00:00:00,2026-01-06 23:59:59,RU000A10A6J1
105.97,105.72,105.97,105.43,1032788.2,976,2026-01-08 00:00:00,2026-01-08 23:59:59,RU000A10A6J1
105.72,105.65,105.98,105.28,654344.7,619,2026-01-09 00:00:00,2026-01-09 23:59:59,RU000A10A6J1
105.11,105.0,105.4,104.77,9556229.4,9105,2026-01-12 00:00:00,2026-01-12 23:59:59,RU000A10A6J1
105.24,104.62,105.24,104.5,17559423.2,16778,2026-01-13 00:00:00,2026-01-13 23:59:59,RU000A10A6J1
105.01,105.02,105.2,104.51,3191473.8,3043,2026-01-14 00:00:00,2026-01-14 23:59:59,RU000A10A6J1
105.13,104.5,105.13,104.5,2840938.8,2715,2026-01-15 00:00:00,2026-01-15 23:59:59,RU000A10A6J1
104.89,104.77,104.92,104.52,7386775.7,7056,2026-01-16 00:00:00,2026-01-16 23:59:59,RU000A10A6J1
104.01,104.48,104.77,102.68,13167336.7,12647,2026-01-19 00:00:00,2026-01-19 23:59:59,RU000A10A6J1
104.46,104.48,104.48,103.71,5052738.8,4841,2026-01-20 00:00:00,2026-01-20 23:59:59,RU000A10A6J1
104.48,104.55,104.59,104.2,12051875.2,11545,2026-01-21 00:00:00,2026-01-21 23:59:59,RU000A10A6J1
104.42,104.67,104.67,104.0,34937184.3,33558,2026-01-22 00:00:00,2026-01-22 23:59:59,RU000A10A6J1
104.68,104.51,104.75,104.11,4414642.9,4226,2026-01-23 00:00:00,2026-01-23 23:59:59,RU000A10A6J1
104.39,104.39,104.83,103.81,8725455.6,8375,2026-01-26 00:00:00,2026-01-26 23:59:59,RU000A10A6J1
104.39,104.44,104.47,104.12,3224917.8,3091,2026-01-27 00:00:00,2026-01-27 23:59:59,RU000A10A6J1
104.41,104.17,104.44,103.71,3650272.5,3502,2026-01-28 00:00:00,2026-01-28 23:59:59,RU000A10A6J1
104.06,104.08,104.38,104.06,1876658.7,1801,2026-01-29 00:00:00,2026-01-29 23:59:59,RU000A10A6J1
104.03,104.37,104.5,104.03,3515886.3,3373,2026-01-30 00:00:00,2026-01-30 23:59:59,RU000A10A6J1
104.35,104.32,104.39,104.11,4810516.2,4612,2026-02-02 00:00:00,2026-02-02 23:59:59,RU000A10A6J1
104.22,104.3,104.37,104.22,4551708.8,4364,2026-02-03 00:00:00,2026-02-03 23:59:59,RU000A10A6J1
104.34,104.35,104.35,103.7,5395867.6,5178,2026-02-04 00:00:00,2026-02-04 23:59:59,RU000A10A6J1
104.15,104.11,104.33,103.9,5851399.6,5624,2026-02-05 00:00:00,2026-02-05 23:59:59,RU000A10A6J1
104.1,104.04,104.19,103.7,6826218.5,6570,2026-02-06 00:00:00,2026-02-06 23:59:59,RU000A10A6J1
104.08,104.01,104.19,103.75,2979061.0,2864,2026-02-09 00:00:00,2026-02-09 23:59:59,RU000A10A6J1
103.92,104.14,104.17,103.88,1515462.1,1456,2026-02-10 00:00:00,2026-02-10 23:59:59,RU000A10A6J1
104.05,103.88,104.21,103.38,4600539.5,4435,2026-02-11 00:00:00,2026-02-11 23:59:59,RU000A10A6J1
103.88,103.85,103.97,103.57,1672065.0,1610,2026-02-12 00:00:00,2026-02-12 23:59:59,RU000A10A6J1
103.81,104.07,104.1,103.5,6149654.5,5922,2026-02-13 00:00:00,2026-02-13 23:59:59,RU000A10A6J1
103.99,103.8,103.99,103.57,8145719.0,7858,2026-02-16 00:00:00,2026-02-16 23:59:59,RU000A10A6J1
103.87,103.89,103.93,103.56,4345337.4,4190,2026-02-17 00:00:00,2026-02-17 23:59:59,RU000A10A6J1
103.54,103.77,103.83,103.42,3013176.6,2906,2026-02-18 00:00:00,2026-02-18 23:59:59,RU000A10A6J1
103.67,103.75,103.78,103.44,4094205.1,3948,2026-02-19 00:00:00,2026-02-19 23:59:59,RU000A10A6J1
103.73,103.77,103.79,103.68,2309101.5,2226,2026-02-20 00:00:00,2026-02-20 23:59:59,RU000A10A6J1
103.8,103.76,103.8,103.32,3811042.1,3675,2026-02-24 00:00:00,2026-02-24 23:59:59,RU000A10A6J1
103.77,103.74,103.86,103.7,4886279.9,4707,2026-02-25 00:00:00,2026-02-25 23:59:59,RU000A10A6J1
103.73,103.6,103.86,103.55,1897199.9,1829,2026-02-26 00:00:00,2026-02-26 23:59:59,RU000A10A6J1
103.77,103.66,103.77,103.0,4894903.8,4733,2026-02-27 00:00:00,2026-02-27 23:59:59,RU000A10A6J1
103.7,103.64,103.8,102.64,4892033.7,4727,2026-03-02 00:00:00,2026-03-02 23:59:59,RU000A10A6J1
103.63,103.23,103.63,102.98,2364245.1,2289,2026-03-03 00:00:00,2026-03-03 23:59:59,RU000A10A6J1
103.47,103.36,103.58,103.02,3554371.1,3437,2026-03-04 00:00:00,2026-03-04 23:59:59,RU000A10A6J1
103.3,103.44,103.55,103.03,4958339.8,4805,2026-03-05 00:00:00,2026-03-05 23:59:59,RU000A10A6J1
104.06,105.47,105.78,103.7,13707317.22,21756,2026-03-06 00:00:00,2026-03-06 23:59:59,RU000A10A6J1
105.38,105.62,105.8,104.62,1671416.22,2642,2026-03-09 00:00:00,2026-03-09 23:59:59,RU000A10A6J1
105.38,105.78,105.8,105.33,21732112.2,34249,2026-03-10 00:00:00,2026-03-10 23:59:59,RU000A10A6J1
105.67,105.61,105.8,105.36,10691156.94,16856,2026-03-11 00:00:00,2026-03-11 23:59:59,RU000A10A6J1
105.79,105.62,106.49,105.35,3638004.96,5738,2026-03-12 00:00:00,2026-03-12 23:59:59,RU000A10A6J1
105.73,105.75,105.75,105.48,3752401.62,5916,2026-03-13 00:00:00,2026-03-13 23:59:59,RU000A10A6J1
105.75,105.86,106.05,105.51,7433492.94,11707,2026-03-16 00:00:00,2026-03-16 23:59:59,RU000A10A6J1
105.61,105.85,106.0,105.61,2080095.18,3274,2026-03-17 00:00:00,2026-03-17 23:59:59,RU000A10A6J1
105.82,105.94,106.08,105.81,2738150.82,4309,2026-03-18 00:00:00,2026-03-18 23:59:59,RU000A10A6J1
105.91,105.54,105.95,103.99,5308214.46,8401,2026-03-19 00:00:00,2026-03-19 23:59:59,RU000A10A6J1
105.02,105.83,105.86,105.02,2769658.38,4370,2026-03-20 00:00:00,2026-03-20 23:59:59,RU000A10A6J1
105.42,105.73,105.94,105.42,1385922.42,2183,2026-03-23 00:00:00,2026-03-23 23:59:59,RU000A10A6J1
105.63,105.67,105.93,105.57,1564237.02,2465,2026-03-24 00:00:00,2026-03-24 23:59:59,RU000A10A6J1
105.81,105.79,105.91,105.64,3304615.68,5206,2026-03-25 00:00:00,2026-03-25 23:59:59,RU000A10A6J1
105.61,105.75,105.88,105.45,4280554.8,6756,2026-03-26 00:00:00,2026-03-26 23:59:59,RU000A10A6J1
105.73,105.8,105.8,105.52,701688.36,1106,2026-03-27 00:00:00,2026-03-27 23:59:59,RU000A10A6J1
105.83,105.84,105.98,105.7,685843.38,1080,2026-03-28 00:00:00,2026-03-28 23:59:56,RU000A10A6J1
105.97,105.86,105.97,105.6,142693.08000000002,225,2026-03-29 00:00:00,2026-03-29 23:59:56,RU000A10A6J1
105.83,105.77,105.98,105.57,2788488.78,4395,2026-03-30 00:00:00,2026-03-30 23:59:59,RU000A10A6J1
105.6,105.7,105.99,105.6,2026254.96,3194,2026-03-31 00:00:00,2026-03-31 23:59:59,RU000A10A6J1
105.8,105.75,105.97,105.65,1837285.62,2894,2026-04-01 00:00:00,2026-04-01 23:59:59,RU000A10A6J1
105.98,105.75,106.0,105.5,814007.4,1283,2026-04-02 00:00:00,2026-04-02 23:59:59,RU000A10A6J1
105.86,105.93,105.98,105.62,2680344.42,4222,2026-04-03 00:00:00,2026-04-03 23:59:59,RU000A10A6J1
105.99,105.99,106.0,105.66,424407.48,668,2026-04-04 00:00:00,2026-04-04 23:59:55,RU000A10A6J1
106.01,105.9,107.04,105.0,1032563.5800000002,1621,2026-04-05 00:00:00,2026-04-05 23:59:56,RU000A10A6J1
105.99,105.34,107.04,104.88,7340892.3,11604,2026-04-06 00:00:00,2026-04-06 23:59:59,RU000A10A6J1
105.07,105.6,105.64,105.07,3350743.8,5299,2026-04-07 00:00:00,2026-04-07 23:59:59,RU000A10A6J1
105.45,105.49,105.76,105.1,3238377.84,5120,2026-04-08 00:00:00,2026-04-08 23:59:59,RU000A10A6J1
105.61,105.76,105.9,105.31,4725192.78,7455,2026-04-09 00:00:00,2026-04-09 23:59:59,RU000A10A6J1
105.71,105.14,105.93,104.12,10686090.36,16993,2026-04-10 00:00:00,2026-04-10 23:59:59,RU000A10A6J1
105.11,105.19,105.26,104.2,1510277.3999999997,2400,2026-04-11 00:00:00,2026-04-11 23:59:56,RU000A10A6J1
105.04,104.95,105.04,104.25,2488280.28,3964,2026-04-12 00:00:00,2026-04-12 23:59:57,RU000A10A6J1
105.11,104.9,105.27,104.2,13255969.44,21098,2026-04-13 00:00:00,2026-04-13 23:59:59,RU000A10A6J1
105.0,104.9,105.18,104.6,1150410.78,1827,2026-04-14 00:00:00,2026-04-14 23:59:59,RU000A10A6J1
105.07,104.75,105.13,104.22,9071958.18,14471,2026-04-15 00:00:00,2026-04-15 23:59:59,RU000A10A6J1
104.98,104.79,104.98,104.4,2994720.78,4766,2026-04-16 00:00:00,2026-04-16 23:59:59,RU000A10A6J1
104.66,104.67,104.94,104.45,4763356.08,7584,2026-04-17 00:00:00,2026-04-17 23:59:59,RU000A10A6J1
104.85,104.96,104.97,104.8,282657.12000000005,449,2026-04-18 00:00:00,2026-04-18 23:59:56,RU000A10A6J1
104.54,104.72,104.95,104.54,152178.54,242,2026-04-19 00:00:00,2026-04-19 23:59:56,RU000A10A6J1
104.85,104.65,104.97,104.42,8668198.44,13811,2026-04-20 00:00:00,2026-04-20 23:59:59,RU000A10A6J1
104.65,105.07,105.07,104.44,5882692.8,9345,2026-04-21 00:00:00,2026-04-21 23:59:59,RU000A10A6J1
105.21,105.17,105.28,104.8,1940363.64,3077,2026-04-22 00:00:00,2026-04-22 23:59:59,RU000A10A6J1
105.17,105.31,105.34,104.96,3250368.6,5153,2026-04-23 00:00:00,2026-04-23 23:59:59,RU000A10A6J1
105.36,105.12,105.59,105.11,1275766.92,2020,2026-04-24 00:00:00,2026-04-24 23:59:59,RU000A10A6J1
105.02,105.21,105.21,105.0,485791.56,771,2026-04-25 00:00:00,2026-04-25 23:59:59,RU000A10A6J1
105.08,105.08,105.54,104.66,530676.6,843,2026-04-26 00:00:00,2026-04-26 23:59:56,RU000A10A6J1
105.02,105.15,105.54,104.66,2508639.84,3981,2026-04-27 00:00:00,2026-04-27 23:59:59,RU000A10A6J1
105.18,104.88,105.37,104.88,1964454.42,3115,2026-04-28 00:00:00,2026-04-28 23:59:59,RU000A10A6J1
105.15,104.83,105.18,104.83,1367971.38,2171,2026-04-29 00:00:00,2026-04-29 23:59:59,RU000A10A6J1
104.99,105.0,105.09,104.88,3273587.22,5196,2026-04-30 00:00:00,2026-04-30 23:59:59,RU000A10A6J1
104.93,105.08,105.08,104.93,202335.6,321,2026-05-02 00:00:00,2026-05-02 23:59:56,RU000A10A6J1
105.13,105.14,105.14,104.94,281829.84,447,2026-05-03 00:00:00,2026-05-03 23:59:55,RU000A10A6J1
105.19,105.0,105.2,104.71,2683691.52,4260,2026-05-04 00:00:00,2026-05-04 23:59:59,RU000A10A6J1
105.34,105.0,105.34,104.87,911808.72,1448,2026-05-05 00:00:00,2026-05-05 23:59:59,RU000A10A6J1
105.0,104.88,105.09,104.71,754746.12,1200,2026-05-06 00:00:00,2026-05-06 23:59:59,RU000A10A6J1
104.79,104.9,105.03,104.58,3758034.24,5968,2026-05-07 00:00:00,2026-05-07 23:59:59,RU000A10A6J1
105.03,104.8,105.42,104.78,4823652.84,7655,2026-05-08 00:00:00,2026-05-08 23:59:59,RU000A10A6J1
104.81,105.02,105.25,104.81,618276.7199999995,982,2026-05-11 00:00:00,2026-05-11 19:47:51,RU000A10A6J1
35.0,39.0,40.609,35.0,708704.9,19200,2011-11-29 00:00:00,2011-11-29 23:59:59,ALRS
48.32,54.6,54.6,42.0,3797262.7,76800,2011-11-30 00:00:00,2011-11-30 23:59:59,ALRS
64.5,76.44,76.44,64.5,897043.0,11900,2011-12-01 00:00:00,2011-12-01 23:59:59,ALRS
103.558,45.864,107.016,45.864,90951604.9,1898700,2011-12-02 00:00:00,2011-12-02 23:59:59,ALRS
38.0,37.1,41.985,36.7,57905144.6,1552200,2011-12-05 00:00:00,2011-12-05 23:59:59,ALRS
37.0,34.8,37.1,34.75,29807284.5,831100,2011-12-06 00:00:00,2011-12-06 23:59:59,ALRS
34.701,35.3,36.0,34.501,16551376.8,467700,2011-12-07 00:00:00,2011-12-07 23:59:59,ALRS
35.3,35.55,35.55,34.75,6345912.3,181400,2011-12-08 00:00:00,2011-12-08 23:59:59,ALRS
34.999,34.575,35.24,34.2,22009003.1,631800,2011-12-09 00:00:00,2011-12-09 23:59:59,ALRS
34.304,33.49,34.797,33.3,7678719.6,225800,2011-12-12 00:00:00,2011-12-12 23:59:59,ALRS
33.003,33.9,34.0,30.501,21711921.9,665500,2011-12-13 00:00:00,2011-12-13 23:59:59,ALRS
33.033,34.0,34.0,32.62,3465016.9,104200,2011-12-14 00:00:00,2011-12-14 23:59:59,ALRS
33.3,32.901,33.5,32.03,11836334.7,357600,2011-12-15 00:00:00,2011-12-15 20:00:16,ALRS
33.1,32.198,33.1,31.757,4323490.4,134400,2011-12-16 00:00:00,2011-12-16 23:59:59,ALRS
32.157,31.304,32.157,30.71,4167999.7,133500,2011-12-19 00:00:00,2011-12-19 23:59:59,ALRS
31.02,31.347,31.499,30.351,4619566.8,150500,2011-12-20 00:00:00,2011-12-20 23:59:59,ALRS
31.287,31.049,31.998,30.55,7420014.9,236800,2011-12-21 00:00:00,2011-12-21 23:59:59,ALRS
31.0,30.657,31.0,30.353,3288624.7,107700,2011-12-22 00:00:00,2011-12-22 23:59:59,ALRS
30.885,30.301,30.9,30.3,4548790.5,149400,2011-12-23 00:00:00,2011-12-23 23:59:59,ALRS
30.013,30.347,30.495,30.012,5492172.8,181900,2011-12-26 00:00:00,2011-12-26 23:59:59,ALRS
30.051,30.0,30.3,30.0,553538.1,18400,2011-12-27 00:00:00,2011-12-27 23:59:59,ALRS
30.379,30.111,30.4,30.0,18008287.1,595400,2011-12-28 00:00:00,2011-12-28 23:59:59,ALRS
30.021,30.2,30.548,29.4,12162108.1,404900,2011-12-29 00:00:00,2011-12-29 23:59:59,ALRS
30.48,31.0,31.0,30.48,17533546.6,572000,2011-12-30 00:00:00,2011-12-30 23:59:59,ALRS
31.0,30.99,31.0,30.354,4434164.2,143900,2012-01-03 00:00:00,2012-01-03 23:59:59,ALRS
30.711,31.0,31.384,30.6,1290278.6,41600,2012-01-04 00:00:00,2012-01-04 23:59:59,ALRS
30.998,29.995,31.0,29.4,9342162.9,314300,2012-01-05 00:00:00,2012-01-05 23:59:59,ALRS
30.349,30.093,30.349,29.7,1341597.7,44700,2012-01-06 00:00:00,2012-01-06 23:59:59,ALRS
30.048,30.07,30.083,29.8,606650.9,20200,2012-01-09 00:00:00,2012-01-09 23:59:59,ALRS
30.6,30.44,30.6,30.1,5467388.2,180300,2012-01-10 00:00:00,2012-01-10 23:59:59,ALRS
30.649,30.112,30.649,30.104,2476145.7,81900,2012-01-11 00:00:00,2012-01-11 23:59:59,ALRS
30.106,30.699,30.75,29.702,8067024.5,264700,2012-01-12 00:00:00,2012-01-12 23:59:59,ALRS
30.501,30.4,30.75,30.135,766886.9,25100,2012-01-13 00:00:00,2012-01-13 23:59:59,ALRS
30.479,30.15,30.479,29.561,3197963.2,106400,2012-01-16 00:00:00,2012-01-16 23:59:59,ALRS
30.15,29.9,30.47,29.799,12247737.0,408100,2012-01-17 00:00:00,2012-01-17 23:59:59,ALRS
29.851,29.8,29.95,29.7,6013927.7,201700,2012-01-18 00:00:00,2012-01-18 23:59:59,ALRS
29.8,29.85,29.9,29.74,13132702.3,440700,2012-01-19 00:00:00,2012-01-19 23:59:59,ALRS
30.0,30.2,30.5,29.701,49305565.3,1640200,2012-01-20 00:00:00,2012-01-20 23:59:59,ALRS
30.25,30.12,30.375,30.0,14270981.5,472300,2012-01-23 00:00:00,2012-01-23 23:59:59,ALRS
30.02,30.05,30.143,29.85,9274676.9,309000,2012-01-24 00:00:00,2012-01-24 23:59:59,ALRS
29.901,29.94,30.0,29.811,3005284.4,100500,2012-01-25 00:00:00,2012-01-25 23:59:59,ALRS
29.999,29.996,30.179,29.921,7530132.7,250900,2012-01-26 00:00:00,2012-01-26 23:59:59,ALRS
29.996,29.92,30.1,29.811,4871337.2,162800,2012-01-27 00:00:00,2012-01-27 23:59:59,ALRS
29.83,29.679,29.99,29.33,10293920.5,347200,2012-01-30 00:00:00,2012-01-30 23:59:59,ALRS
29.798,29.8,29.85,29.55,21974817.3,737700,2012-01-31 00:00:00,2012-01-31 23:59:59,ALRS
29.8,30.05,30.099,29.8,19511374.7,649600,2012-02-01 00:00:00,2012-02-01 23:59:59,ALRS
30.06,32.425,32.79,29.95,107780911.2,3367100,2012-02-02 00:00:00,2012-02-02 23:59:59,ALRS
32.45,31.85,32.5,31.6,13171681.8,411400,2012-02-03 00:00:00,2012-02-03 23:59:59,ALRS
31.91,31.6,31.91,31.35,13383721.5,424200,2012-02-06 00:00:00,2012-02-06 23:59:59,ALRS
31.65,33.17,33.215,31.561,160739573.1,4942700,2012-02-07 00:00:00,2012-02-07 23:59:59,ALRS
33.001,33.8,33.879,32.82,159176942.0,4753900,2012-02-08 00:00:00,2012-02-08 23:59:59,ALRS
33.994,32.849,33.994,32.201,17736138.5,538800,2012-02-09 00:00:00,2012-02-09 23:59:59,ALRS
32.799,32.2,32.799,32.025,15904445.5,491700,2012-02-10 00:00:00,2012-02-10 23:59:59,ALRS
32.689,33.3,33.45,32.3,52120670.9,1583900,2012-02-13 00:00:00,2012-02-13 23:59:59,ALRS
33.4,33.475,33.94,33.35,32147110.9,955200,2012-02-14 00:00:00,2012-02-14 23:59:59,ALRS
33.85,33.57,33.95,33.5,15959112.1,475200,2012-02-15 00:00:00,2012-02-15 23:59:59,ALRS
33.475,33.2,33.57,33.008,7294965.5,219300,2012-02-16 00:00:00,2012-02-16 23:59:59,ALRS
33.309,33.251,33.55,33.25,8874957.9,265800,2012-02-17 00:00:00,2012-02-17 23:59:59,ALRS
33.305,33.45,33.5,33.22,5216767.4,156100,2012-02-20 00:00:00,2012-02-20 23:59:59,ALRS
33.4,33.312,33.5,33.156,6455051.1,193300,2012-02-21 00:00:00,2012-02-21 23:59:59,ALRS
33.399,32.802,33.6,32.301,9069333.1,273200,2012-02-22 00:00:00,2012-02-22 23:59:59,ALRS
32.667,32.9,33.33,32.52,20612248.5,625900,2012-02-24 00:00:00,2012-02-24 23:59:59,ALRS
32.624,32.418,32.9,32.362,39096650.6,1200000,2012-02-27 00:00:00,2012-02-27 23:59:59,ALRS
32.4,31.685,32.4,31.11,10529960.3,330700,2012-02-28 00:00:00,2012-02-28 23:59:59,ALRS
32.454,32.109,32.454,31.55,15284818.2,479500,2012-02-29 00:00:00,2012-02-29 23:59:59,ALRS
31.951,32.86,32.929,31.712,58062559.1,1779500,2012-03-01 00:00:00,2012-03-01 23:59:59,ALRS
33.1,32.5,33.333,32.43,19298497.9,591200,2012-03-02 00:00:00,2012-03-02 23:59:59,ALRS
32.35,32.4,32.55,31.8,22762114.4,703000,2012-03-05 00:00:00,2012-03-05 23:59:59,ALRS
32.106,31.2,32.5,31.2,11353560.9,355500,2012-03-06 00:00:00,2012-03-06 23:59:59,ALRS
31.579,31.526,31.788,31.223,7273429.5,231700,2012-03-07 00:00:00,2012-03-07 23:59:59,ALRS
31.8,31.715,31.85,31.52,2318300.1,73100,2012-03-11 00:00:00,2012-03-11 23:59:59,ALRS
31.63,31.531,31.749,31.397,18866574.6,597900,2012-03-12 00:00:00,2012-03-12 23:59:59,ALRS
31.551,31.815,32.555,31.4,29954145.0,938600,2012-03-13 00:00:00,2012-03-13 23:59:59,ALRS
31.994,32.0,32.09,31.762,20005661.9,625500,2012-03-14 00:00:00,2012-03-14 23:59:59,ALRS
32.001,32.05,32.32,31.998,62490726.2,1940100,2012-03-15 00:00:00,2012-03-15 23:59:59,ALRS
32.011,32.0,32.19,31.951,23852583.0,744200,2012-03-16 00:00:00,2012-03-16 23:59:59,ALRS
32.097,32.05,32.3,31.992,60988558.7,1898200,2012-03-19 00:00:00,2012-03-19 23:59:59,ALRS
31.865,31.93,32.01,31.711,17538925.6,551000,2012-03-20 00:00:00,2012-03-20 23:59:59,ALRS
31.93,31.6,32.0,31.502,7893194.5,248300,2012-03-21 00:00:00,2012-03-21 23:59:59,ALRS
31.899,31.935,31.945,31.749,23862364.9,748800,2012-03-22 00:00:00,2012-03-22 23:59:59,ALRS
31.999,31.85,32.0,31.8,8458905.2,265400,2012-03-23 00:00:00,2012-03-23 23:59:59,ALRS
32.099,31.79,32.099,31.79,5443461.2,170900,2012-03-26 00:00:00,2012-03-26 23:59:59,ALRS
31.801,31.579,32.0,31.499,9900549.0,312200,2012-03-27 00:00:00,2012-03-27 23:59:59,ALRS
31.501,31.439,31.6,31.36,3163137.6,100500,2012-03-28 00:00:00,2012-03-28 23:59:59,ALRS
31.247,31.07,31.474,30.899,4837634.8,155500,2012-03-29 00:00:00,2012-03-29 23:59:59,ALRS
31.14,31.095,31.24,30.51,14239722.3,460500,2012-03-30 00:00:00,2012-03-30 23:59:59,ALRS
31.248,30.876,31.248,30.8,12559461.4,407000,2012-04-02 00:00:00,2012-04-02 23:59:59,ALRS
30.8,30.821,30.999,30.8,11383156.3,368900,2012-04-03 00:00:00,2012-04-03 23:59:59,ALRS
30.699,30.299,30.833,30.197,7671215.9,252000,2012-04-04 00:00:00,2012-04-04 23:59:59,ALRS
30.251,29.8,30.31,29.4,12833559.7,432300,2012-04-05 00:00:00,2012-04-05 23:59:59,ALRS
29.722,29.9,29.999,29.704,11617673.8,389000,2012-04-06 00:00:00,2012-04-06 23:59:59,ALRS
29.9,29.889,29.947,29.501,9272700.6,312300,2012-04-09 00:00:00,2012-04-09 23:59:59,ALRS
29.9,29.84,30.0,29.7,12889980.3,431600,2012-04-10 00:00:00,2012-04-10 23:59:59,ALRS
29.752,29.95,30.001,29.752,29335797.5,979900,2012-04-11 00:00:00,2012-04-11 23:59:59,ALRS
29.998,29.851,30.05,29.72,10606449.4,355600,2012-04-12 00:00:00,2012-04-12 23:59:59,ALRS
29.99,30.039,30.1,29.851,7837100.1,260900,2012-04-13 00:00:00,2012-04-13 23:59:59,ALRS
30.039,29.928,30.039,29.85,5342540.7,178500,2012-04-16 00:00:00,2012-04-16 23:59:59,ALRS
29.853,29.679,29.939,29.582,8463475.7,284600,2012-04-17 00:00:00,2012-04-17 23:59:59,ALRS
29.848,29.79,29.848,29.7,18284058.3,613900,2012-04-18 00:00:00,2012-04-18 23:59:59,ALRS
29.799,29.798,29.85,29.7,11240326.1,377700,2012-04-19 00:00:00,2012-04-19 23:59:59,ALRS
29.8,29.9,30.0,29.8,31674206.4,1062200,2012-04-20 00:00:00,2012-04-20 23:59:59,ALRS
29.9,29.81,29.9,29.7,7227641.4,242500,2012-04-23 00:00:00,2012-04-23 23:59:59,ALRS
29.703,29.76,29.848,29.66,10374851.9,348800,2012-04-24 00:00:00,2012-04-24 23:59:59,ALRS
29.8,29.898,29.989,29.8,18705706.0,626600,2012-04-25 00:00:00,2012-04-25 23:59:59,ALRS
29.898,29.802,29.944,29.8,20976024.0,701600,2012-04-26 00:00:00,2012-04-26 23:59:59,ALRS
29.375,29.95,30.325,29.375,7306424.7,244000,2012-04-27 00:00:00,2012-04-27 23:59:59,ALRS
29.9,29.998,29.999,29.881,6541812.0,218500,2012-04-28 00:00:00,2012-04-28 23:59:59,ALRS
29.903,29.87,30.0,29.707,2137401.6,71600,2012-05-02 00:00:00,2012-05-02 23:59:59,ALRS
29.702,29.646,29.899,29.55,20489550.7,688800,2012-05-03 00:00:00,2012-05-03 23:59:59,ALRS
29.502,27.6,29.75,27.0,17757379.6,619900,2012-05-04 00:00:00,2012-05-04 23:59:59,ALRS
27.602,27.697,27.997,27.13,1492587.8,54200,2012-05-05 00:00:00,2012-05-05 23:59:59,ALRS
27.898,27.95,28.0,27.2,125159.7,4500,2012-05-07 00:00:00,2012-05-07 23:59:59,ALRS
28.148,28.225,28.25,27.55,171613.6,6100,2012-05-08 00:00:00,2012-05-08 23:59:59,ALRS
28.079,27.45,28.15,27.317,2861429.3,104100,2012-05-10 00:00:00,2012-05-10 23:59:59,ALRS
27.449,27.3,27.449,27.053,5444904.9,199600,2012-05-11 00:00:00,2012-05-11 23:59:59,ALRS
27.0,26.7,27.15,26.01,5803894.4,218400,2012-05-12 00:00:00,2012-05-12 23:59:59,ALRS
26.499,25.094,26.499,24.955,8520351.6,335100,2012-05-14 00:00:00,2012-05-14 23:59:59,ALRS
25.001,24.888,25.227,24.022,4547212.0,183900,2012-05-15 00:00:00,2012-05-15 23:59:59,ALRS
24.201,24.387,24.495,23.999,7928334.1,328800,2012-05-16 00:00:00,2012-05-16 23:59:59,ALRS
24.499,23.6,24.895,23.444,3916449.5,163700,2012-05-17 00:00:00,2012-05-17 23:59:59,ALRS
22.05,22.99,23.78,21.999,17474333.9,765300,2012-05-18 00:00:00,2012-05-18 23:59:59,ALRS
23.0,22.855,23.685,22.655,4328509.1,187500,2012-05-21 00:00:00,2012-05-21 23:59:59,ALRS
23.149,23.357,23.55,23.149,1536419.0,65700,2012-05-22 00:00:00,2012-05-22 23:59:59,ALRS
23.299,22.642,23.299,22.5,7145991.9,313400,2012-05-23 00:00:00,2012-05-23 23:59:59,ALRS
22.75,22.5,22.95,22.038,10147055.7,452000,2012-05-24 00:00:00,2012-05-24 23:59:59,ALRS
22.4,22.4,22.798,22.35,3342444.1,148800,2012-05-25 00:00:00,2012-05-25 23:59:59,ALRS
22.455,22.4,22.747,22.4,6689483.9,296900,2012-05-28 00:00:00,2012-05-28 23:59:59,ALRS
22.689,23.1,23.225,22.499,11990260.6,523600,2012-05-29 00:00:00,2012-05-29 23:59:59,ALRS
22.949,22.99,23.449,22.7,9835027.9,427900,2012-05-30 00:00:00,2012-05-30 23:59:59,ALRS
22.9,22.787,23.15,22.615,9540388.7,417500,2012-05-31 00:00:00,2012-05-31 23:59:59,ALRS
22.775,22.995,22.995,22.55,10460719.0,459300,2012-06-01 00:00:00,2012-06-01 23:59:59,ALRS
22.93,23.47,24.4,22.828,25772728.6,1100100,2012-06-04 00:00:00,2012-06-04 23:59:59,ALRS
23.99,23.983,24.249,23.8,8126989.8,338900,2012-06-05 00:00:00,2012-06-05 23:59:59,ALRS
24.139,23.951,24.25,23.5,8220789.4,343000,2012-06-06 00:00:00,2012-06-06 23:59:59,ALRS
24.049,24.989,25.747,24.049,29239699.1,1168400,2012-06-07 00:00:00,2012-06-07 23:59:59,ALRS
24.99,24.95,24.999,24.5,1876107.3,75700,2012-06-08 00:00:00,2012-06-08 23:59:59,ALRS
25.15,25.099,25.17,24.801,595007.9,23800,2012-06-09 00:00:00,2012-06-09 23:59:59,ALRS
25.0,25.18,25.201,23.5,24252839.8,995800,2012-06-13 00:00:00,2012-06-13 23:59:59,ALRS
25.0,25.352,25.45,24.95,2089001.8,83200,2012-06-14 00:00:00,2012-06-14 23:59:59,ALRS
25.271,25.973,26.148,25.27,58288631.7,2247100,2012-06-15 00:00:00,2012-06-15 23:59:59,ALRS
25.5,25.9,26.5,25.0,54193980.0,2089300,2012-06-18 00:00:00,2012-06-18 23:59:59,ALRS
25.99,26.0,26.9,25.505,64509478.6,2442600,2012-06-19 00:00:00,2012-06-19 23:59:59,ALRS
26.138,25.9,26.2,25.8,13297162.8,512800,2012-06-20 00:00:00,2012-06-20 23:59:59,ALRS
25.81,25.45,25.9,25.101,6392178.1,249100,2012-06-21 00:00:00,2012-06-21 23:59:59,ALRS
25.011,24.7,25.09,24.55,8968335.8,363400,2012-06-22 00:00:00,2012-06-22 23:59:59,ALRS
24.894,24.486,24.895,24.484,953490.4,38700,2012-06-25 00:00:00,2012-06-25 23:59:59,ALRS
24.3,24.6,24.8,24.25,4196426.8,170700,2012-06-26 00:00:00,2012-06-26 23:59:59,ALRS
24.501,24.9,26.0,24.498,8139466.7,323100,2012-06-27 00:00:00,2012-06-27 23:59:59,ALRS
24.898,24.495,24.898,24.201,5536764.5,226000,2012-06-28 00:00:00,2012-06-28 23:59:59,ALRS
24.6,24.3,24.8,24.011,56923121.9,2336000,2012-06-29 00:00:00,2012-06-29 23:59:59,ALRS
24.399,24.6,24.8,24.0,17561002.4,717200,2012-07-02 00:00:00,2012-07-02 23:59:59,ALRS
24.551,25.174,25.199,24.551,35350474.1,1423000,2012-07-03 00:00:00,2012-07-03 23:59:59,ALRS
25.14,25.048,25.887,24.905,31849334.0,1237200,2012-07-04 00:00:00,2012-07-04 23:59:59,ALRS
24.999,24.751,25.05,24.4,26781623.7,1088400,2012-07-05 00:00:00,2012-07-05 23:59:59,ALRS
24.698,24.725,24.75,24.5,4327231.2,176200,2012-07-06 00:00:00,2012-07-06 23:59:59,ALRS
24.712,24.901,24.99,24.712,8529309.7,343500,2012-07-09 00:00:00,2012-07-09 23:59:59,ALRS
24.801,24.899,24.9,24.799,2054058.0,82800,2012-07-10 00:00:00,2012-07-10 23:59:59,ALRS
24.7,24.548,24.75,24.352,7806357.4,318800,2012-07-11 00:00:00,2012-07-11 23:59:59,ALRS
24.401,24.549,24.55,24.4,3428234.2,140000,2012-07-12 00:00:00,2012-07-12 23:59:59,ALRS
24.749,24.8,24.801,24.561,2437498.3,98700,2012-07-13 00:00:00,2012-07-13 23:59:59,ALRS
24.801,24.945,24.949,24.801,826908.5,33200,2012-07-16 00:00:00,2012-07-16 23:59:59,ALRS
25.0,25.0,25.25,24.9,19392660.4,772600,2012-07-17 00:00:00,2012-07-17 23:59:59,ALRS
24.901,24.89,25.099,24.611,16762653.5,670400,2012-07-18 00:00:00,2012-07-18 23:59:59,ALRS
24.998,24.85,25.248,24.71,3569453.6,143200,2012-07-19 00:00:00,2012-07-19 23:59:59,ALRS
24.9,24.6,24.949,24.505,1681293.3,67700,2012-07-20 00:00:00,2012-07-20 23:59:59,ALRS
24.85,24.666,25.05,24.402,30058841.2,1216600,2012-07-23 00:00:00,2012-07-23 23:59:59,ALRS
24.701,25.2,25.201,24.501,12691251.7,508200,2012-07-24 00:00:00,2012-07-24 23:59:59,ALRS
25.1,25.45,25.45,24.8,17576569.2,695600,2012-07-25 00:00:00,2012-07-25 23:59:59,ALRS
25.45,25.401,25.6,25.339,208666.2,8200,2012-07-26 00:00:00,2012-07-26 23:59:59,ALRS
25.402,25.4,25.402,25.0,4714020.2,185900,2012-07-27 00:00:00,2012-07-27 23:59:59,ALRS
25.301,25.349,25.4,25.111,28850895.0,1143900,2012-07-30 00:00:00,2012-07-30 23:59:59,ALRS
25.349,25.5,25.74,25.06,11555650.2,454000,2012-07-31 00:00:00,2012-07-31 23:59:59,ALRS
25.55,25.5,26.17,25.449,37217208.8,1429300,2012-08-01 00:00:00,2012-08-01 23:59:59,ALRS
25.599,25.1,25.6,25.099,2044167.4,81000,2012-08-02 00:00:00,2012-08-02 23:59:59,ALRS
25.15,25.25,25.35,25.0,246348.4,9800,2012-08-03 00:00:00,2012-08-03 23:59:59,ALRS
25.009,25.1,25.2,24.806,1377372.9,55000,2012-08-06 00:00:00,2012-08-06 23:59:59,ALRS
25.1,25.3,25.3,25.1,505292.2,20000,2012-08-07 00:00:00,2012-08-07 23:59:59,ALRS
25.3,25.15,25.3,25.149,358354.1,14200,2012-08-08 00:00:00,2012-08-08 23:59:59,ALRS
25.151,25.149,25.398,24.699,1722138.3,69300,2012-08-09 00:00:00,2012-08-09 23:59:59,ALRS
24.901,24.9,25.0,24.8,1229822.0,49400,2012-08-10 00:00:00,2012-08-10 23:59:59,ALRS
24.9,24.95,25.1,24.75,2730270.9,109600,2012-08-13 00:00:00,2012-08-13 23:59:59,ALRS
25.094,25.089,25.105,24.911,2738554.4,109500,2012-08-14 00:00:00,2012-08-14 23:59:59,ALRS
24.99,24.949,25.0,24.807,2881834.8,116000,2012-08-15 00:00:00,2012-08-15 23:59:59,ALRS
24.815,25.1,25.18,24.815,3171448.5,126800,2012-08-16 00:00:00,2012-08-16 23:59:59,ALRS
24.85,24.939,25.196,24.85,2173910.3,87300,2012-08-17 00:00:00,2012-08-17 23:59:59,ALRS
24.815,24.748,24.88,24.605,1083885.7,43800,2012-08-20 00:00:00,2012-08-20 23:59:59,ALRS
24.711,24.8,24.9,24.711,1586357.9,64100,2012-08-21 00:00:00,2012-08-21 23:59:59,ALRS
24.701,24.8,24.8,24.701,1464600.1,59200,2012-08-22 00:00:00,2012-08-22 23:59:59,ALRS
24.85,24.75,24.9,24.69,2446924.4,98900,2012-08-23 00:00:00,2012-08-23 23:59:59,ALRS
24.795,24.607,24.797,24.607,172588.3,7000,2012-08-24 00:00:00,2012-08-24 23:59:59,ALRS
24.65,24.649,24.75,24.64,3416584.6,138500,2012-08-27 00:00:00,2012-08-27 23:59:59,ALRS
24.648,24.679,24.7,24.6,3552523.9,144200,2012-08-28 00:00:00,2012-08-28 23:59:59,ALRS
24.746,24.352,24.825,24.301,2440934.3,99500,2012-08-29 00:00:00,2012-08-29 23:59:59,ALRS
24.352,24.4,24.75,24.35,752105.9,30800,2012-08-30 00:00:00,2012-08-30 23:59:59,ALRS
24.499,24.47,24.499,24.35,334878.3,13700,2012-08-31 00:00:00,2012-08-31 23:59:59,ALRS
24.401,24.63,24.688,24.401,259150.8,10600,2012-09-03 00:00:00,2012-09-03 23:59:59,ALRS
24.649,24.561,24.7,24.405,1919430.3,78000,2012-09-04 00:00:00,2012-09-04 23:59:59,ALRS
24.695,24.599,24.7,24.5,1697928.4,68900,2012-09-05 00:00:00,2012-09-05 23:59:59,ALRS
24.499,24.6,24.76,24.499,1879162.6,76400,2012-09-06 00:00:00,2012-09-06 23:59:59,ALRS
24.549,24.853,24.989,24.549,2712459.7,109300,2012-09-07 00:00:00,2012-09-07 23:59:59,ALRS
24.798,24.898,24.949,24.62,1131475.6,45700,2012-09-10 00:00:00,2012-09-10 23:59:59,ALRS
24.75,24.75,24.79,24.5,2320901.7,94200,2012-09-11 00:00:00,2012-09-11 23:59:59,ALRS
24.72,24.75,24.8,24.601,2045312.6,82800,2012-09-12 00:00:00,2012-09-12 23:59:59,ALRS
24.711,24.547,24.711,24.452,3337131.3,135700,2012-09-13 00:00:00,2012-09-13 23:59:59,ALRS
25.0,24.675,25.101,24.512,27278008.8,1104300,2012-09-14 00:00:00,2012-09-14 23:59:59,ALRS
24.7,24.698,24.85,24.511,31495057.7,1277500,2012-09-17 00:00:00,2012-09-17 23:59:59,ALRS
24.749,24.609,24.787,24.55,2471100.1,100300,2012-09-18 00:00:00,2012-09-18 23:59:59,ALRS
24.733,24.4,24.798,24.4,2567935.4,104500,2012-09-19 00:00:00,2012-09-19 23:59:59,ALRS
24.479,24.349,24.6,24.12,6122681.7,250300,2012-09-20 00:00:00,2012-09-20 23:59:59,ALRS
24.397,24.363,24.498,24.2,1746119.1,71700,2012-09-21 00:00:00,2012-09-21 23:59:59,ALRS
24.439,24.31,24.5,24.2,6367020.5,260700,2012-09-24 00:00:00,2012-09-24 23:59:59,ALRS
24.4,24.15,24.4,24.15,5213439.9,215100,2012-09-25 00:00:00,2012-09-25 23:59:59,ALRS
23.999,23.95,24.2,23.95,1414675.5,58900,2012-09-26 00:00:00,2012-09-26 23:59:59,ALRS
24.049,24.073,24.149,23.951,796232.6,33100,2012-09-27 00:00:00,2012-09-27 23:59:59,ALRS
24.15,24.146,24.2,24.03,1996305.1,82600,2012-09-28 00:00:00,2012-09-28 23:59:59,ALRS
24.006,24.35,24.35,24.006,3356689.1,138500,2012-10-01 00:00:00,2012-10-01 23:59:59,ALRS
24.349,24.2,24.35,24.1,2162158.1,89400,2012-10-02 00:00:00,2012-10-02 23:59:59,ALRS
24.2,24.15,24.225,24.15,3101974.8,128200,2012-10-03 00:00:00,2012-10-03 23:59:59,ALRS
24.077,24.25,24.5,24.075,29619179.8,1215200,2012-10-04 00:00:00,2012-10-04 23:59:59,ALRS
24.3,24.3,24.4,24.2,7542195.5,310700,2012-10-05 00:00:00,2012-10-05 23:59:59,ALRS
24.275,24.4,24.45,24.22,5498600.0,226300,2012-10-08 00:00:00,2012-10-08 23:59:59,ALRS
24.35,24.901,25.001,24.35,34147387.3,1379100,2012-10-09 00:00:00,2012-10-09 23:59:59,ALRS
24.702,24.705,24.987,24.605,5338221.0,215700,2012-10-10 00:00:00,2012-10-10 23:59:59,ALRS
24.749,24.651,24.999,24.452,3948709.0,160100,2012-10-11 00:00:00,2012-10-11 23:59:59,ALRS
24.799,24.549,24.8,24.206,6538475.7,266800,2012-10-12 00:00:00,2012-10-12 23:59:59,ALRS
24.4,23.975,24.4,23.93,39369532.3,1636600,2012-10-15 00:00:00,2012-10-15 23:59:59,ALRS
24.2,23.85,24.4,23.801,4360216.4,179900,2012-10-16 00:00:00,2012-10-16 23:59:59,ALRS
23.804,22.55,23.95,21.999,90349515.3,3966100,2012-10-17 00:00:00,2012-10-17 23:59:59,ALRS
22.9,22.856,23.148,22.667,43981878.7,1918700,2012-10-18 00:00:00,2012-10-18 23:59:59,ALRS
22.998,22.772,22.998,22.76,612176.1,26800,2012-10-19 00:00:00,2012-10-19 23:59:59,ALRS
22.556,22.801,22.939,22.51,4244389.6,186900,2012-10-22 00:00:00,2012-10-22 23:59:59,ALRS
22.9,22.0,22.9,22.0,13521901.7,605800,2012-10-23 00:00:00,2012-10-23 23:59:59,ALRS
22.16,21.999,22.2,21.82,7918660.9,360100,2012-10-24 00:00:00,2012-10-24 23:59:59,ALRS
21.829,22.95,23.0,21.825,23996032.2,1071000,2012-10-25 00:00:00,2012-10-25 23:59:59,ALRS
22.72,22.771,23.0,22.601,12926695.3,566700,2012-10-26 00:00:00,2012-10-26 23:59:59,ALRS
22.751,22.95,22.95,22.65,43328960.5,1901600,2012-10-29 00:00:00,2012-10-29 23:59:59,ALRS
22.999,22.9,23.09,22.801,9359516.7,406900,2012-10-30 00:00:00,2012-10-30 23:59:59,ALRS
22.811,22.78,22.948,22.78,23741889.6,1041000,2012-10-31 00:00:00,2012-10-31 23:59:59,ALRS
22.799,23.15,23.15,22.72,10024869.1,437800,2012-11-01 00:00:00,2012-11-01 23:59:59,ALRS
23.199,23.299,23.5,23.002,6199323.8,267000,2012-11-02 00:00:00,2012-11-02 23:59:59,ALRS
23.298,23.395,23.955,23.1,10598475.1,454600,2012-11-06 00:00:00,2012-11-06 23:59:59,ALRS
23.448,23.25,23.8,22.83,40210395.3,1744000,2012-11-07 00:00:00,2012-11-07 23:59:59,ALRS
23.0,22.93,23.149,22.855,19101442.9,830600,2012-11-08 00:00:00,2012-11-08 23:59:59,ALRS
23.0,23.05,23.15,22.95,22752245.3,987800,2012-11-09 00:00:00,2012-11-09 23:59:59,ALRS
23.188,23.018,23.509,22.903,8410614.9,366900,2012-11-12 00:00:00,2012-11-12 23:59:59,ALRS
23.048,22.925,23.048,22.702,38307514.6,1668200,2012-11-13 00:00:00,2012-11-13 23:59:59,ALRS
23.025,22.818,23.025,22.818,6835679.3,298900,2012-11-14 00:00:00,2012-11-14 23:59:59,ALRS
22.99,22.925,22.99,22.75,3857080.2,168700,2012-11-15 00:00:00,2012-11-15 23:59:59,ALRS
22.99,23.095,23.095,22.716,15719511.1,687000,2012-11-16 00:00:00,2012-11-16 23:59:59,ALRS
22.905,23.047,23.049,22.905,2121104.5,92300,2012-11-19 00:00:00,2012-11-19 23:59:59,ALRS
23.0,23.0,23.0,22.8,3864577.8,168400,2012-11-20 00:00:00,2012-11-20 23:59:59,ALRS
22.94,23.022,23.1,22.901,55095292.0,2395800,2012-11-21 00:00:00,2012-11-21 23:59:59,ALRS
23.049,23.1,23.1,22.958,3824554.4,165900,2012-11-22 00:00:00,2012-11-22 23:59:59,ALRS
23.0,23.15,23.15,22.9,9253046.9,401400,2012-11-23 00:00:00,2012-11-23 23:59:59,ALRS
23.148,23.15,23.2,22.98,5669119.3,245100,2012-11-26 00:00:00,2012-11-26 23:59:59,ALRS
23.001,23.0,23.2,22.65,16181560.8,704800,2012-11-27 00:00:00,2012-11-27 23:59:59,ALRS
23.0,23.049,23.049,22.951,26789123.5,1164700,2012-11-28 00:00:00,2012-11-28 23:59:59,ALRS
23.0,23.051,23.099,22.961,4129271.0,179300,2012-11-29 00:00:00,2012-11-29 23:59:59,ALRS
23.14,23.1,23.14,23.05,3516994.6,152500,2012-11-30 00:00:00,2012-11-30 23:59:59,ALRS
23.09,24.045,24.148,23.055,125019779.9,5247100,2012-12-03 00:00:00,2012-12-03 23:59:59,ALRS
23.551,24.2,24.35,23.55,50942037.6,2122300,2012-12-04 00:00:00,2012-12-04 23:59:59,ALRS
24.2,25.46,25.46,24.0,33215505.5,1333300,2012-12-05 00:00:00,2012-12-05 23:59:59,ALRS
25.597,25.3,26.14,25.103,410459392.9,15818600,2012-12-06 00:00:00,2012-12-06 23:59:59,ALRS
25.597,25.166,25.597,25.101,5359414.0,212300,2012-12-07 00:00:00,2012-12-07 23:59:59,ALRS
25.249,25.25,25.88,25.214,6393965.2,251600,2012-12-10 00:00:00,2012-12-10 23:59:59,ALRS
25.2,25.5,25.673,25.2,2579222.8,101800,2012-12-11 00:00:00,2012-12-11 23:59:59,ALRS
25.4,25.902,26.0,25.304,31949717.7,1233500,2012-12-12 00:00:00,2012-12-12 23:59:59,ALRS
26.083,25.99,26.245,25.67,39848189.2,1535600,2012-12-13 00:00:00,2012-12-13 23:59:59,ALRS
25.782,25.967,26.05,25.301,85477915.7,3316900,2012-12-14 00:00:00,2012-12-14 23:59:59,ALRS
28.188,26.637,28.188,25.634,26322771.2,992700,2012-12-17 00:00:00,2012-12-17 23:59:59,ALRS
27.0,27.5,28.2,26.702,26730023.3,970700,2012-12-18 00:00:00,2012-12-18 23:59:59,ALRS
27.895,27.153,28.449,27.15,11835679.3,429400,2012-12-19 00:00:00,2012-12-19 23:59:59,ALRS
27.367,27.253,27.5,26.8,74146668.5,2717200,2012-12-20 00:00:00,2012-12-20 23:59:59,ALRS
27.197,28.0,28.0,26.751,101830502.0,3749700,2012-12-21 00:00:00,2012-12-21 23:59:59,ALRS
27.52,28.125,28.249,27.52,32658709.1,1164800,2012-12-24 00:00:00,2012-12-24 23:59:59,ALRS
28.433,30.0,30.1,28.002,100245229.8,3394500,2012-12-25 00:00:00,2012-12-25 23:59:59,ALRS
30.45,29.908,30.45,29.5,23052109.5,769600,2012-12-26 00:00:00,2012-12-26 23:59:59,ALRS
29.733,30.049,30.15,29.7,27611287.4,923000,2012-12-27 00:00:00,2012-12-27 23:59:59,ALRS
29.755,30.0,30.18,29.755,39595529.4,1319400,2012-12-28 00:00:00,2012-12-28 23:59:59,ALRS
31.3,30.351,31.4,29.77,7132844.2,234500,2013-01-08 00:00:00,2013-01-08 23:59:59,ALRS
30.192,30.05,30.5,29.801,5453654.1,180900,2013-01-09 00:00:00,2013-01-09 23:59:59,ALRS
29.851,29.556,30.329,29.03,114376096.9,3893000,2013-01-10 00:00:00,2013-01-10 23:59:59,ALRS
29.507,29.55,29.65,29.399,36053834.4,1221600,2013-01-11 00:00:00,2013-01-11 23:59:59,ALRS
29.356,29.688,29.7,29.299,10915151.5,369500,2013-01-14 00:00:00,2013-01-14 23:59:59,ALRS
29.6,30.0,30.0,29.5,11428590.2,385800,2013-01-15 00:00:00,2013-01-15 23:59:59,ALRS
29.594,29.8,29.897,29.519,2484089.7,83600,2013-01-16 00:00:00,2013-01-16 23:59:59,ALRS
29.701,29.795,29.996,29.601,3671551.0,123100,2013-01-17 00:00:00,2013-01-17 23:59:59,ALRS
29.798,29.7,29.91,29.102,5269521.6,177300,2013-01-18 00:00:00,2013-01-18 23:59:59,ALRS
29.599,29.55,29.748,29.311,7799085.9,263400,2013-01-21 00:00:00,2013-01-21 23:59:59,ALRS
29.503,29.49,29.698,29.49,10471780.1,354900,2013-01-22 00:00:00,2013-01-22 23:59:59,ALRS
29.354,29.35,29.595,29.2,14002921.0,477500,2013-01-23 00:00:00,2013-01-23 23:59:59,ALRS
30.905,29.1,30.905,28.501,6379119.9,219900,2013-01-24 00:00:00,2013-01-24 23:59:59,ALRS
29.051,29.479,29.537,28.998,11804051.1,404300,2013-01-25 00:00:00,2013-01-25 23:59:59,ALRS
29.4,29.48,29.968,29.25,8847729.0,300800,2013-01-28 00:00:00,2013-01-28 23:59:59,ALRS
29.54,29.8,29.997,29.467,19961014.0,673200,2013-01-29 00:00:00,2013-01-29 23:59:59,ALRS
29.663,29.85,30.01,29.582,13019786.4,435000,2013-01-30 00:00:00,2013-01-30 23:59:59,ALRS
29.542,29.929,29.939,28.799,12372669.3,417000,2013-01-31 00:00:00,2013-01-31 23:59:59,ALRS
29.897,29.77,30.89,29.7,12768453.0,425400,2013-02-01 00:00:00,2013-02-01 23:59:59,ALRS
29.762,29.9,29.9,29.723,20777612.9,696600,2013-02-04 00:00:00,2013-02-04 23:59:59,ALRS
29.9,30.172,30.3,29.9,23699485.0,789100,2013-02-05 00:00:00,2013-02-05 23:59:59,ALRS
30.229,30.05,30.229,29.903,18705243.2,621400,2013-02-06 00:00:00,2013-02-06 23:59:59,ALRS
29.95,30.25,30.3,29.9,17521193.5,581800,2013-02-07 00:00:00,2013-02-07 23:59:59,ALRS
30.001,30.5,30.55,29.931,24333485.7,804000,2013-02-08 00:00:00,2013-02-08 23:59:59,ALRS
30.7,30.51,30.7,30.5,33088209.0,1084200,2013-02-11 00:00:00,2013-02-11 23:59:59,ALRS
30.415,30.585,30.67,30.193,22674435.5,743200,2013-02-12 00:00:00,2013-02-12 23:59:59,ALRS
30.6,31.8,31.9,30.6,40678413.7,1300800,2013-02-13 00:00:00,2013-02-13 23:59:59,ALRS
32.049,31.8,32.088,31.3,14407727.6,455900,2013-02-14 00:00:00,2013-02-14 23:59:59,ALRS
31.506,31.52,31.75,30.812,10746892.8,340500,2013-02-15 00:00:00,2013-02-15 23:59:59,ALRS
31.887,31.88,31.887,31.432,9904455.6,312200,2013-02-18 00:00:00,2013-02-18 23:59:59,ALRS
31.889,32.32,32.48,31.531,21505380.8,670900,2013-02-19 00:00:00,2013-02-19 23:59:59,ALRS
31.952,34.2,34.398,31.947,69716726.6,2073000,2013-02-20 00:00:00,2013-02-20 23:59:59,ALRS
34.165,34.735,34.95,33.203,43832123.7,1274900,2013-02-21 00:00:00,2013-02-21 23:59:59,ALRS
34.88,35.0,35.35,34.018,80968307.1,2315500,2013-02-22 00:00:00,2013-02-22 23:59:59,ALRS
35.166,34.048,35.166,33.862,53689189.6,1542900,2013-02-25 00:00:00,2013-02-25 23:59:59,ALRS
34.75,33.85,35.445,33.6,25151176.8,738600,2013-02-26 00:00:00,2013-02-26 23:59:59,ALRS
33.999,34.0,34.03,33.5,10437583.7,308300,2013-02-27 00:00:00,2013-02-27 23:59:59,ALRS
34.029,32.6,34.03,32.5,21265603.9,645700,2013-02-28 00:00:00,2013-02-28 23:59:59,ALRS
32.503,32.85,33.1,32.0,28474166.9,873400,2013-03-01 00:00:00,2013-03-01 23:59:59,ALRS
33.0,32.8,33.0,32.5,10573421.9,322700,2013-03-04 00:00:00,2013-03-04 23:59:59,ALRS
32.7,33.125,33.2,32.7,23353349.5,706800,2013-03-05 00:00:00,2013-03-05 23:59:59,ALRS
33.199,32.95,33.3,32.899,26025923.0,786400,2013-03-06 00:00:00,2013-03-06 23:59:59,ALRS
32.902,33.0,33.156,32.889,21726584.5,657800,2013-03-07 00:00:00,2013-03-07 23:59:59,ALRS
32.998,32.899,33.0,32.65,9454044.6,287500,2013-03-11 00:00:00,2013-03-11 23:59:59,ALRS
33.049,32.847,33.075,32.103,261494128.2,8029400,2013-03-12 00:00:00,2013-03-12 23:59:59,ALRS
32.936,33.0,33.615,32.809,31171060.0,943500,2013-03-13 00:00:00,2013-03-13 23:59:59,ALRS
33.065,32.851,33.1,30.82,10791157.5,328400,2013-03-14 00:00:00,2013-03-14 23:59:59,ALRS
32.99,32.8,33.175,32.205,12747194.8,389000,2013-03-15 00:00:00,2013-03-15 23:59:59,ALRS
32.8,32.203,32.8,31.301,12379878.9,384400,2013-03-18 00:00:00,2013-03-18 23:59:59,ALRS
32.032,31.66,32.032,31.6,12033984.6,378800,2013-03-19 00:00:00,2013-03-19 23:59:59,ALRS
31.55,32.199,32.301,31.01,11237664.5,355800,2013-03-20 00:00:00,2013-03-20 23:59:59,ALRS
31.901,31.95,32.297,31.45,7090019.6,223000,2013-03-21 00:00:00,2013-03-21 23:59:59,ALRS
31.949,31.85,32.098,31.406,12328544.6,388100,2013-03-22 00:00:00,2013-03-22 23:59:59,ALRS
32.114,31.999,32.495,31.533,13186576.3,415300,2013-03-25 00:00:00,2013-03-25 23:59:59,ALRS
31.995,30.994,32.001,30.111,14698433.0,464400,2013-03-26 00:00:00,2013-03-26 23:59:59,ALRS
30.511,31.001,31.388,30.511,18031446.2,578300,2013-03-27 00:00:00,2013-03-27 23:59:59,ALRS
30.612,31.0,31.007,30.55,7585592.4,245400,2013-03-28 00:00:00,2013-03-28 23:59:59,ALRS
30.804,31.666,32.9,30.804,27511103.9,858000,2013-03-29 00:00:00,2013-03-29 23:59:59,ALRS
31.41,31.0,31.889,31.0,3979313.3,127200,2013-04-01 00:00:00,2013-04-01 23:59:59,ALRS
30.811,30.968,31.0,30.762,7508988.8,243400,2013-04-02 00:00:00,2013-04-02 23:59:59,ALRS
30.888,31.51,31.82,30.871,15294980.2,486900,2013-04-03 00:00:00,2013-04-03 23:59:59,ALRS
31.25,31.3,31.748,30.875,9778105.3,312400,2013-04-04 00:00:00,2013-04-04 23:59:59,ALRS
31.496,32.9,32.94,31.021,97294259.6,2975100,2013-04-05 00:00:00,2013-04-05 23:59:59,ALRS
32.888,32.45,33.171,32.2,14577915.5,445500,2013-04-08 00:00:00,2013-04-08 23:59:59,ALRS
31.219,33.0,33.085,31.219,13473621.7,411600,2013-04-09 00:00:00,2013-04-09 23:59:59,ALRS
33.129,32.751,33.13,32.508,6130648.0,186100,2013-04-10 00:00:00,2013-04-10 23:59:59,ALRS
32.311,32.2,32.939,32.2,3443646.9,106600,2013-04-11 00:00:00,2013-04-11 23:59:59,ALRS
31.41,32.21,32.54,31.41,10611635.8,329000,2013-04-12 00:00:00,2013-04-12 23:59:59,ALRS
32.2,32.2,32.79,31.611,67786800.8,2082900,2013-04-15 00:00:00,2013-04-15 23:59:59,ALRS
32.7,31.75,32.7,31.7,41298958.9,1285500,2013-04-16 00:00:00,2013-04-16 23:59:59,ALRS
31.8,31.21,31.95,31.0,5367090.1,171600,2013-04-17 00:00:00,2013-04-17 23:59:59,ALRS
30.51,32.0,32.295,30.51,5878682.9,185800,2013-04-18 00:00:00,2013-04-18 23:59:59,ALRS
32.0,31.6,32.0,31.15,12228834.7,388500,2013-04-19 00:00:00,2013-04-19 23:59:59,ALRS
31.412,31.35,32.3,31.35,19338360.6,606900,2013-04-22 00:00:00,2013-04-22 23:59:59,ALRS
31.789,31.82,32.0,31.35,617847.2,19400,2013-04-23 00:00:00,2013-04-23 23:59:59,ALRS
31.466,32.1,32.401,31.4,10087670.7,315800,2013-04-24 00:00:00,2013-04-24 23:59:59,ALRS
32.463,32.75,33.5,31.989,33863624.8,1036100,2013-04-25 00:00:00,2013-04-25 23:59:59,ALRS
32.999,32.998,33.5,32.499,9073443.3,275200,2013-04-26 00:00:00,2013-04-26 23:59:59,ALRS
32.579,31.72,33.102,31.703,6853950.1,211700,2013-04-29 00:00:00,2013-04-29 23:59:59,ALRS
31.876,31.23,32.6,31.23,17086448.6,533500,2013-04-30 00:00:00,2013-04-30 23:59:59,ALRS
30.538,30.967,31.988,30.509,3316353.2,106900,2013-05-02 00:00:00,2013-05-02 23:59:59,ALRS
31.985,31.447,31.986,31.018,1462117.1,46600,2013-05-03 00:00:00,2013-05-03 23:59:59,ALRS
31.601,31.301,31.9,31.301,2207251.1,69900,2013-05-06 00:00:00,2013-05-06 23:59:59,ALRS
31.764,31.92,31.982,31.456,11532473.8,364100,2013-05-07 00:00:00,2013-05-07 23:59:59,ALRS
31.609,31.843,32.0,31.609,3707761.1,116300,2013-05-08 00:00:00,2013-05-08 23:59:59,ALRS
31.977,31.55,32.3,31.55,2212339.8,69600,2013-05-10 00:00:00,2013-05-10 23:59:59,ALRS
31.095,31.486,31.85,31.0,3926922.0,125700,2013-05-13 00:00:00,2013-05-13 23:59:59,ALRS
31.5,31.12,31.741,31.116,705236025.8,22527900,2013-05-14 00:00:00,2013-05-14 23:59:59,ALRS
31.1,31.551,31.551,30.811,6417163.0,205000,2013-05-15 00:00:00,2013-05-15 23:59:59,ALRS
31.7,31.67,31.74,31.39,702863177.8,22366100,2013-05-16 00:00:00,2013-05-16 23:59:59,ALRS
31.389,31.996,31.997,31.155,2133674.9,67400,2013-05-17 00:00:00,2013-05-17 23:59:59,ALRS
31.601,31.65,31.8,31.55,3952200.9,124700,2013-05-20 00:00:00,2013-05-20 23:59:59,ALRS
31.6,31.683,31.988,31.5,839916966.8,26577200,2013-05-21 00:00:00,2013-05-21 23:59:59,ALRS
31.569,33.111,33.111,31.569,20668518.9,629600,2013-05-22 00:00:00,2013-05-22 23:59:59,ALRS
32.465,32.0,33.0,31.604,18995684.9,592100,2013-05-23 00:00:00,2013-05-23 23:59:59,ALRS
32.0,31.6,32.0,31.55,9566510.7,302200,2013-05-24 00:00:00,2013-05-24 23:59:59,ALRS
31.896,31.887,31.896,31.621,3019530.3,95100,2013-05-27 00:00:00,2013-05-27 23:59:59,ALRS
32.09,32.0,32.249,31.82,13679489.9,427900,2013-05-28 00:00:00,2013-05-28 23:59:59,ALRS
31.71,32.089,32.25,31.621,1443555.8,45400,2013-05-29 00:00:00,2013-05-29 23:59:59,ALRS
32.2,31.83,32.2,31.83,307927357.4,9631200,2013-05-30 00:00:00,2013-05-30 23:59:59,ALRS
32.135,32.15,32.615,31.83,22587975.3,705100,2013-05-31 00:00:00,2013-05-31 23:59:59,ALRS
32.4,32.0,32.4,31.891,27827233.7,869300,2013-06-03 00:00:00,2013-06-03 23:59:59,ALRS
32.05,33.3,33.5,31.85,112447823.4,3393700,2013-06-04 00:00:00,2013-06-04 23:59:59,ALRS
32.967,34.375,34.55,32.266,70330747.4,2092100,2013-06-05 00:00:00,2013-06-05 23:59:59,ALRS
34.45,33.75,34.95,33.75,7714924.0,227600,2013-06-06 00:00:00,2013-06-06 23:59:59,ALRS
33.922,33.85,34.5,33.567,5305609.4,156800,2013-06-07 00:00:00,2013-06-07 23:59:59,ALRS
33.999,33.847,34.45,33.75,10111914.3,298600,2013-06-10 00:00:00,2013-06-10 23:59:59,ALRS
34.1,33.0,34.294,33.0,273395921.2,8208800,2013-06-11 00:00:00,2013-06-11 23:59:59,ALRS
32.89,33.0,33.331,32.69,101594633.0,3078200,2013-06-13 00:00:00,2013-06-13 23:59:59,ALRS
33.249,33.349,33.8,33.099,5048445.9,150800,2013-06-14 00:00:00,2013-06-14 23:59:59,ALRS
33.355,33.792,34.449,33.005,31729545.0,941600,2013-06-17 00:00:00,2013-06-17 23:59:59,ALRS
33.511,33.25,34.1,33.111,7873070.9,233900,2013-06-18 00:00:00,2013-06-18 23:59:59,ALRS
33.449,33.3,33.449,32.7,37598193.1,1141000,2013-06-19 00:00:00,2013-06-19 23:59:59,ALRS
32.901,33.051,33.4,32.901,5134802.0,155200,2013-06-20 00:00:00,2013-06-20 23:59:59,ALRS
32.825,33.055,33.812,32.825,6320020.8,189000,2013-06-21 00:00:00,2013-06-21 23:59:59,ALRS
33.354,33.097,33.355,33.0,12176380.3,368700,2013-06-24 00:00:00,2013-06-24 23:59:59,ALRS
33.097,33.047,33.197,33.0,20438958.1,618700,2013-06-25 00:00:00,2013-06-25 23:59:59,ALRS
32.825,33.999,34.21,32.825,66805294.1,1979600,2013-06-26 00:00:00,2013-06-26 23:59:59,ALRS
33.9,34.072,34.68,33.503,40018093.3,1175100,2013-06-27 00:00:00,2013-06-27 23:59:59,ALRS
33.9,34.0,34.5,33.751,18776433.9,548500,2013-06-28 00:00:00,2013-06-28 23:59:59,ALRS
34.495,34.001,34.495,33.9,5412939.8,159100,2013-07-01 00:00:00,2013-07-01 23:59:59,ALRS
33.9,34.365,34.398,33.5,17227656.6,506400,2013-07-02 00:00:00,2013-07-02 23:59:59,ALRS
34.497,34.42,34.497,34.09,23157644.6,674300,2013-07-03 00:00:00,2013-07-03 23:59:59,ALRS
34.765,34.02,34.765,33.721,4171548.2,122200,2013-07-04 00:00:00,2013-07-04 23:59:59,ALRS
33.705,34.009,34.5,24.0,18293360.8,546300,2013-07-05 00:00:00,2013-07-05 23:59:59,ALRS
34.0,34.08,34.11,34.0,4777150.2,140400,2013-07-08 00:00:00,2013-07-08 23:59:59,ALRS
34.099,34.098,34.1,34.0,2855800.1,83900,2013-07-09 00:00:00,2013-07-09 23:59:59,ALRS
34.0,34.0,34.147,34.0,41926536.6,1232500,2013-07-10 00:00:00,2013-07-10 23:59:59,ALRS
34.0,34.0,34.247,34.0,26172262.6,768800,2013-07-11 00:00:00,2013-07-11 23:59:59,ALRS
34.2,33.797,34.2,33.501,15713240.0,464100,2013-07-12 00:00:00,2013-07-12 23:59:59,ALRS
33.872,33.895,33.949,33.5,4516413.8,133900,2013-07-15 00:00:00,2013-07-15 23:59:59,ALRS
33.9,33.68,33.95,33.55,4115638.8,122100,2013-07-16 00:00:00,2013-07-16 23:59:59,ALRS
33.734,33.595,33.74,33.5,5114727.4,152400,2013-07-17 00:00:00,2013-07-17 23:59:59,ALRS
33.5,33.109,33.5,33.0,5412487.0,163300,2013-07-18 00:00:00,2013-07-18 23:59:59,ALRS
33.1,33.241,33.451,33.05,2011696.0,60700,2013-07-19 00:00:00,2013-07-19 23:59:59,ALRS
33.455,33.195,33.455,33.0,10615810.3,321200,2013-07-22 00:00:00,2013-07-22 23:59:59,ALRS
33.297,33.022,33.298,33.011,2102104.7,63400,2013-07-23 00:00:00,2013-07-23 23:59:59,ALRS
33.003,33.05,33.05,32.85,56466247.8,1711100,2013-07-24 00:00:00,2013-07-24 23:59:59,ALRS
33.0,33.034,33.244,33.0,7835802.3,237300,2013-07-25 00:00:00,2013-07-25 23:59:59,ALRS
33.292,33.167,33.292,33.0,2602798.4,78800,2013-07-26 00:00:00,2013-07-26 23:59:59,ALRS
33.324,33.093,33.324,33.009,2282898.9,68700,2013-07-29 00:00:00,2013-07-29 23:59:59,ALRS
33.299,33.199,33.499,33.0,9867662.6,296100,2013-07-30 00:00:00,2013-07-30 23:59:59,ALRS
33.021,33.399,33.49,33.021,6803507.2,204600,2013-07-31 00:00:00,2013-07-31 23:59:59,ALRS
33.465,33.84,33.84,33.149,11878108.6,352500,2013-08-01 00:00:00,2013-08-01 23:59:59,ALRS
33.9,33.045,33.94,33.043,1986933.1,59800,2013-08-02 00:00:00,2013-08-02 23:59:59,ALRS
33.034,33.249,33.249,33.033,1757592.2,53000,2013-08-05 00:00:00,2013-08-05 23:59:59,ALRS
33.24,33.0,33.329,32.996,5555041.7,168300,2013-08-06 00:00:00,2013-08-06 23:59:59,ALRS
33.001,33.19,33.218,33.0,9809457.6,297100,2013-08-07 00:00:00,2013-08-07 23:59:59,ALRS
33.011,33.125,33.227,33.0,3862173.4,116900,2013-08-08 00:00:00,2013-08-08 23:59:59,ALRS
33.0,33.099,33.21,32.3,334018442.3,10334200,2013-08-09 00:00:00,2013-08-09 23:59:59,ALRS
33.1,33.099,33.1,32.85,8197295.0,248400,2013-08-12 00:00:00,2013-08-12 23:59:59,ALRS
33.19,33.248,33.49,33.0,5960241.6,180200,2013-08-13 00:00:00,2013-08-13 23:59:59,ALRS
33.27,33.247,33.27,33.0,7185287.2,216900,2013-08-14 00:00:00,2013-08-14 23:59:59,ALRS
33.287,33.0,33.289,33.0,8954065.5,271200,2013-08-15 00:00:00,2013-08-15 23:59:59,ALRS
33.0,33.0,33.238,33.0,342174488.0,10365300,2013-08-16 00:00:00,2013-08-16 23:59:59,ALRS
33.002,33.009,33.319,33.0,4773645.3,144600,2013-08-19 00:00:00,2013-08-19 23:59:59,ALRS
33.02,33.05,33.148,33.0,164599098.7,4984700,2013-08-20 00:00:00,2013-08-20 23:59:59,ALRS
33.05,33.132,33.42,33.01,4789228.1,144600,2013-08-21 00:00:00,2013-08-21 23:59:59,ALRS
33.012,33.295,33.3,33.0,6550271.0,197600,2013-08-22 00:00:00,2013-08-22 23:59:59,ALRS
33.011,33.601,34.498,33.011,22658200.8,669400,2013-08-23 00:00:00,2013-08-23 23:59:59,ALRS
33.85,33.312,34.0,33.31,7153796.8,213400,2013-08-26 00:00:00,2013-08-26 23:59:59,ALRS
33.389,33.3,33.993,33.201,6459931.2,192500,2013-08-27 00:00:00,2013-08-27 23:59:59,ALRS
33.101,33.25,33.5,33.033,5634830.0,169600,2013-08-28 00:00:00,2013-08-28 23:59:59,ALRS
33.141,33.431,33.431,33.02,4326835.1,130500,2013-08-29 00:00:00,2013-08-29 23:59:59,ALRS
33.051,33.05,33.35,33.05,9667243.9,291700,2013-08-30 00:00:00,2013-08-30 23:59:59,ALRS
33.0,33.0,33.197,32.612,22997872.7,696800,2013-09-02 00:00:00,2013-09-02 23:59:59,ALRS
33.148,33.198,33.198,32.9,41523227.5,1257800,2013-09-03 00:00:00,2013-09-03 23:59:59,ALRS
33.329,33.327,33.5,33.018,5384544.8,161400,2013-09-04 00:00:00,2013-09-04 23:59:59,ALRS
33.343,33.34,33.349,33.0,5868282.9,177200,2013-09-05 00:00:00,2013-09-05 23:59:59,ALRS
33.4,33.061,33.449,33.06,12323816.5,370500,2013-09-06 00:00:00,2013-09-06 23:59:59,ALRS
33.369,33.299,33.372,33.034,8038508.9,242400,2013-09-09 00:00:00,2013-09-09 23:59:59,ALRS
33.365,33.01,33.365,33.01,12489335.1,376400,2013-09-10 00:00:00,2013-09-10 23:59:59,ALRS
33.007,32.896,33.239,32.7,11889055.1,362000,2013-09-11 00:00:00,2013-09-11 23:59:59,ALRS
32.711,32.999,33.1,32.6,24908865.9,757200,2013-09-12 00:00:00,2013-09-12 23:59:59,ALRS
32.859,32.678,33.095,32.602,6627853.7,202200,2013-09-13 00:00:00,2013-09-13 23:59:59,ALRS
32.724,33.25,33.27,32.595,1366439118.4,41507100,2013-09-16 00:00:00,2013-09-16 23:59:59,ALRS
33.241,33.748,33.8,33.181,114455152.0,3411700,2013-09-17 00:00:00,2013-09-17 23:59:59,ALRS
33.9,35.1,35.4,33.887,84496218.1,2413900,2013-09-18 00:00:00,2013-09-18 23:59:59,ALRS
34.922,35.099,35.45,34.651,34078549.9,973900,2013-09-19 00:00:00,2013-09-19 23:59:59,ALRS
35.348,34.51,35.348,34.311,11837004.5,339700,2013-09-20 00:00:00,2013-09-20 23:59:59,ALRS
34.845,35.115,35.256,34.5,10561680.1,301900,2013-09-23 00:00:00,2013-09-23 23:59:59,ALRS
35.119,34.9,35.119,34.812,12367780.4,353900,2013-09-24 00:00:00,2013-09-24 23:59:59,ALRS
34.95,35.488,35.5,34.867,51901548.9,1479100,2013-09-25 00:00:00,2013-09-25 23:59:59,ALRS
35.143,35.5,35.5,35.024,35562441.3,1008400,2013-09-26 00:00:00,2013-09-26 23:59:59,ALRS
35.401,36.8,37.347,35.399,45756329.0,1252700,2013-09-27 00:00:00,2013-09-27 23:59:59,ALRS
36.987,36.0,37.55,35.671,24502218.0,665100,2013-09-30 00:00:00,2013-09-30 23:59:59,ALRS
35.559,36.255,36.95,35.559,17959425.8,492600,2013-10-01 00:00:00,2013-10-01 23:59:59,ALRS
36.3,38.502,39.5,36.3,110991072.3,2876100,2013-10-02 00:00:00,2013-10-02 23:59:59,ALRS
38.799,39.0,40.989,38.6,75876702.4,1938800,2013-10-03 00:00:00,2013-10-03 23:59:59,ALRS
38.941,38.7,38.942,37.751,27738779.0,725600,2013-10-04 00:00:00,2013-10-04 23:59:59,ALRS
38.7,37.652,38.7,37.6,34352488.1,905600,2013-10-07 00:00:00,2013-10-07 23:59:59,ALRS
37.621,37.777,37.85,37.518,26957647.7,714400,2013-10-08 00:00:00,2013-10-08 23:59:59,ALRS
37.6,37.0,37.776,36.997,32340229.3,868400,2013-10-09 00:00:00,2013-10-09 23:59:59,ALRS
37.0,36.88,37.097,36.75,71903514.0,1944900,2013-10-10 00:00:00,2013-10-10 23:59:59,ALRS
36.997,34.75,36.997,34.75,94396880.2,2621700,2013-10-11 00:00:00,2013-10-11 23:59:59,ALRS
34.771,34.823,35.49,34.752,32568639.9,929400,2013-10-14 00:00:00,2013-10-14 23:59:59,ALRS
35.393,35.0,35.398,34.777,52104722.5,1490900,2013-10-15 00:00:00,2013-10-15 23:59:59,ALRS
34.999,34.999,35.01,34.855,18560749.7,530500,2013-10-16 00:00:00,2013-10-16 23:59:59,ALRS
34.126,35.1,35.469,34.126,16402128.3,468400,2013-10-17 00:00:00,2013-10-17 23:59:59,ALRS
35.1,35.244,35.398,35.003,38038002.3,1079000,2013-10-18 00:00:00,2013-10-18 23:59:59,ALRS
35.418,35.003,35.48,35.0,12868201.1,366500,2013-10-21 00:00:00,2013-10-21 23:59:59,ALRS
35.39,34.96,35.39,34.96,9451137.6,270000,2013-10-22 00:00:00,2013-10-22 23:59:59,ALRS
34.951,34.85,34.981,34.58,27111675.6,778600,2013-10-23 00:00:00,2013-10-23 19:31:36,ALRS
34.656,34.9,35.0,34.656,38802970.1,1112900,2013-10-24 00:00:00,2013-10-24 23:59:59,ALRS
34.946,34.95,35.0,34.58,68929891.2,1977500,2013-10-25 00:00:00,2013-10-25 23:59:59,ALRS
34.95,35.25,35.799,34.95,1327898860.4,37784000,2013-10-28 00:00:00,2013-10-28 23:59:59,ALRS
35.224,36.153,36.153,35.011,1125724501.7,31713200,2013-10-29 00:00:00,2013-10-29 23:59:59,ALRS
36.157,37.4,38.081,36.053,1102132926.9,29626300,2013-10-30 00:00:00,2013-10-30 23:59:59,ALRS
37.4,36.219,37.635,36.032,197005399.3,5338300,2013-10-31 00:00:00,2013-10-31 23:59:59,ALRS
36.511,35.951,36.8,35.7,149276407.3,4123000,2013-11-01 00:00:00,2013-11-01 23:59:59,ALRS
36.005,35.2,36.36,35.192,172839072.4,4857100,2013-11-05 00:00:00,2013-11-05 23:59:59,ALRS
35.257,36.0,36.043,35.257,151738794.0,4257500,2013-11-06 00:00:00,2013-11-06 23:59:59,ALRS
35.75,36.1,36.1,35.695,138859929.7,3862900,2013-11-07 00:00:00,2013-11-07 23:59:59,ALRS
36.0,36.1,36.116,35.828,65508798.9,1820100,2013-11-08 00:00:00,2013-11-08 23:59:59,ALRS
36.1,36.14,36.225,35.966,39866999.3,1104200,2013-11-11 00:00:00,2013-11-11 23:59:59,ALRS
35.89,35.712,36.203,35.4,42993166.7,1203400,2013-11-12 00:00:00,2013-11-12 23:59:59,ALRS
35.325,34.753,35.514,34.753,281695717.3,8015100,2013-11-13 00:00:00,2013-11-13 23:59:59,ALRS
34.875,35.484,35.489,34.875,84885614.4,2417300,2013-11-14 00:00:00,2013-11-14 23:59:59,ALRS
35.484,35.361,35.539,35.124,98429955.2,2790400,2013-11-15 00:00:00,2013-11-15 23:59:59,ALRS
35.361,35.51,35.64,35.31,38242898.6,1077600,2013-11-18 00:00:00,2013-11-18 23:59:59,ALRS
35.644,35.75,35.898,35.253,195545999.0,5481100,2013-11-19 00:00:00,2013-11-19 23:59:59,ALRS
